fieldID,area,treatment,TotalN
4686,0.558407339,flo,1.348322086
4686,0.558407339,flo_buff,0.674065986
4686,0.558407339,flo_buff_fence,0.652876687
4686,0.558407339,flo_fence,0.673920274
4686,0.558407339,spr,0.9260589
4686,0.558407339,spr_buff,0.905249118
4686,0.558407339,spr_buff_fence,0.884059819
4686,0.558407339,spr_fence,0.904869601
4687,0.645059551,flo,1.11461738
4687,0.645059551,flo_buff,0.329848934
4687,0.645059551,flo_buff_fence,0.308659635
4687,0.645059551,flo_fence,0.335693193
4687,0.645059551,spr,0.571652846
4687,0.645059551,spr_buff,0.545101165
4687,0.645059551,spr_buff_fence,0.523911866
4687,0.645059551,spr_fence,0.550463547
4688,0.722966097,flo,1.020645073
4688,0.722966097,flo_buff,0.25818935
4688,0.722966097,flo_buff_fence,0.237000051
4688,0.722966097,flo_fence,0.265796025
4688,0.722966097,spr,0.49105687
4688,0.722966097,spr_buff,0.462625519
4688,0.722966097,spr_buff_fence,0.44143622
4688,0.722966097,spr_fence,0.469867571
4689,0.242156157,flo,1.03224579
4689,0.242156157,flo_buff,0.280400922
4689,0.242156157,flo_buff_fence,0.259211623
4689,0.242156157,flo_fence,0.288812093
4689,0.242156157,spr,0.49213734
4689,0.242156157,spr_buff,0.462916046
4689,0.242156157,spr_buff_fence,0.441726747
4689,0.242156157,spr_fence,0.470948041
4690,0.257063889,flo,1.124817212
4690,0.257063889,flo_buff,0.34636535
4690,0.257063889,flo_buff_fence,0.325176051
4690,0.257063889,flo_fence,0.352718494
4690,0.257063889,spr,0.572456585
4690,0.257063889,spr_buff,0.545356533
4690,0.257063889,spr_buff_fence,0.524167234
4690,0.257063889,spr_fence,0.551267286
4691,0.84024728,flo,1.093642598
4691,0.84024728,flo_buff,0.319668103
4691,0.84024728,flo_buff_fence,0.298478804
4691,0.84024728,flo_fence,0.326377147
4691,0.84024728,spr,0.54983612
4691,0.84024728,spr_buff,0.522399191
4691,0.84024728,spr_buff_fence,0.501209892
4691,0.84024728,spr_fence,0.528646821
4692,0.483199182,flo,1.014143742
4692,0.483199182,flo_buff,0.263764543
4692,0.483199182,flo_buff_fence,0.242575244
4692,0.483199182,flo_fence,0.272285186
4692,0.483199182,spr,0.481972007
4692,0.483199182,spr_buff,0.452635121
4692,0.483199182,spr_buff_fence,0.873872255
4692,0.483199182,spr_fence,0.460782708
4693,0.899769084,flo,1.267141819
4693,0.899769084,flo_buff,0.47149702
4693,0.899769084,flo_buff_fence,0.450307721
4693,0.899769084,flo_fence,0.476446067
4693,0.899769084,spr,0.647010604
4693,0.899769084,spr_buff,0.621285741
4693,0.899769084,spr_buff_fence,0.600096442
4693,0.899769084,spr_fence,0.625821305
4694,0.680573902,flo,1.338362582
4694,0.680573902,flo_buff,0.528886531
4694,0.680573902,flo_buff_fence,0.507697231
4694,0.680573902,flo_fence,0.532661492
4694,0.680573902,spr,0.717460863
4694,0.680573902,spr_buff,0.692998455
4694,0.680573902,spr_buff_fence,0.671809156
4694,0.680573902,spr_fence,0.696271564
4695,1.504916482,flo,1.219935006
4695,1.504916482,flo_buff,0.430616926
4695,1.504916482,flo_buff_fence,0.409427627
4695,1.504916482,flo_fence,0.436089663
4695,1.504916482,spr,0.610747572
4695,1.504916482,spr_buff,0.584442949
4695,1.504916482,spr_buff_fence,0.56325365
4695,1.504916482,spr_fence,0.589558273
4696,0.551102179,flo,1.280986108
4696,0.551102179,flo_buff,0.481093728
4696,0.551102179,flo_buff_fence,0.84549294
4696,0.551102179,flo_fence,0.485686518
4696,0.551102179,spr,0.659898087
4696,0.551102179,spr_buff,0.634418591
4696,0.551102179,spr_buff_fence,0.613229292
4696,0.551102179,spr_fence,0.638708788
4697,1.006234928,flo,1.960734377
4697,1.006234928,flo_buff,1.089083161
4697,1.006234928,flo_buff_fence,1.067893862
4697,1.006234928,flo_fence,1.087046457
4697,1.006234928,spr,1.297653509
4697,1.006234928,spr_buff,1.278771207
4697,1.006234928,spr_buff_fence,1.257581908
4697,1.006234928,spr_fence,1.27646421
4698,0.300697633,flo,1.136213831
4698,0.300697633,flo_buff,0.348976859
4698,0.300697633,flo_buff_fence,0.32778756
4698,0.300697633,flo_fence,0.354620061
4698,0.300697633,spr,0.532012836
4698,0.300697633,spr_buff,0.505217351
4698,0.300697633,spr_buff_fence,0.484028052
4698,0.300697633,spr_fence,0.510823537
4699,0.396743183,flo,1.757090016
4699,0.396743183,flo_buff,0.895379297
4699,0.396743183,flo_buff_fence,0.874189998
4699,0.396743183,flo_fence,0.89433402
4699,0.396743183,spr,1.086728098
4699,0.396743183,spr_buff,1.066838046
4699,0.396743183,spr_buff_fence,1.045648747
4699,0.396743183,spr_fence,1.065538799
4700,1.242240697,flo,1.281748993
4700,1.242240697,flo_buff,0.479250497
4700,1.242240697,flo_buff_fence,0.458061198
4700,1.242240697,flo_fence,0.483622828
4700,1.242240697,spr,0.664163268
4700,1.242240697,spr_buff,0.639012621
4700,1.242240697,spr_buff_fence,0.617823322
4700,1.242240697,spr_fence,0.883976111
4702,1.55086648,flo,1.334436806
4702,1.55086648,flo_buff,0.539250782
4702,1.55086648,flo_buff_fence,0.518061483
4702,1.55086648,flo_fence,0.544238082
4702,1.55086648,spr,0.667765458
4702,1.55086648,spr_buff,0.64186315
4702,1.55086648,spr_buff_fence,0.620673851
4702,1.55086648,spr_fence,0.646576159
4703,1.243826508,flo,1.233789224
4703,1.243826508,flo_buff,0.459920516
4703,1.243826508,flo_buff_fence,0.86213796
4703,1.243826508,flo_fence,0.466637921
4703,1.243826508,spr,0.587448289
4703,1.243826508,spr_buff,0.559707327
4703,1.243826508,spr_buff_fence,0.538518028
4703,1.243826508,spr_fence,0.56625899
4704,0.861575628,flo,1.236417026
4704,0.861575628,flo_buff,0.46115694
4704,0.861575628,flo_buff_fence,0.439967641
4704,0.861575628,flo_fence,0.467764199
4704,0.861575628,spr,0.591279009
4704,0.861575628,spr_buff,0.563590644
4704,0.861575628,spr_buff_fence,0.542401345
4704,0.861575628,spr_fence,0.57008971
4705,0.745185694,flo,1.197925075
4705,0.745185694,flo_buff,0.431940884
4705,0.745185694,flo_buff_fence,0.410751584
4705,0.745185694,flo_fence,0.439275314
4705,0.745185694,spr,0.562049249
4705,0.745185694,spr_buff,0.533690691
4705,0.745185694,spr_buff_fence,0.512501392
4705,0.745185694,spr_fence,0.54085995
4706,1.299431024,flo,1.293183209
4706,1.299431024,flo_buff,0.505948843
4706,1.299431024,flo_buff_fence,0.484759544
4706,1.299431024,flo_fence,0.511592258
4706,1.299431024,spr,0.633610519
4706,1.299431024,spr_buff,0.607012894
4706,1.299431024,spr_buff_fence,0.585823595
4706,1.299431024,spr_fence,0.612421219
4707,0.75679048,flo,1.237022375
4707,0.75679048,flo_buff,0.463469134
4707,0.75679048,flo_buff_fence,0.442279835
4707,0.75679048,flo_fence,0.470211459
4707,0.75679048,spr,0.585050931
4707,0.75679048,spr_buff,0.557379277
4707,0.75679048,spr_buff_fence,0.536189978
4707,0.75679048,spr_fence,0.563861632
4708,0.866120089,flo,1.504452269
4708,0.866120089,flo_buff,0.678151112
4708,0.866120089,flo_buff_fence,0.656961813
4708,0.866120089,flo_fence,0.680441977
4708,0.866120089,spr,0.817904668
4708,0.866120089,spr_buff,0.79474418
4708,0.866120089,spr_buff_fence,0.773554881
4708,0.866120089,spr_fence,0.796715369
4709,1.035765836,flo,1.228615935
4709,1.035765836,flo_buff,0.4339572
4709,1.035765836,flo_buff_fence,0.412767901
4709,1.035765836,flo_fence,0.438988413
4709,1.035765836,spr,0.635605387
4709,1.035765836,spr_buff,0.609878617
4709,1.035765836,spr_buff_fence,0.588689318
4709,1.035765836,spr_fence,0.614416088
4710,1.108416175,flo,1.329415607
4710,1.108416175,flo_buff,0.516622198
4710,1.108416175,flo_buff_fence,0.495432899
4710,1.108416175,flo_fence,0.520109473
4710,1.108416175,spr,0.718984244
4710,1.108416175,spr_buff,0.694669799
4710,1.108416175,spr_buff_fence,0.6734805
4710,1.108416175,spr_fence,0.697794945
4711,0.706921657,flo,1.170719508
4711,0.706921657,flo_buff,0.386574178
4711,0.706921657,flo_buff_fence,0.365384879
4711,0.706921657,flo_fence,0.392468994
4711,0.706921657,spr,0.58260433
4711,0.706921657,spr_buff,0.555945506
4711,0.706921657,spr_buff_fence,0.872672998
4711,0.706921657,spr_fence,0.561415031
4712,1.278099381,flo,1.224109283
4712,1.278099381,flo_buff,0.429000572
4712,1.278099381,flo_buff_fence,0.407811273
4712,1.278099381,flo_fence,0.433994314
4712,1.278099381,spr,0.637442523
4712,1.278099381,spr_buff,0.611879962
4712,1.278099381,spr_buff_fence,0.590690663
4712,1.278099381,spr_fence,0.616253224
4713,0.719535125,flo,1.226725884
4713,0.719535125,flo_buff,0.432796393
4713,0.719535125,flo_buff_fence,0.411607094
4713,0.719535125,flo_fence,0.437888241
4713,0.719535125,spr,0.633657437
4713,0.719535125,spr_buff,0.607905793
4713,0.719535125,spr_buff_fence,0.586716494
4713,0.719535125,spr_fence,0.612468138
4714,0.804346644,flo,1.26300437
4714,0.804346644,flo_buff,0.453466824
4714,0.804346644,flo_buff_fence,0.432277525
4714,0.804346644,flo_fence,0.457236475
4714,0.804346644,spr,0.687239311
4714,0.804346644,spr_buff,0.662957269
4714,0.804346644,spr_buff_fence,0.64176797
4714,0.804346644,spr_fence,0.666050012
4715,0.901604878,flo,1.120033529
4715,0.901604878,flo_buff,0.336113974
4715,0.901604878,flo_buff_fence,0.314924675
4715,0.901604878,flo_fence,0.342027089
4715,0.901604878,spr,0.563705436
4715,0.901604878,spr_buff,0.53717923
4715,0.901604878,spr_buff_fence,0.515989931
4715,0.901604878,spr_fence,0.542516137
4716,0.135533354,flo,1.12377406
4716,0.135533354,flo_buff,0.34008139
4716,0.135533354,flo_buff_fence,0.318892091
4716,0.135533354,flo_fence,0.346012884
4716,0.135533354,spr,0.566093104
4716,0.135533354,spr_buff,0.53944089
4716,0.135533354,spr_buff_fence,0.518251591
4716,0.135533354,spr_fence,0.544903804
4717,-0.415183858,flo,1.07358309
4717,-0.415183858,flo_buff,0.299258493
4717,-0.415183858,flo_buff_fence,0.278069194
4717,-0.415183858,flo_fence,0.30593985
4717,-0.415183858,spr,0.528225221
4717,-0.415183858,spr_buff,0.500796402
4717,-0.415183858,spr_buff_fence,0.479607103
4717,-0.415183858,spr_fence,0.507035922
4718,0.558574182,flo,1.078343131
4718,0.558574182,flo_buff,0.303407895
4718,0.558574182,flo_buff_fence,0.282218595
4718,0.558574182,flo_fence,0.310040904
4718,0.558574182,spr,0.531749418
4718,0.558574182,spr_buff,0.504322382
4718,0.558574182,spr_buff_fence,0.483133083
4718,0.558574182,spr_fence,0.510560119
4719,0.461342429,flo,1.037125266
4719,0.461342429,flo_buff,0.271839342
4719,0.461342429,flo_buff_fence,0.250650043
4719,0.461342429,flo_fence,0.279227838
4719,0.461342429,spr,0.499920565
4719,0.461342429,spr_buff,0.471822603
4719,0.461342429,spr_buff_fence,0.450633304
4719,0.461342429,spr_fence,0.478731266
4720,0.907126396,flo,1.038505716
4720,0.907126396,flo_buff,0.272331049
4720,0.907126396,flo_buff_fence,0.25114175
4720,0.907126396,flo_fence,0.279650715
4720,0.907126396,spr,0.504483241
4720,0.907126396,spr_buff,0.476488524
4720,0.907126396,spr_buff_fence,0.455299224
4720,0.907126396,spr_fence,0.483293942
4721,0.41287868,flo,1.084215093
4721,0.41287868,flo_buff,0.307422486
4721,0.41287868,flo_buff_fence,0.286233187
4721,0.41287868,flo_fence,0.313907984
4721,0.41287868,spr,0.536950258
4721,0.41287868,spr_buff,0.509728998
4721,0.41287868,spr_buff_fence,0.488539699
4721,0.41287868,spr_fence,0.515760959
4722,0.40532245,flo,1.17058055
4722,0.40532245,flo_buff,0.376012958
4722,0.40532245,flo_buff_fence,0.354823659
4722,0.40532245,flo_fence,0.381051754
4722,0.40532245,spr,0.612734164
4722,0.40532245,spr_buff,0.587139267
4722,0.40532245,spr_buff_fence,0.565949968
4722,0.40532245,spr_fence,0.591544865
4723,0.261091497,flo,1.134392487
4723,0.261091497,flo_buff,0.347206871
4723,0.261091497,flo_buff_fence,0.326017572
4723,0.261091497,flo_fence,0.352854269
4723,0.261091497,spr,0.564868838
4723,0.261091497,spr_buff,0.538546397
4723,0.261091497,spr_buff_fence,0.517357098
4723,0.261091497,spr_fence,0.543679539
4724,0.46062576,flo,1.120574739
4724,0.46062576,flo_buff,0.335768608
4724,0.46062576,flo_buff_fence,0.314579309
4724,0.46062576,flo_fence,0.341609807
4724,0.46062576,spr,0.558480297
4724,0.46062576,spr_buff,0.531967541
4724,0.46062576,spr_buff_fence,0.510778242
4724,0.46062576,spr_fence,0.537290998
4725,0.386625579,flo,1.114657068
4725,0.386625579,flo_buff,0.331419316
4725,0.386625579,flo_buff_fence,0.310230017
4725,0.386625579,flo_fence,0.337387628
4725,0.386625579,spr,0.549213188
4725,0.386625579,spr_buff,0.522473186
4725,0.386625579,spr_buff_fence,0.501283886
4725,0.386625579,spr_fence,0.528023889
4726,0.7778044,flo,1.237649686
4726,0.7778044,flo_buff,0.431942941
4726,0.7778044,flo_buff_fence,0.410753642
4726,0.7778044,flo_fence,0.436041898
4726,0.7778044,spr,0.664728916
4726,0.7778044,spr_buff,0.63998973
4726,0.7778044,spr_buff_fence,0.618800431
4726,0.7778044,spr_fence,0.643539617
4727,1.817895097,flo,1.263994518
4727,1.817895097,flo_buff,0.454255963
4727,1.817895097,flo_buff_fence,0.433066664
4727,1.817895097,flo_fence,0.458008246
4727,1.817895097,spr,0.693063676
4727,1.817895097,spr_buff,0.668882816
4727,1.817895097,spr_buff_fence,0.647693517
4727,1.817895097,spr_fence,0.671874377
4728,0.497859481,flo,1.27931659
4728,0.497859481,flo_buff,0.563195294
4728,0.497859481,flo_buff_fence,0.542005995
4728,0.497859481,flo_fence,0.574164998
4728,0.497859481,spr,0.586817789
4728,0.497859481,spr_buff,0.554890113
4728,0.497859481,spr_buff_fence,0.533700814
4728,0.497859481,spr_fence,0.56562849
4732,1.540022732,flo,1.035782987
4732,1.540022732,flo_buff,0.247674494
4732,1.540022732,flo_buff_fence,0.226485195
4732,1.540022732,flo_fence,0.253246417
4732,1.540022732,spr,0.536775263
4732,1.540022732,spr_buff,0.510944798
4732,1.540022732,spr_buff_fence,0.489755499
4732,1.540022732,spr_fence,0.515585964
4734,1.399235746,flo,1.363110576
4734,1.399235746,flo_buff,0.52609226
4734,1.399235746,flo_buff_fence,0.504902961
4734,1.399235746,flo_fence,0.527404604
4734,1.399235746,spr,0.847996026
4734,1.399235746,spr_buff,0.826477738
4734,1.399235746,spr_buff_fence,0.805288439
4734,1.399235746,spr_fence,0.826806727
4735,0.329157781,flo,1.337529601
4735,0.329157781,flo_buff,0.499770464
4735,0.329157781,flo_buff_fence,0.478581165
4735,0.329157781,flo_fence,0.501014189
4735,0.329157781,spr,0.873985283
4735,0.329157781,spr_buff,0.853036942
4735,0.329157781,spr_buff_fence,0.831847643
4735,0.329157781,spr_fence,0.852795984
4736,0.628199843,flo,1.516039982
4736,0.628199843,flo_buff,0.661346305
4736,0.628199843,flo_buff_fence,0.640157006
4736,0.628199843,flo_fence,0.66098602
4736,0.628199843,spr,1.019417806
4736,0.628199843,spr_buff,0.999517448
4736,0.628199843,spr_buff_fence,0.978328149
4736,0.628199843,spr_fence,0.998228507
4737,0.733771663,flo,1.409123224
4737,0.733771663,flo_buff,0.564159138
4737,0.733771663,flo_buff_fence,0.542969839
4737,0.733771663,flo_fence,0.564728781
4737,0.733771663,spr,0.928627814
4737,0.733771663,spr_buff,0.908042424
4737,0.733771663,spr_buff_fence,0.886853125
4737,0.733771663,spr_fence,0.907438515
4738,1.222399086,flo,1.288897474
4738,1.222399086,flo_buff,0.455606329
4738,1.222399086,flo_buff_fence,0.43441703
4738,1.222399086,flo_fence,0.457261973
4738,1.222399086,spr,0.865090803
4738,1.222399086,spr_buff,0.844086825
4738,1.222399086,spr_buff_fence,0.822897526
4738,1.222399086,spr_fence,0.843901504
4739,0.702290057,flo,1.226001504
4739,0.702290057,flo_buff,0.401610057
4739,0.702290057,flo_buff_fence,0.380420758
4739,0.702290057,flo_fence,0.404072539
4739,0.702290057,spr,0.81347498
4739,0.702290057,spr_buff,0.791987524
4739,0.702290057,spr_buff_fence,0.770798224
4739,0.702290057,spr_fence,0.792285681
4740,0.927043749,flo,1.735621427
4740,0.927043749,flo_buff,0.868521276
4740,0.927043749,flo_buff_fence,0.847331977
4740,0.927043749,flo_fence,0.866941577
4740,0.927043749,spr,1.229958965
4740,0.927043749,spr_buff,1.210891954
4740,0.927043749,spr_buff_fence,1.189702655
4740,0.927043749,spr_fence,1.208769666
4741,1.474868673,flo,1.123334366
4741,1.474868673,flo_buff,0.312089595
4741,1.474868673,flo_buff_fence,0.290900296
4741,1.474868673,flo_fence,0.315711467
4741,1.474868673,spr,0.639719448
4741,1.474868673,spr_buff,0.616116745
4741,1.474868673,spr_buff_fence,0.594927445
4741,1.474868673,spr_fence,0.618530149
4742,0.605812325,flo,1.256723734
4742,0.605812325,flo_buff,0.437933237
4742,0.605812325,flo_buff_fence,0.416743938
4742,0.605812325,flo_fence,0.440894334
4742,0.605812325,spr,0.735064706
4742,0.605812325,spr_buff,0.712130515
4742,0.605812325,spr_buff_fence,0.690941216
4742,0.605812325,spr_fence,0.713875407
4743,0.893787275,flo,0.974911325
4743,0.893787275,flo_buff,0.20697647
4743,0.893787275,flo_buff_fence,0.185787171
4743,0.893787275,flo_fence,0.214159368
4743,0.893787275,spr,0.479374383
4743,0.893787275,spr_buff,0.45204054
4743,0.893787275,spr_buff_fence,0.854772701
4743,0.893787275,spr_fence,0.458185084
4744,0.687515584,flo,1.169647873
4744,0.687515584,flo_buff,0.352654196
4744,0.687515584,flo_buff_fence,0.331464897
4744,0.687515584,flo_fence,0.355773774
4744,0.687515584,spr,0.713656518
4744,0.687515584,spr_buff,0.691100889
4744,0.687515584,spr_buff_fence,0.66991159
4744,0.687515584,spr_fence,0.692467219
4746,0.46665116,flo,1.255119608
4746,0.46665116,flo_buff,0.42696932
4746,0.46665116,flo_buff_fence,0.405780021
4746,0.46665116,flo_fence,0.429093227
4746,0.46665116,spr,0.803289771
4746,0.46665116,spr_buff,0.781727177
4746,0.46665116,spr_buff_fence,0.760537878
4746,0.46665116,spr_fence,0.782100472
4748,0.955822394,flo,1.532288289
4748,0.955822394,flo_buff,0.676915326
4748,0.955822394,flo_buff_fence,0.655726027
4748,0.955822394,flo_fence,0.67648926
4748,0.955822394,spr,1.044163405
4748,0.955822394,spr_buff,1.024364631
4748,0.955822394,spr_buff_fence,1.003175332
4748,0.955822394,spr_fence,1.022974107
4750,0.567862372,flo,1.833544029
4750,0.567862372,flo_buff,0.961488159
4750,0.567862372,flo_buff_fence,0.94029886
4750,0.567862372,flo_fence,0.959410565
4750,0.567862372,spr,1.278891244
4750,0.567862372,spr_buff,1.260198133
4750,0.567862372,spr_buff_fence,1.239008834
4750,0.567862372,spr_fence,1.257701945
4752,0.70047786,flo,1.641236267
4752,0.70047786,flo_buff,0.780503499
4752,0.70047786,flo_buff_fence,0.7593142
4752,0.70047786,flo_fence,0.779554419
4752,0.70047786,spr,1.1440016
4752,0.70047786,spr_buff,1.124654709
4752,0.70047786,spr_buff_fence,1.10346541
4752,0.70047786,spr_fence,1.122812301
4753,0.993114689,flo,1.863398399
4753,0.993114689,flo_buff,0.993488048
4753,0.993114689,flo_buff_fence,0.972298749
4753,0.993114689,flo_fence,0.991626779
4753,0.993114689,spr,1.321562112
4753,0.993114689,spr_buff,1.302805685
4753,0.993114689,spr_buff_fence,1.281616386
4753,0.993114689,spr_fence,1.300372813
4754,0.82797828,flo,1.504404096
4754,0.82797828,flo_buff,0.660027607
4754,0.82797828,flo_buff_fence,0.638838308
4754,0.82797828,flo_fence,0.660652684
4754,0.82797828,spr,0.96324205
4754,0.82797828,spr_buff,0.942470973
4754,0.82797828,spr_buff_fence,0.921281674
4754,0.82797828,spr_fence,0.94205275
4755,0.270219848,flo,1.864786506
4755,0.270219848,flo_buff,0.996424447
4755,0.270219848,flo_buff_fence,0.975235148
4755,0.270219848,flo_fence,0.994718558
4755,0.270219848,spr,1.285185771
4755,0.270219848,spr_buff,1.266212386
4755,0.270219848,spr_buff_fence,1.245023087
4755,0.270219848,spr_fence,1.263996472
4756,0.054279738,flo,1.352834145
4756,0.054279738,flo_buff,0.522574377
4756,0.054279738,flo_buff_fence,0.501385078
4756,0.054279738,flo_fence,0.52450687
4756,0.054279738,spr,0.804412667
4756,0.054279738,spr_buff,0.782242509
4756,0.054279738,spr_buff_fence,0.76105321
4756,0.054279738,spr_fence,0.783223368
4757,1.230576636,flo,1.310705224
4757,1.230576636,flo_buff,0.506877292
4757,1.230576636,flo_buff_fence,0.485687993
4757,1.230576636,flo_fence,0.511136608
4757,1.230576636,spr,0.685027983
4757,1.230576636,spr_buff,0.660000347
4757,1.230576636,spr_buff_fence,0.638811048
4757,1.230576636,spr_fence,0.663838684
4758,0.706280708,flo,1.489873293
4758,0.706280708,flo_buff,0.659384125
4758,0.706280708,flo_buff_fence,0.638194826
4758,0.706280708,flo_fence,0.661295741
4758,0.706280708,spr,0.849424627
4758,0.706280708,spr_buff,0.826764821
4758,0.706280708,spr_buff_fence,0.805575522
4758,0.706280708,spr_fence,0.828235328
4759,0.855024614,flo,1.47077115
4759,0.855024614,flo_buff,0.64234623
4759,0.855024614,flo_buff_fence,0.621156931
4759,0.855024614,flo_fence,0.644445275
4759,0.855024614,spr,0.832896693
4759,0.855024614,spr_buff,0.81000933
4759,0.855024614,spr_buff_fence,0.788820031
4759,0.855024614,spr_fence,0.811707394
4760,0.745727305,flo,1.407596381
4760,0.745727305,flo_buff,0.585026706
4760,0.745727305,flo_buff_fence,0.563837407
4760,0.745727305,flo_fence,0.587652137
4760,0.745727305,spr,0.779691752
4760,0.745727305,spr_buff,0.756338929
4760,0.745727305,spr_buff_fence,0.73514963
4760,0.745727305,spr_fence,0.758502453
4762,1.726643275,flo,1.539166984
4762,1.726643275,flo_buff,0.709952428
4762,1.726643275,flo_buff_fence,0.688763129
4762,1.726643275,flo_fence,0.71197989
4762,1.726643275,spr,0.852751923
4762,1.726643275,spr_buff,0.829887786
4762,1.726643275,spr_buff_fence,0.808698487
4762,1.726643275,spr_fence,0.831562624
4764,1.293987577,flo,1.49332149
4764,1.293987577,flo_buff,0.671947897
4764,1.293987577,flo_buff_fence,0.650758598
4764,1.293987577,flo_fence,0.674679908
4764,1.293987577,spr,0.80866942
4764,1.293987577,spr_buff,0.785143867
4764,1.293987577,spr_buff_fence,0.763954568
4764,1.293987577,spr_fence,0.787480121
4765,0.652494853,flo,1.190192951
4765,0.652494853,flo_buff,0.427856301
4765,0.652494853,flo_buff_fence,0.406667002
4765,0.652494853,flo_fence,0.435472121
4765,0.652494853,spr,0.555383562
4765,0.652494853,spr_buff,0.526719571
4765,0.652494853,spr_buff_fence,0.505530272
4765,0.652494853,spr_fence,0.534194263
4772,0.361106161,flo,1.473840993
4772,0.361106161,flo_buff,0.653060493
4772,0.361106161,flo_buff_fence,0.631871194
4772,0.361106161,flo_fence,0.655845235
4772,0.361106161,spr,0.784715597
4772,0.361106161,spr_buff,0.761050655
4772,0.361106161,spr_buff_fence,0.739861356
4772,0.361106161,spr_fence,0.763526297
4775,0.81871865,flo,1.240519759
4775,0.81871865,flo_buff,0.433398572
4775,0.81871865,flo_buff_fence,0.412209273
4775,0.81871865,flo_fence,0.437376306
4775,0.81871865,spr,0.676274044
4775,0.81871865,spr_buff,0.651768524
4775,0.81871865,spr_buff_fence,0.630579224
4775,0.81871865,spr_fence,0.655084745
4776,1.153052275,flo,1.06830249
4776,1.153052275,flo_buff,0.296187578
4776,1.153052275,flo_buff_fence,0.274998279
4776,1.153052275,flo_fence,0.303043278
4776,1.153052275,spr,0.522649945
4776,1.153052275,spr_buff,0.495050521
4776,1.153052275,spr_buff_fence,0.473861222
4776,1.153052275,spr_fence,0.501460646
4778,0.383032212,flo,1.389294225
4778,0.383032212,flo_buff,0.570444445
4778,0.383032212,flo_buff_fence,0.549255146
4778,0.383032212,flo_fence,0.573400301
4778,0.383032212,spr,0.758399668
4778,0.383032212,spr_buff,0.734697538
4778,0.383032212,spr_buff_fence,0.713508239
4778,0.383032212,spr_fence,0.737210369
4780,0.678436429,flo,1.398634715
4780,0.678436429,flo_buff,0.571865055
4780,0.678436429,flo_buff_fence,0.550675756
4780,0.678436429,flo_fence,0.574113692
4780,0.678436429,spr,0.799715058
4780,0.678436429,spr_buff,0.776926098
4780,0.678436429,spr_buff_fence,0.755736799
4780,0.678436429,spr_fence,0.778525759
4787,1.789567317,flo,1.54274089
4787,1.789567317,flo_buff,0.707646658
4787,1.789567317,flo_buff_fence,0.686457359
4787,1.789567317,flo_fence,0.709136626
4787,1.789567317,spr,0.86998625
4787,1.789567317,spr_buff,0.847908259
4787,1.789567317,spr_buff_fence,0.82671896
4787,1.789567317,spr_fence,0.848796951
4788,1.618133901,flo,1.274513417
4788,1.618133901,flo_buff,0.484697869
4788,1.618133901,flo_buff_fence,0.463508569
4788,1.618133901,flo_fence,0.490129726
4788,1.618133901,spr,0.594001104
4788,1.618133901,spr_buff,0.567816083
4788,1.618133901,spr_buff_fence,0.546626783
4788,1.618133901,spr_fence,0.572811805
4789,1.471247692,flo,1.331086727
4789,1.471247692,flo_buff,0.614221306
4789,1.471247692,flo_buff_fence,0.593032007
4789,1.471247692,flo_fence,0.62513998
4789,1.471247692,spr,0.634911069
4789,1.471247692,spr_buff,0.602688304
4789,1.471247692,spr_buff_fence,0.581499005
4789,1.471247692,spr_fence,0.61372177
4790,1.90561781,flo,1.202262588
4790,1.90561781,flo_buff,0.439704062
4790,1.90561781,flo_buff_fence,0.418514763
4790,1.90561781,flo_fence,0.447302838
4790,1.90561781,spr,0.56474241
4790,1.90561781,spr_buff,0.536187289
4790,1.90561781,spr_buff_fence,0.51499799
4790,1.90561781,spr_fence,0.543553111
4791,1.647064958,flo,1.42953406
4791,1.647064958,flo_buff,0.612115411
4791,1.647064958,flo_buff_fence,0.590926112
4791,1.647064958,flo_fence,0.615197571
4791,1.647064958,spr,0.740676403
4791,1.647064958,spr_buff,0.716762086
4791,1.647064958,spr_buff_fence,0.695572787
4791,1.647064958,spr_fence,0.719487104
4792,1.915636179,flo,1.59603215
4792,1.915636179,flo_buff,0.756862554
4792,1.915636179,flo_buff_fence,0.735673255
4792,1.915636179,flo_fence,0.757975279
4792,1.915636179,spr,0.884352475
4792,1.915636179,spr_buff,0.862508884
4792,1.915636179,spr_buff_fence,0.841319585
4792,1.915636179,spr_fence,0.863163176
4793,1.805323434,flo,1.237344847
4793,1.805323434,flo_buff,0.410286839
4793,1.805323434,flo_buff_fence,0.389097539
4793,1.805323434,flo_fence,0.412509461
4793,1.805323434,spr,0.696061925
4793,1.805323434,spr_buff,0.673598107
4793,1.805323434,spr_buff_fence,0.652408808
4793,1.805323434,spr_fence,0.674872626
4795,1.605414953,flo,1.72352447
4795,1.605414953,flo_buff,0.854736189
4795,1.605414953,flo_buff_fence,0.83354689
4795,1.605414953,flo_fence,0.852987587
4795,1.605414953,spr,1.149124288
4795,1.605414953,spr_buff,1.130170908
4795,1.605414953,spr_buff_fence,1.108981609
4795,1.605414953,spr_fence,1.12793499
4796,2.148633498,flo,1.495911622
4796,2.148633498,flo_buff,0.644856027
4796,2.148633498,flo_buff_fence,0.623666728
4796,2.148633498,flo_fence,0.644846134
4796,2.148633498,spr,0.958155831
4796,2.148633498,spr_buff,0.937854711
4796,2.148633498,spr_buff_fence,0.916665412
4796,2.148633498,spr_fence,0.936966532
4797,2.048663167,flo,1.327540418
4797,2.048663167,flo_buff,0.488089998
4797,2.048663167,flo_buff_fence,0.466900699
4797,2.048663167,flo_fence,0.489176586
4797,2.048663167,spr,0.793418405
4797,2.048663167,spr_buff,0.772134803
4797,2.048663167,spr_buff_fence,0.750945503
4797,2.048663167,spr_fence,0.772229106
4798,1.610792134,flo,1.482171909
4798,1.610792134,flo_buff,0.633636779
4798,1.610792134,flo_buff_fence,0.61244748
4798,1.610792134,flo_fence,0.633867759
4798,1.610792134,spr,0.941615463
4798,1.610792134,spr_buff,0.921097436
4798,1.610792134,spr_buff_fence,0.899908136
4798,1.610792134,spr_fence,0.920426164
4799,1.442060951,flo,1.317030205
4799,1.442060951,flo_buff,0.49382201
4799,1.442060951,flo_buff_fence,0.472632711
4799,1.442060951,flo_fence,0.496390413
4799,1.442060951,spr,0.759181294
4799,1.442060951,spr_buff,0.736457228
4799,1.442060951,spr_buff_fence,0.715267928
4799,1.442060951,spr_fence,0.737991995
4804,1.60638889,flo,1.244809422
4804,1.60638889,flo_buff,0.425024291
4804,1.60638889,flo_buff_fence,0.403834992
4804,1.60638889,flo_fence,0.427897352
4804,1.60638889,spr,0.714732146
4804,1.60638889,spr_buff,0.691780563
4804,1.60638889,spr_buff_fence,0.670591264
4804,1.60638889,spr_fence,0.693542847
4805,1.150200556,flo,1.304348796
4805,1.150200556,flo_buff,0.479138441
4805,1.150200556,flo_buff_fence,0.457949141
4805,1.150200556,flo_fence,0.481527432
4805,1.150200556,spr,0.75806832
4805,1.150200556,spr_buff,0.735571093
4805,1.150200556,spr_buff_fence,0.714381794
4805,1.150200556,spr_fence,0.736879021
4806,1.055970495,flo,1.132758222
4806,1.055970495,flo_buff,0.326386049
4806,1.055970495,flo_buff_fence,0.30519675
4806,1.055970495,flo_fence,0.33042803
4806,1.055970495,spr,0.609662368
4806,1.055970495,spr_buff,0.58530246
4806,1.055970495,spr_buff_fence,0.564113161
4806,1.055970495,spr_fence,0.588473069
4807,1.103772943,flo,1.511680891
4807,1.103772943,flo_buff,0.661777824
4807,1.103772943,flo_buff_fence,0.640588525
4807,1.103772943,flo_fence,0.661878266
4807,1.103772943,spr,0.961655882
4807,1.103772943,spr_buff,0.941285133
4807,1.103772943,spr_buff_fence,0.920095834
4807,1.103772943,spr_fence,0.940466583
4808,1.014133954,flo,1.66191041
4808,1.014133954,flo_buff,0.802768929
4808,1.014133954,flo_buff_fence,0.78157963
4808,1.014133954,flo_fence,0.801975868
4808,1.014133954,spr,1.087289749
4808,1.014133954,spr_buff,1.067616407
4808,1.014133954,spr_buff_fence,1.046427108
4808,1.014133954,spr_fence,1.066100449
4811,1.02821326,flo,1.490271586
4811,1.02821326,flo_buff,0.644178026
4811,1.02821326,flo_buff_fence,0.622988727
4811,1.02821326,flo_fence,0.644640884
4811,1.02821326,spr,0.93245744
4811,1.02821326,spr_buff,0.911755561
4811,1.02821326,spr_buff_fence,0.890566262
4811,1.02821326,spr_fence,0.911268141
4813,1.061576869,flo,1.258596492
4813,1.061576869,flo_buff,0.4441135
4813,1.061576869,flo_buff_fence,0.422924201
4813,1.061576869,flo_fence,0.447453332
4813,1.061576869,spr,0.688418939
4813,1.061576869,spr_buff,0.664841837
4813,1.061576869,spr_buff_fence,0.643652538
4813,1.061576869,spr_fence,0.66722964
4814,1.014835435,flo,1.481081561
4814,1.014835435,flo_buff,0.669271117
4814,1.014835435,flo_buff_fence,0.648081818
4814,1.014835435,flo_fence,0.672843886
4814,1.014835435,spr,0.802529921
4814,1.014835435,spr_buff,0.778125963
4814,1.014835435,spr_buff_fence,0.756936664
4814,1.014835435,spr_fence,0.781340622
4816,0.836715184,flo,1.749234941
4816,0.836715184,flo_buff,0.905607757
4816,0.836715184,flo_buff_fence,0.884418458
4816,0.836715184,flo_fence,0.906303405
4816,0.836715184,spr,1.043765171
4816,0.836715184,spr_buff,1.022175937
4816,0.836715184,spr_buff_fence,1.000986638
4816,0.836715184,spr_fence,1.022575871
4818,0.510676351,flo,1.106051814
4818,0.510676351,flo_buff,0.332032162
4818,0.510676351,flo_buff_fence,0.310842863
4818,0.510676351,flo_fence,0.338737636
4818,0.510676351,spr,0.53088931
4818,0.510676351,spr_buff,0.503205448
4818,0.510676351,spr_buff_fence,0.482016149
4818,0.510676351,spr_fence,0.509700011
4822,0.860825341,flo,1.282094815
4822,0.860825341,flo_buff,0.450136278
4822,0.860825341,flo_buff_fence,0.428946979
4822,0.860825341,flo_fence,0.451913886
4822,0.860825341,spr,0.860821103
4822,0.860825341,spr_buff,0.83969869
4822,0.860825341,spr_buff_fence,0.818509391
4822,0.860825341,spr_fence,0.839631804
4823,1.179887722,flo,1.86501826
4823,1.179887722,flo_buff,0.991704642
4823,1.179887722,flo_buff_fence,0.970515343
4823,1.179887722,flo_fence,0.989499686
4823,1.179887722,spr,1.289586383
4823,1.179887722,spr_buff,1.270968138
4823,1.179887722,spr_buff_fence,1.249778839
4823,1.179887722,spr_fence,1.268397084
4830,0.646510571,flo,1.361303579
4830,0.646510571,flo_buff,0.562130403
4830,0.646510571,flo_buff_fence,0.540941104
4830,0.646510571,flo_fence,0.566783781
4830,0.646510571,spr,0.688976688
4830,0.646510571,spr_buff,0.663476537
4830,0.646510571,spr_buff_fence,0.642287238
4830,0.646510571,spr_fence,0.667787389
4831,0.950408184,flo,1.219719538
4831,0.950408184,flo_buff,0.448863587
4831,0.950408184,flo_buff_fence,0.427674289
4831,0.950408184,flo_fence,0.455818192
4831,0.950408184,spr,0.567863202
4831,0.950408184,spr_buff,0.539860881
4831,0.950408184,spr_buff_fence,0.518671582
4831,0.950408184,spr_fence,0.546673903
4832,1.040748662,flo,1.392317023
4832,1.040748662,flo_buff,0.586355417
4832,1.040748662,flo_buff_fence,0.565166118
4832,1.040748662,flo_fence,0.590432563
4832,1.040748662,spr,0.717055031
4832,1.040748662,spr_buff,0.692030136
4832,1.040748662,spr_buff_fence,0.670840837
4832,1.040748662,spr_fence,0.695865732
4835,0.457377702,flo,1.185939422
4835,0.457377702,flo_buff,0.423453598
4835,0.457377702,flo_buff_fence,0.402264299
4835,0.457377702,flo_fence,0.43105796
4835,0.457377702,spr,0.547469144
4835,0.457377702,spr_buff,0.518817691
4835,0.457377702,spr_buff_fence,0.497628392
4835,0.457377702,spr_fence,0.526279845
4836,0.818388229,flo,1.225494204
4836,0.818388229,flo_buff,0.452688362
4836,0.818388229,flo_buff_fence,0.431499063
4836,0.818388229,flo_fence,0.459489651
4836,0.818388229,spr,0.582100071
4836,0.818388229,spr_buff,0.554268314
4836,0.818388229,spr_buff_fence,0.533079015
4836,0.818388229,spr_fence,0.560910772
4837,0.8421791,flo,1.15487514
4837,0.8421791,flo_buff,0.399269563
4837,0.8421791,flo_buff_fence,0.378080264
4837,0.8421791,flo_fence,0.407398019
4837,0.8421791,spr,0.529668013
4837,0.8421791,spr_buff,0.500478066
4837,0.8421791,spr_buff_fence,0.479288767
4837,0.8421791,spr_fence,0.508478714
4841,0.312642725,flo,1.749120703
4841,0.312642725,flo_buff,0.893518972
4841,0.312642725,flo_buff_fence,0.872329673
4841,0.312642725,flo_fence,0.893070727
4841,0.312642725,spr,1.0286889
4841,0.312642725,spr_buff,1.0080627
4841,0.312642725,spr_buff_fence,0.986873401
4841,0.312642725,spr_fence,1.0074996
4843,0.573391515,flo,0.990071827
4843,0.573391515,flo_buff,0.242843261
4843,0.573391515,flo_buff_fence,0.221653962
4843,0.573391515,flo_fence,0.251597888
4843,0.573391515,spr,0.462699869
4843,0.573391515,spr_buff,0.433022946
4843,0.573391515,spr_buff_fence,0.411833647
4843,0.573391515,spr_fence,0.441510569
4847,0.714523388,flo,1.285161198
4847,0.714523388,flo_buff,0.563736418
4847,0.714523388,flo_buff_fence,0.542547119
4847,0.714523388,flo_fence,0.574340382
4847,0.714523388,spr,0.587725792
4847,0.714523388,spr_buff,0.556205179
4847,0.714523388,spr_buff_fence,0.53501588
4847,0.714523388,spr_fence,0.566536493
4848,0.541486884,flo,1.477601869
4848,0.541486884,flo_buff,0.648558427
4848,0.541486884,flo_buff_fence,0.627369128
4848,0.541486884,flo_fence,0.650601412
4848,0.541486884,spr,0.837599498
4848,0.541486884,spr_buff,0.814801135
4848,0.541486884,spr_buff_fence,0.793611836
4848,0.541486884,spr_fence,0.816410199
4850,0.731658859,flo,1.198693751
4850,0.731658859,flo_buff,0.4156257
4850,0.731658859,flo_buff_fence,0.394436401
4850,0.731658859,flo_fence,0.421607737
4850,0.731658859,spr,0.584899529
4850,0.731658859,spr_buff,0.557946773
4850,0.731658859,spr_buff_fence,0.536757474
4850,0.731658859,spr_fence,0.56371023
4851,0.596157081,flo,1.429347773
4851,0.596157081,flo_buff,0.605950551
4851,0.596157081,flo_buff_fence,0.584761252
4851,0.596157081,flo_fence,0.608502054
4851,0.596157081,spr,0.797393114
4851,0.596157081,spr_buff,0.77403591
4851,0.596157081,spr_buff_fence,0.752846611
4851,0.596157081,spr_fence,0.776203815
4852,0.478953004,flo,1.410461557
4852,0.478953004,flo_buff,0.590136667
4852,0.478953004,flo_buff_fence,0.568947368
4852,0.478953004,flo_fence,0.592961863
4852,0.478953004,spr,0.774558893
4852,0.478953004,spr_buff,0.750929634
4852,0.478953004,spr_buff_fence,0.729740334
4852,0.478953004,spr_fence,0.753369594
4853,1.171091364,flo,1.25649423
4853,1.171091364,flo_buff,0.446536201
4853,1.171091364,flo_buff_fence,0.425346902
4853,1.171091364,flo_fence,0.450269513
4853,1.171091364,spr,0.646397306
4853,1.171091364,spr_buff,0.621843741
4853,1.171091364,spr_buff_fence,0.600654441
4853,1.171091364,spr_fence,0.625208007
4854,0.693781452,flo,1.319417403
4854,0.693781452,flo_buff,0.605801648
4854,0.693781452,flo_buff_fence,0.584612349
4854,0.693781452,flo_fence,0.616942486
4854,0.693781452,spr,0.626647111
4854,0.693781452,spr_buff,0.594533406
4854,0.693781452,spr_buff_fence,0.573344107
4854,0.693781452,spr_fence,0.605457812
4856,0.6013874,flo,1.320685625
4856,0.6013874,flo_buff,0.607356317
4856,0.6013874,flo_buff_fence,0.586167018
4856,0.6013874,flo_fence,0.618516652
4856,0.6013874,spr,0.628127968
4856,0.6013874,spr_buff,0.596004068
4856,0.6013874,spr_buff_fence,0.574814769
4856,0.6013874,spr_fence,0.606938669
4857,0.311571631,flo,1.198242173
4857,0.311571631,flo_buff,0.434067592
4857,0.311571631,flo_buff_fence,0.412878293
4857,0.311571631,flo_fence,0.441541944
4857,0.311571631,spr,0.557132394
4857,0.311571631,spr_buff,0.528709546
4857,0.311571631,spr_buff_fence,0.507520247
4857,0.311571631,spr_fence,0.535943095
4858,0.553637909,flo,1.177099709
4858,0.553637909,flo_buff,0.418137993
4858,0.553637909,flo_buff_fence,0.396948694
4858,0.553637909,flo_fence,0.426011916
4858,0.553637909,spr,0.543152513
4858,0.553637909,spr_buff,0.514351585
4858,0.553637909,spr_buff_fence,0.493162286
4858,0.553637909,spr_fence,0.521963214
4859,0.636663384,flo,1.187801671
4859,0.636663384,flo_buff,0.424065567
4859,0.636663384,flo_buff_fence,0.402876267
4859,0.636663384,flo_fence,0.431573727
4859,0.636663384,spr,0.556024545
4859,0.636663384,spr_buff,0.527423108
4859,0.636663384,spr_buff_fence,0.506233809
4859,0.636663384,spr_fence,0.534835246
4860,0.736262607,flo,1.37428706
4860,0.736262607,flo_buff,0.569379746
4860,0.736262607,flo_buff_fence,0.548190448
4860,0.736262607,flo_fence,0.573547028
4860,0.736262607,spr,0.713604133
4860,0.736262607,spr_buff,0.688553765
4860,0.736262607,spr_buff_fence,0.667364466
4860,0.736262607,spr_fence,0.692414834
4861,1.137252806,flo,1.408356204
4861,1.137252806,flo_buff,0.599693354
4861,1.137252806,flo_buff_fence,0.578504054
4861,1.137252806,flo_fence,0.603538473
4861,1.137252806,spr,0.726653429
4861,1.137252806,spr_buff,0.70192299
4861,1.137252806,spr_buff_fence,0.680733691
4861,1.137252806,spr_fence,0.70546413
4864,1.350775056,flo,1.487688478
4864,1.350775056,flo_buff,0.657320213
4864,1.350775056,flo_buff_fence,0.636130914
4864,1.350775056,flo_fence,0.659242833
4864,1.350775056,spr,0.776546692
4864,1.350775056,spr_buff,0.753652031
4864,1.350775056,spr_buff_fence,0.732462732
4864,1.350775056,spr_fence,0.755357393
4870,1.134801634,flo,1.810036979
4870,1.134801634,flo_buff,0.941397294
4870,1.134801634,flo_buff_fence,0.920207994
4870,1.134801634,flo_fence,0.939663588
4870,1.134801634,spr,1.275240217
4870,1.134801634,spr_buff,1.256400334
4870,1.134801634,spr_buff_fence,1.235211035
4870,1.134801634,spr_fence,1.254050918
4871,0.122520597,flo,1.067464035
4871,0.122520597,flo_buff,0.309045788
4871,0.122520597,flo_buff_fence,0.287856489
4871,0.122520597,flo_fence,0.316961072
4871,0.122520597,spr,0.518196994
4871,0.122520597,spr_buff,0.489393023
4871,0.122520597,spr_buff_fence,0.468203724
4871,0.122520597,spr_fence,0.497007695
4874,0.413358449,flo,1.129444314
4874,0.413358449,flo_buff,0.360216514
4874,0.413358449,flo_buff_fence,0.339027215
4874,0.413358449,flo_fence,0.367298568
4874,0.413358449,spr,0.529879197
4874,0.413358449,spr_buff,0.501942319
4874,0.413358449,spr_buff_fence,0.48075302
4874,0.413358449,spr_fence,0.508689898
4876,0.835176088,flo,1.164601643
4876,0.835176088,flo_buff,0.371093319
4876,0.835176088,flo_buff_fence,0.349904019
4876,0.835176088,flo_fence,0.376220135
4876,0.835176088,spr,0.558200726
4876,0.835176088,spr_buff,0.532078865
4876,0.835176088,spr_buff_fence,0.510889566
4876,0.835176088,spr_fence,0.537011427
4878,0.431553525,flo,1.114186647
4878,0.431553525,flo_buff,0.350799087
4878,0.431553525,flo_buff_fence,0.329609787
4878,0.431553525,flo_fence,0.358334095
4878,0.431553525,spr,0.523632466
4878,0.431553525,spr_buff,0.495207938
4878,0.431553525,spr_buff_fence,0.474018639
4878,0.431553525,spr_fence,0.502443167
4879,0.515553301,flo,1.294181093
4879,0.515553301,flo_buff,0.576342149
4879,0.515553301,flo_buff_fence,0.55515285
4879,0.515553301,flo_fence,0.587193922
4879,0.515553301,spr,0.613881054
4879,0.515553301,spr_buff,0.581685399
4879,0.515553301,spr_buff_fence,0.5604961
4879,0.515553301,spr_fence,0.592691755
4880,0.600203764,flo,1.182003821
4880,0.600203764,flo_buff,0.40190527
4880,0.600203764,flo_buff_fence,0.380715971
4880,0.600203764,flo_fence,0.408126521
4880,0.600203764,spr,0.575182022
4880,0.600203764,spr_buff,0.547991164
4880,0.600203764,spr_buff_fence,0.526801865
4880,0.600203764,spr_fence,0.553992723
4882,0.881649376,flo,1.200014004
4882,0.881649376,flo_buff,0.411858929
4882,0.881649376,flo_buff_fence,0.39066963
4882,0.881649376,flo_fence,0.417427037
4882,0.881649376,spr,0.594326301
4882,0.881649376,spr_buff,0.56791284
4882,0.881649376,spr_buff_fence,0.546723541
4882,0.881649376,spr_fence,0.573137002
4883,0.527924915,flo,1.36658757
4883,0.527924915,flo_buff,0.551067425
4883,0.527924915,flo_buff_fence,0.529878126
4883,0.527924915,flo_fence,0.554316439
4883,0.527924915,spr,0.761142248
4883,0.527924915,spr_buff,0.737444488
4883,0.527924915,spr_buff_fence,0.716255189
4883,0.527924915,spr_fence,0.739952949
4884,0.734363717,flo,2.06457698
4884,0.734363717,flo_buff,1.194109685
4884,0.734363717,flo_buff_fence,1.172920386
4884,0.734363717,flo_fence,1.192192375
4884,0.734363717,spr,1.383067623
4884,0.734363717,spr_buff,1.364175375
4884,0.734363717,spr_buff_fence,1.342986075
4884,0.734363717,spr_fence,1.361878323
4885,0.4479468,flo,1.152690078
4885,0.4479468,flo_buff,0.398939113
4885,0.4479468,flo_buff_fence,0.377749814
4885,0.4479468,flo_fence,0.407207321
4885,0.4479468,spr,0.521371847
4885,0.4479468,spr_buff,0.492035503
4885,0.4479468,spr_buff_fence,0.470846204
4885,0.4479468,spr_fence,0.500182548
4887,0.606786446,flo,1.325372623
4887,0.606786446,flo_buff,0.527616808
4887,0.606786446,flo_buff_fence,0.506427509
4887,0.606786446,flo_fence,0.53238927
4887,0.606786446,spr,0.65791186
4887,0.606786446,spr_buff,0.632281803
4887,0.606786446,spr_buff_fence,0.611092504
4887,0.606786446,spr_fence,0.636722561
4888,0.323961247,flo,1.297149587
4888,0.323961247,flo_buff,0.489238751
4888,0.323961247,flo_buff_fence,0.468049452
4888,0.323961247,flo_fence,0.493148623
4888,0.323961247,spr,0.686630411
4888,0.323961247,spr_buff,0.661954641
4888,0.323961247,spr_buff_fence,0.640765342
4888,0.323961247,spr_fence,0.665441112
4889,0.503154432,flo,1.434620396
4889,0.503154432,flo_buff,0.592956601
4889,0.503154432,flo_buff_fence,0.571767302
4889,0.503154432,flo_fence,0.593836532
4889,0.503154432,spr,0.866131494
4889,0.503154432,spr_buff,0.844796883
4889,0.503154432,spr_buff_fence,0.823607584
4889,0.503154432,spr_fence,0.844942195
4895,0.642598053,flo,1.627195366
4895,0.642598053,flo_buff,0.767392572
4895,0.642598053,flo_buff_fence,0.746203273
4895,0.642598053,flo_fence,0.766534748
4895,0.642598053,spr,1.127740449
4895,0.642598053,spr_buff,1.108270882
4895,0.642598053,spr_buff_fence,1.087081583
4895,0.642598053,spr_fence,1.10655115
4896,0.607280198,flo,1.645866163
4896,0.607280198,flo_buff,0.789971247
4896,0.607280198,flo_buff_fence,0.768781948
4896,0.607280198,flo_fence,0.789494559
4896,0.607280198,spr,1.093966748
4896,0.607280198,spr_buff,1.074063525
4896,0.607280198,spr_buff_fence,1.052874226
4896,0.607280198,spr_fence,1.072777449
4897,0.344840093,flo,1.446135001
4897,0.344840093,flo_buff,0.606431485
4897,0.344840093,flo_buff_fence,0.585242187
4897,0.344840093,flo_fence,0.607494501
4897,0.344840093,spr,0.884637441
4897,0.344840093,spr_buff,0.863282695
4897,0.344840093,spr_buff_fence,0.842093396
4897,0.344840093,spr_fence,0.863448142
4898,0.281808039,flo,1.263621336
4898,0.281808039,flo_buff,0.539926167
4898,0.281808039,flo_buff_fence,0.518736868
4898,0.281808039,flo_fence,0.550372095
4898,0.281808039,spr,0.574638488
4898,0.281808039,spr_buff,0.542812893
4898,0.281808039,spr_buff_fence,0.521623594
4898,0.281808039,spr_fence,0.553449189
4899,0.391370948,flo,1.431029957
4899,0.391370948,flo_buff,0.606639104
4899,0.391370948,flo_buff_fence,0.585449805
4899,0.391370948,flo_fence,0.609101639
4899,0.391370948,spr,0.80074952
4899,0.391370948,spr_buff,0.777664869
4899,0.391370948,spr_buff_fence,0.75647557
4899,0.391370948,spr_fence,0.779560221
4901,0.81829519,flo,1.243487203
4901,0.81829519,flo_buff,0.431153866
4901,0.81829519,flo_buff_fence,0.409964567
4901,0.81829519,flo_fence,0.434681183
4901,0.81829519,spr,0.688318905
4901,0.81829519,spr_buff,0.664600321
4901,0.81829519,spr_buff_fence,0.643411022
4901,0.81829519,spr_fence,0.667129606
4902,0.876291757,flo,1.611043094
4902,0.876291757,flo_buff,0.755104507
4902,0.876291757,flo_buff_fence,0.733915208
4902,0.876291757,flo_fence,0.754623581
4902,0.876291757,spr,1.013429764
4902,0.876291757,spr_buff,0.993306644
4902,0.876291757,spr_buff_fence,0.972117345
4902,0.876291757,spr_fence,0.992240465
4903,0.634669687,flo,1.489855366
4903,0.634669687,flo_buff,0.644742566
4903,0.634669687,flo_buff_fence,0.623553267
4903,0.634669687,flo_fence,0.645298166
4903,0.634669687,spr,0.906786394
4903,0.634669687,spr_buff,0.885796266
4903,0.634669687,spr_buff_fence,0.864606967
4903,0.634669687,spr_fence,0.885597095
4904,0.458229798,flo,1.722280211
4904,0.458229798,flo_buff,0.86179939
4904,0.458229798,flo_buff_fence,0.840610091
4904,0.458229798,flo_fence,0.860875054
4904,0.458229798,spr,1.116995253
4904,0.458229798,spr_buff,1.097469052
4904,0.458229798,spr_buff_fence,1.076279753
4904,0.458229798,spr_fence,1.095805954
4905,1.337652903,flo,1.583946684
4905,1.337652903,flo_buff,0.726288316
4905,1.337652903,flo_buff_fence,0.705099017
4905,1.337652903,flo_fence,0.725640104
4905,1.337652903,spr,1.024162634
4905,1.337652903,spr_buff,1.004373099
4905,1.337652903,spr_buff_fence,0.9831838
4905,1.337652903,spr_fence,1.002973335
4906,1.166708305,flo,1.822713531
4906,1.166708305,flo_buff,0.954127312
4906,1.166708305,flo_buff_fence,0.932938012
4906,1.166708305,flo_fence,0.952398964
4906,1.166708305,spr,1.226209802
4906,1.166708305,spr_buff,1.207289493
4906,1.166708305,spr_buff_fence,1.186100194
4906,1.166708305,spr_fence,1.205020503
4907,1.20928172,flo,1.659555115
4907,1.20928172,flo_buff,0.798047137
4907,1.20928172,flo_buff_fence,0.776857838
4907,1.20928172,flo_fence,0.797021822
4907,1.20928172,spr,1.083640397
4907,1.20928172,spr_buff,1.064214373
4907,1.20928172,spr_buff_fence,1.043025074
4907,1.20928172,spr_fence,1.062451097
4908,0.850271196,flo,1.718777957
4908,0.850271196,flo_buff,0.853243129
4908,0.850271196,flo_buff_fence,0.83205383
4908,0.850271196,flo_fence,0.851819401
4908,0.850271196,spr,1.142512143
4908,0.850271196,spr_buff,1.123351206
4908,0.850271196,spr_buff_fence,1.102161906
4908,0.850271196,spr_fence,1.121322843
4909,1.239582242,flo,1.687661586
4909,1.239582242,flo_buff,0.819387154
4909,1.239582242,flo_buff_fence,0.798197855
4909,1.239582242,flo_fence,0.81769004
4909,1.239582242,spr,1.126337921
4909,1.239582242,spr_buff,1.107367447
4909,1.239582242,spr_buff_fence,1.086178148
4909,1.239582242,spr_fence,1.105148622
4912,0.976520086,flo,1.286501873
4912,0.976520086,flo_buff,0.468996782
4912,0.976520086,flo_buff_fence,0.447807483
4912,0.976520086,flo_fence,0.472071326
4912,0.976520086,spr,0.725611071
4912,0.976520086,spr_buff,0.702406137
4912,0.976520086,spr_buff_fence,0.681216838
4912,0.976520086,spr_fence,0.704421772
4913,1.269762708,flo,2.176461632
4913,1.269762708,flo_buff,1.308074755
4913,1.269762708,flo_buff_fence,1.286885456
4913,1.269762708,flo_fence,1.30636638
4913,1.269762708,spr,1.419251549
4913,1.269762708,spr_buff,1.39991772
4913,1.269762708,spr_buff_fence,1.37872842
4913,1.269762708,spr_fence,1.39806225
4914,0.718710897,flo,1.706426163
4914,0.718710897,flo_buff,0.861766299
4914,0.718710897,flo_buff_fence,0.840577
4914,0.718710897,flo_fence,0.862364652
4914,0.718710897,spr,1.024579231
4914,0.718710897,spr_buff,1.003199183
4914,0.718710897,spr_buff_fence,0.982009884
4914,0.718710897,spr_fence,1.003389932
4916,0.469459707,flo,1.538958952
4916,0.469459707,flo_buff,0.681587006
4916,0.469459707,flo_buff_fence,0.660397707
4916,0.469459707,flo_fence,0.680966706
4916,0.469459707,spr,1.014843459
4916,0.469459707,spr_buff,0.995032087
4916,0.469459707,spr_buff_fence,0.973842788
4916,0.469459707,spr_fence,0.99365416
4917,0.64034427,flo,1.199672855
4917,0.64034427,flo_buff,0.37839885
4917,0.64034427,flo_buff_fence,0.357209551
4917,0.64034427,flo_fence,0.38113972
4917,0.64034427,spr,0.733898541
4917,0.64034427,spr_buff,0.711404257
4917,0.64034427,spr_buff_fence,0.690214958
4917,0.64034427,spr_fence,0.712709242
4919,0.388612671,flo,1.239498023
4919,0.388612671,flo_buff,0.520974707
4919,0.388612671,flo_buff_fence,0.499785408
4919,0.388612671,flo_fence,0.531779354
4919,0.388612671,spr,0.55484623
4919,0.388612671,spr_buff,0.522585418
4919,0.388612671,spr_buff_fence,0.501396118
4919,0.388612671,spr_fence,0.533656931
4920,0.336933797,flo,1.124939083
4920,0.336933797,flo_buff,0.340145739
4920,0.336933797,flo_buff_fence,0.31895644
4920,0.336933797,flo_fence,0.345987977
4920,0.336933797,spr,0.563345176
4920,0.336933797,spr_buff,0.536818704
4920,0.336933797,spr_buff_fence,0.515629405
4920,0.336933797,spr_fence,0.542155877
4921,0.499337857,flo,1.063422195
4921,0.499337857,flo_buff,0.292133585
4921,0.499337857,flo_buff_fence,0.270944286
4921,0.499337857,flo_fence,0.299054235
4921,0.499337857,spr,0.523570019
4921,0.499337857,spr_buff,0.495926637
4921,0.499337857,spr_buff_fence,0.474737338
4921,0.499337857,spr_fence,0.50238072
4923,0.55338658,flo,1.266697326
4923,0.55338658,flo_buff,0.465155083
4923,0.55338658,flo_buff_fence,0.443965784
4923,0.55338658,flo_fence,0.469608473
4923,0.55338658,spr,0.662533395
4923,0.55338658,spr_buff,0.637371789
4923,0.55338658,spr_buff_fence,0.616182489
4923,0.55338658,spr_fence,0.641344096
4924,0.743732342,flo,1.20760618
4924,0.743732342,flo_buff,0.438318902
4924,0.743732342,flo_buff_fence,0.417129603
4924,0.743732342,flo_fence,0.44539631
4924,0.743732342,spr,0.569121881
4924,0.743732342,spr_buff,0.540985802
4924,0.743732342,spr_buff_fence,0.519796503
4924,0.743732342,spr_fence,0.547932582
4929,0.800495064,flo,1.388600642
4929,0.800495064,flo_buff,0.562017779
4929,0.800495064,flo_buff_fence,0.54082848
4929,0.800495064,flo_fence,0.564283259
4929,0.800495064,spr,0.756910811
4929,0.800495064,spr_buff,0.733785608
4929,0.800495064,spr_buff_fence,0.712596309
4929,0.800495064,spr_fence,0.735721512
4931,0.520433747,flo,1.225571312
4931,0.520433747,flo_buff,0.436856167
4931,0.520433747,flo_buff_fence,0.415666868
4931,0.520433747,flo_fence,0.442378382
4931,0.520433747,spr,0.608193469
4931,0.520433747,spr_buff,0.581747069
4931,0.520433747,spr_buff_fence,0.56055777
4931,0.520433747,spr_fence,0.58700417
4932,0.040582563,flo,1.265162273
4932,0.040582563,flo_buff,0.468661147
4932,0.040582563,flo_buff_fence,0.447471848
4932,0.040582563,flo_fence,0.473538675
4932,0.040582563,spr,0.642161187
4932,0.040582563,spr_buff,0.616325032
4932,0.040582563,spr_buff_fence,0.595135733
4932,0.040582563,spr_fence,0.620971888
4933,0.529072145,flo,1.657738847
4933,0.529072145,flo_buff,0.802284617
4933,0.529072145,flo_buff_fence,0.781095318
4933,0.529072145,flo_fence,0.801850674
4933,0.529072145,spr,0.999522473
4933,0.529072145,spr_buff,0.979064247
4933,0.529072145,spr_buff_fence,0.957874948
4933,0.529072145,spr_fence,0.978333173
4934,0.374948039,flo,1.379057514
4934,0.374948039,flo_buff,0.563560786
4934,0.374948039,flo_buff_fence,0.542371487
4934,0.374948039,flo_fence,0.566811853
4934,0.374948039,spr,0.746980504
4934,0.374948039,spr_buff,0.722898112
4934,0.374948039,spr_buff_fence,0.701708813
4934,0.374948039,spr_fence,0.725791205
4935,0.474391113,flo,1.124239346
4935,0.474391113,flo_buff,0.360354554
4935,0.474391113,flo_buff_fence,0.339165255
4935,0.474391113,flo_fence,0.367851253
4935,0.474391113,spr,0.528573739
4935,0.474391113,spr_buff,0.500132299
4935,0.474391113,spr_buff_fence,0.478943
4935,0.474391113,spr_fence,0.50738444
4936,0.557195505,flo,1.622739792
4936,0.557195505,flo_buff,0.778363697
4936,0.557195505,flo_buff_fence,0.757174398
4936,0.557195505,flo_fence,0.778988811
4936,0.557195505,spr,0.969935403
4936,0.557195505,spr_buff,0.948569912
4936,0.557195505,spr_buff_fence,0.927380613
4936,0.557195505,spr_fence,0.948746104
4938,0.946587347,flo,1.578067784
4938,0.946587347,flo_buff,0.746750934
4938,0.946587347,flo_buff_fence,0.725561635
4938,0.946587347,flo_fence,0.748587125
4938,0.946587347,spr,0.885735874
4938,0.946587347,spr_buff,0.863114111
4938,0.946587347,spr_buff_fence,0.841924812
4938,0.946587347,spr_fence,0.864546575
4939,0.722978425,flo,1.42672036
4939,0.722978425,flo_buff,0.617727578
4939,0.722978425,flo_buff_fence,0.596538279
4939,0.722978425,flo_fence,0.62154425
4939,0.722978425,spr,0.740461781
4939,0.722978425,spr_buff,0.715747908
4939,0.722978425,spr_buff_fence,0.694558608
4939,0.722978425,spr_fence,0.719272482
4940,1.028156279,flo,1.345101726
4940,1.028156279,flo_buff,0.55052889
4940,1.028156279,flo_buff_fence,0.529339591
4940,1.028156279,flo_fence,0.55556725
4940,1.028156279,spr,0.683181465
4940,1.028156279,spr_buff,0.65743805
4940,1.028156279,spr_buff_fence,0.636248751
4940,1.028156279,spr_fence,0.661992166
4941,0.938307529,flo,1.37999219
4941,0.938307529,flo_buff,0.559037353
4941,0.938307529,flo_buff_fence,0.537848054
4941,0.938307529,flo_fence,0.561806603
4941,0.938307529,spr,0.7614401
4941,0.938307529,spr_buff,0.73790508
4941,0.938307529,spr_buff_fence,0.716715781
4941,0.938307529,spr_fence,0.7402508
4942,0.745582994,flo,1.429683279
4942,0.745582994,flo_buff,0.60234717
4942,0.745582994,flo_buff_fence,0.581157871
4942,0.745582994,flo_fence,0.604544685
4942,0.745582994,spr,0.807098832
4942,0.745582994,spr_buff,0.784196822
4942,0.745582994,spr_buff_fence,0.763007523
4942,0.745582994,spr_fence,0.785909533
4945,1.312930158,flo,1.376941767
4945,1.312930158,flo_buff,0.556223427
4945,1.312930158,flo_buff_fence,0.535034128
4945,1.312930158,flo_fence,0.55901369
4945,1.312930158,spr,0.760537698
4945,1.312930158,spr_buff,0.737004853
4945,1.312930158,spr_buff_fence,0.715815554
4945,1.312930158,spr_fence,0.739348399
4946,0.927515617,flo,1.464888942
4946,0.927515617,flo_buff,0.657476106
4946,0.927515617,flo_buff_fence,0.636286807
4946,0.927515617,flo_fence,0.661428792
4946,0.927515617,spr,0.773412378
4946,0.927515617,spr_buff,0.748594038
4946,0.927515617,spr_buff_fence,0.727404739
4946,0.927515617,spr_fence,0.752223079
4947,0.591854527,flo,1.323288958
4947,0.591854527,flo_buff,0.612525583
4947,0.591854527,flo_buff_fence,0.591336284
4947,0.591854527,flo_fence,0.623859965
4947,0.591854527,spr,0.628976863
4947,0.591854527,spr_buff,0.596399905
4947,0.591854527,spr_buff_fence,0.575210606
4947,0.591854527,spr_fence,0.607787564
4948,0.974500179,flo,1.933625539
4948,0.974500179,flo_buff,1.072760189
4948,0.974500179,flo_buff_fence,1.05157089
4948,0.974500179,flo_fence,1.071798081
4948,0.974500179,spr,1.232459424
4948,0.974500179,spr_buff,1.212657882
4948,0.974500179,spr_buff_fence,1.191468583
4948,0.974500179,spr_fence,1.211270125
4949,0.565049305,flo,2.018757722
4949,0.565049305,flo_buff,1.154451875
4949,0.565049305,flo_buff_fence,1.133262576
4949,0.565049305,flo_fence,1.153150172
4949,0.565049305,spr,1.270791577
4949,0.565049305,spr_buff,1.25108317
4949,0.565049305,spr_buff_fence,1.229893871
4949,0.565049305,spr_fence,1.249602278
4950,0.490364474,flo,1.297238853
4950,0.490364474,flo_buff,0.469989977
4950,0.490364474,flo_buff_fence,0.448800678
4950,0.490364474,flo_fence,0.472195369
4950,0.490364474,spr,0.719478014
4950,0.490364474,spr_buff,0.69636639
4950,0.490364474,spr_buff_fence,0.675177091
4950,0.490364474,spr_fence,0.698288715
4951,0.307645769,flo,1.265029178
4951,0.307645769,flo_buff,0.466659097
4951,0.307645769,flo_buff_fence,0.445469798
4951,0.307645769,flo_fence,0.471380001
4951,0.307645769,spr,0.662353671
4951,0.307645769,spr_buff,0.636982675
4951,0.307645769,spr_buff_fence,0.615793376
4951,0.307645769,spr_fence,0.641164372
4952,0.524262373,flo,1.480807145
4952,0.524262373,flo_buff,0.650477099
4952,0.524262373,flo_buff_fence,0.6292878
4952,0.524262373,flo_fence,0.652403197
4952,0.524262373,spr,0.861654966
4952,0.524262373,spr_buff,0.839216503
4952,0.524262373,spr_buff_fence,0.818027204
4952,0.524262373,spr_fence,0.840465667
4953,0.607083838,flo,1.484978477
4953,0.607083838,flo_buff,0.653725211
4953,0.607083838,flo_buff_fence,0.632535912
4953,0.607083838,flo_fence,0.655567202
4953,0.607083838,spr,0.854205686
4953,0.607083838,spr_buff,0.831711721
4953,0.607083838,spr_buff_fence,0.810522421
4953,0.607083838,spr_fence,0.833016387
4954,0.415824399,flo,1.641074882
4954,0.415824399,flo_buff,0.794029662
4954,0.415824399,flo_buff_fence,0.772840363
4954,0.415824399,flo_fence,0.79440231
4954,0.415824399,spr,0.999454441
4954,0.415824399,spr_buff,0.978395736
4954,0.415824399,spr_buff_fence,0.957206437
4954,0.415824399,spr_fence,0.978265142
4958,0.671083938,flo,1.643018666
4958,0.671083938,flo_buff,0.795662579
4958,0.671083938,flo_buff_fence,0.77447328
4958,0.671083938,flo_fence,0.796005712
4958,0.671083938,spr,0.995354812
4958,0.671083938,spr_buff,0.9742849
4958,0.671083938,spr_buff_fence,0.953095601
4958,0.671083938,spr_fence,0.974165512
4960,1.005210552,flo,1.157821211
4960,1.005210552,flo_buff,0.405929899
4960,1.005210552,flo_buff_fence,0.3847406
4960,1.005210552,flo_fence,0.414337594
4960,1.005210552,spr,0.53028467
4960,1.005210552,spr_buff,0.500827232
4960,1.005210552,spr_buff_fence,0.479637933
4960,1.005210552,spr_fence,0.509095371
4962,0.673666797,flo,1.234219598
4962,0.673666797,flo_buff,0.521537848
4962,0.673666797,flo_buff_fence,0.500348549
4962,0.673666797,flo_fence,0.532742211
4962,0.673666797,spr,0.549368359
4962,0.673666797,spr_buff,0.51663735
4962,0.673666797,spr_buff_fence,0.495448051
4962,0.673666797,spr_fence,0.52817906
4963,0.865308927,flo,1.33313136
4963,0.865308927,flo_buff,0.621863138
4963,0.865308927,flo_buff_fence,0.600673839
4963,0.865308927,flo_fence,0.633163364
4963,0.865308927,spr,0.63415202
4963,0.865308927,spr_buff,0.601806618
4963,0.865308927,spr_buff_fence,0.580617319
4963,0.865308927,spr_fence,0.612962721
4964,1.029838129,flo,1.395675073
4964,1.029838129,flo_buff,0.572480436
4964,1.029838129,flo_buff_fence,0.551291137
4964,1.029838129,flo_fence,0.575050051
4964,1.029838129,spr,0.775636621
4964,1.029838129,spr_buff,0.75225641
4964,1.029838129,spr_buff_fence,0.731067111
4964,1.029838129,spr_fence,0.754447321
4965,0.785205937,flo,1.353216169
4965,0.785205937,flo_buff,0.536150623
4965,0.785205937,flo_buff_fence,0.514961324
4965,0.785205937,flo_fence,0.539263876
4965,0.785205937,spr,0.735653252
4965,0.785205937,spr_buff,0.711746845
4965,0.785205937,spr_buff_fence,0.690557546
4965,0.785205937,spr_fence,0.714463953
4966,0.847018951,flo,1.591471316
4966,0.847018951,flo_buff,0.746089922
4966,0.847018951,flo_buff_fence,0.724900622
4966,0.847018951,flo_fence,0.746620146
4966,0.847018951,spr,0.964125594
4966,0.847018951,spr_buff,0.942929638
4966,0.847018951,spr_buff_fence,0.921740339
4966,0.847018951,spr_fence,0.942936295
4967,0.870814009,flo,1.503299708
4967,0.870814009,flo_buff,0.658268772
4967,0.870814009,flo_buff_fence,0.637079473
4967,0.870814009,flo_fence,0.658832103
4967,0.870814009,spr,0.919261949
4967,0.870814009,spr_buff,0.898322563
4967,0.870814009,spr_buff_fence,0.877133263
4967,0.870814009,spr_fence,0.89807265