fieldID,area,treatment,TotalP
4686,0.558407339,flo,0.673060049
4686,0.558407339,flo_buff,-0.014553087
4686,0.558407339,flo_buff_fence,-0.035742386
4686,0.558407339,flo_fence,-0.001341763
4686,0.558407339,spr,0.23746989
4686,0.558407339,spr_buff,0.203069267
4686,0.558407339,spr_buff_fence,0.181879968
4686,0.558407339,spr_fence,0.216280591
4687,0.645059551,flo,0.252170552
4687,0.645059551,flo_buff,-0.435442584
4687,0.645059551,flo_buff_fence,-0.456631885
4687,0.645059551,flo_fence,-0.422231261
4687,0.645059551,spr,-0.165309388
4687,0.645059551,spr_buff,-0.199710012
4687,0.645059551,spr_buff_fence,-0.22089931
4687,0.645059551,spr_fence,-0.186498687
4688,0.722966097,flo,0.042231145
4688,0.722966097,flo_buff,-0.645381991
4688,0.722966097,flo_buff_fence,-0.666571291
4688,0.722966097,flo_fence,-0.632170667
4688,0.722966097,spr,-0.386118727
4688,0.722966097,spr_buff,-0.420519349
4688,0.722966097,spr_buff_fence,-0.441708648
4688,0.722966097,spr_fence,-0.407308025
4689,0.242156157,flo,-0.028576294
4689,0.242156157,flo_buff,-0.71618943
4689,0.242156157,flo_buff_fence,-0.737378729
4689,0.242156157,flo_fence,-0.702978104
4689,0.242156157,spr,-0.473131961
4689,0.242156157,spr_buff,-0.507532586
4689,0.242156157,spr_buff_fence,-0.528721884
4689,0.242156157,spr_fence,-0.49432126
4690,0.257063889,flo,0.226314173
4690,0.257063889,flo_buff,-0.461298965
4690,0.257063889,flo_buff_fence,-0.482488264
4690,0.257063889,flo_fence,-0.44808764
4690,0.257063889,spr,-0.207968369
4690,0.257063889,spr_buff,-0.242368992
4690,0.257063889,spr_buff_fence,-0.26355829
4690,0.257063889,spr_fence,-0.229157667
4691,0.84024728,flo,0.177763275
4691,0.84024728,flo_buff,-0.509849861
4691,0.84024728,flo_buff_fence,-0.531039161
4691,0.84024728,flo_fence,-0.496638537
4691,0.84024728,spr,-0.250528253
4691,0.84024728,spr_buff,-0.284928875
4691,0.84024728,spr_buff_fence,-0.306118174
4691,0.84024728,spr_fence,-0.271717551
4692,0.483199182,flo,-0.05158454
4692,0.483199182,flo_buff,-0.73919768
4692,0.483199182,flo_buff_fence,-0.760386976
4692,0.483199182,flo_fence,-0.725986354
4692,0.483199182,spr,-0.490108754
4692,0.483199182,spr_buff,-0.524509379
4692,0.483199182,spr_buff_fence,-0.545698677
4692,0.483199182,spr_fence,-0.511298054
4693,0.899769084,flo,0.45562009
4693,0.899769084,flo_buff,-0.231993046
4693,0.899769084,flo_buff_fence,-0.253182345
4693,0.899769084,flo_fence,-0.218781722
4693,0.899769084,spr,-0.040209718
4693,0.899769084,spr_buff,-0.074610341
4693,0.899769084,spr_buff_fence,-0.09579964
4693,0.899769084,spr_fence,-0.061399017
4694,0.680573902,flo,0.580435016
4694,0.680573902,flo_buff,-0.107178121
4694,0.680573902,flo_buff_fence,-0.128367421
4694,0.680573902,flo_fence,-0.093966798
4694,0.680573902,spr,0.097505288
4694,0.680573902,spr_buff,0.063104665
4694,0.680573902,spr_buff_fence,0.041915366
4694,0.680573902,spr_fence,0.076315989
4695,1.504916482,flo,0.390302991
4695,1.504916482,flo_buff,-0.297310145
4695,1.504916482,flo_buff_fence,-0.318499445
4695,1.504916482,flo_fence,-0.284098822
4695,1.504916482,spr,-0.103459228
4695,1.504916482,spr_buff,-0.137859851
4695,1.504916482,spr_buff_fence,-0.15904915
4695,1.504916482,spr_fence,-0.124648527
4696,0.551102179,flo,0.489215208
4696,0.551102179,flo_buff,-0.198397928
4696,0.551102179,flo_buff_fence,-0.219587227
4696,0.551102179,flo_fence,-0.185186604
4696,0.551102179,spr,-0.011364733
4696,0.551102179,spr_buff,-0.045765356
4696,0.551102179,spr_buff_fence,-0.066954655
4696,0.551102179,spr_fence,-0.032554032
4697,1.006234928,flo,1.381894094
4697,1.006234928,flo_buff,0.694280958
4697,1.006234928,flo_buff_fence,0.673091659
4697,1.006234928,flo_fence,0.707492282
4697,1.006234928,spr,0.894878959
4697,1.006234928,spr_buff,0.860478336
4697,1.006234928,spr_buff_fence,0.839289037
4697,1.006234928,spr_fence,0.87368966
4698,0.300697633,flo,0.303904832
4698,0.300697633,flo_buff,-0.383708305
4698,0.300697633,flo_buff_fence,-0.404897602
4698,0.300697633,flo_fence,-0.37049698
4698,0.300697633,spr,-0.207318094
4698,0.300697633,spr_buff,-0.241718716
4698,0.300697633,spr_buff_fence,-0.262908016
4698,0.300697633,spr_fence,-0.228507393
4699,0.396743183,flo,1.156133554
4699,0.396743183,flo_buff,0.468520418
4699,0.396743183,flo_buff_fence,0.447331119
4699,0.396743183,flo_fence,0.481731741
4699,0.396743183,spr,0.653870207
4699,0.396743183,spr_buff,0.619469584
4699,0.396743183,spr_buff_fence,0.598280285
4699,0.396743183,spr_fence,0.632680908
4700,1.242240697,flo,0.501585356
4700,1.242240697,flo_buff,-0.186027781
4700,1.242240697,flo_buff_fence,-0.20721708
4700,1.242240697,flo_fence,-0.172816457
4700,1.242240697,spr,0.011550764
4700,1.242240697,spr_buff,-0.022849859
4700,1.242240697,spr_buff_fence,-0.044039158
4700,1.242240697,spr_fence,-0.009638535
4702,1.55086648,flo,0.532019421
4702,1.55086648,flo_buff,-0.155593715
4702,1.55086648,flo_buff_fence,-0.176783015
4702,1.55086648,flo_fence,-0.142382391
4702,1.55086648,spr,-0.024489679
4702,1.55086648,spr_buff,-0.058890302
4702,1.55086648,spr_buff_fence,-0.0800796
4702,1.55086648,spr_fence,-0.045678977
4703,1.243826508,flo,0.330222437
4703,1.243826508,flo_buff,-0.357390699
4703,1.243826508,flo_buff_fence,-0.378579998
4703,1.243826508,flo_fence,-0.344179375
4703,1.243826508,spr,-0.229192683
4703,1.243826508,spr_buff,-0.263593306
4703,1.243826508,spr_buff_fence,-0.284782605
4703,1.243826508,spr_fence,-0.250381982
4704,0.861575628,flo,0.340238565
4704,0.861575628,flo_buff,-0.34737457
4704,0.861575628,flo_buff_fence,-0.36856387
4704,0.861575628,flo_fence,-0.334163247
4704,0.861575628,spr,-0.219868851
4704,0.861575628,spr_buff,-0.254269474
4704,0.861575628,spr_buff_fence,-0.275458772
4704,0.861575628,spr_fence,-0.241058149
4705,0.745185694,flo,0.2505926
4705,0.745185694,flo_buff,-0.437020537
4705,0.745185694,flo_buff_fence,-0.458209835
4705,0.745185694,flo_fence,-0.423809212
4705,0.745185694,spr,-0.304557979
4705,0.745185694,spr_buff,-0.338958602
4705,0.745185694,spr_buff_fence,-0.360147901
4705,0.745185694,spr_fence,-0.325747278
4706,1.299431024,flo,0.45394793
4706,1.299431024,flo_buff,-0.233665206
4706,1.299431024,flo_buff_fence,-0.254854505
4706,1.299431024,flo_fence,-0.220453883
4706,1.299431024,spr,-0.103063958
4706,1.299431024,spr_buff,-0.137464581
4706,1.299431024,spr_buff_fence,-0.15865388
4706,1.299431024,spr_fence,-0.124253258
4707,0.75679048,flo,0.327247404
4707,0.75679048,flo_buff,-0.360365732
4707,0.75679048,flo_buff_fence,-0.381555033
4707,0.75679048,flo_fence,-0.347154409
4707,0.75679048,spr,-0.231157833
4707,0.75679048,spr_buff,-0.265558455
4707,0.75679048,spr_buff_fence,-0.286747754
4707,0.75679048,spr_fence,-0.252347132
4708,0.866120089,flo,0.805507513
4708,0.866120089,flo_buff,0.117894377
4708,0.866120089,flo_buff_fence,0.096705078
4708,0.866120089,flo_fence,0.131105701
4708,0.866120089,spr,0.256759369
4708,0.866120089,spr_buff,0.222358746
4708,0.866120089,spr_buff_fence,0.201169447
4708,0.866120089,spr_fence,0.23557007
4709,1.035765836,flo,0.408947912
4709,1.035765836,flo_buff,-0.278665225
4709,1.035765836,flo_buff_fence,-0.299854525
4709,1.035765836,flo_fence,-0.265453901
4709,1.035765836,spr,-0.051905873
4709,1.035765836,spr_buff,-0.086306496
4709,1.035765836,spr_buff_fence,-0.107495795
4709,1.035765836,spr_fence,-0.073095172
4710,1.108416175,flo,0.578526268
4710,1.108416175,flo_buff,-0.10908687
4710,1.108416175,flo_buff_fence,-0.130276169
4710,1.108416175,flo_fence,-0.095875546
4710,1.108416175,spr,0.104332546
4710,1.108416175,spr_buff,0.069931923
4710,1.108416175,spr_buff_fence,0.048742623
4710,1.108416175,spr_fence,0.083143246
4711,0.706921657,flo,0.301044964
4711,0.706921657,flo_buff,-0.386568174
4711,0.706921657,flo_buff_fence,-0.407757473
4711,0.706921657,flo_fence,-0.37335685
4711,0.706921657,spr,-0.166180951
4711,0.706921657,spr_buff,-0.200581574
4711,0.706921657,spr_buff_fence,-0.221770873
4711,0.706921657,spr_fence,-0.18737025
4712,1.278099381,flo,0.407493875
4712,1.278099381,flo_buff,-0.28011926
4712,1.278099381,flo_buff_fence,-0.30130856
4712,1.278099381,flo_fence,-0.266907937
4712,1.278099381,spr,-0.039462394
4712,1.278099381,spr_buff,-0.073863017
4712,1.278099381,spr_buff_fence,-0.095052316
4712,1.278099381,spr_fence,-0.060651693
4713,0.719535125,flo,0.399932855
4713,0.719535125,flo_buff,-0.28768028
4713,0.719535125,flo_buff_fence,-0.30886958
4713,0.719535125,flo_fence,-0.274468957
4713,0.719535125,spr,-0.059184596
4713,0.719535125,spr_buff,-0.093585219
4713,0.719535125,spr_buff_fence,-0.114774518
4713,0.719535125,spr_fence,-0.080373896
4714,0.804346644,flo,0.498743063
4714,0.804346644,flo_buff,-0.188870072
4714,0.804346644,flo_buff_fence,-0.210059372
4714,0.804346644,flo_fence,-0.175658749
4714,0.804346644,spr,0.074356697
4714,0.804346644,spr_buff,0.039956074
4714,0.804346644,spr_buff_fence,0.018766775
4714,0.804346644,spr_fence,0.053167398
4715,0.901604878,flo,0.244983283
4715,0.901604878,flo_buff,-0.442629855
4715,0.901604878,flo_buff_fence,-0.463819154
4715,0.901604878,flo_fence,-0.42941853
4715,0.901604878,spr,-0.176575956
4715,0.901604878,spr_buff,-0.210976579
4715,0.901604878,spr_buff_fence,-0.232165877
4715,0.901604878,spr_fence,-0.197765254
4716,0.135533354,flo,0.241956248
4716,0.135533354,flo_buff,-0.445656889
4716,0.135533354,flo_buff_fence,-0.46684619
4716,0.135533354,flo_fence,-0.432445566
4716,0.135533354,spr,-0.188473613
4716,0.135533354,spr_buff,-0.222874236
4716,0.135533354,spr_buff_fence,-0.244063535
4716,0.135533354,spr_fence,-0.209662912
4717,-0.415183858,flo,0.142124174
4717,-0.415183858,flo_buff,-0.545488965
4717,-0.415183858,flo_buff_fence,-0.566678263
4717,-0.415183858,flo_fence,-0.53227764
4717,-0.415183858,spr,-0.282819801
4717,-0.415183858,spr_buff,-0.317220424
4717,-0.415183858,spr_buff_fence,-0.338409723
4717,-0.415183858,spr_fence,-0.3040091
4718,0.558574182,flo,0.153484034
4718,0.558574182,flo_buff,-0.534129103
4718,0.558574182,flo_buff_fence,-0.555318402
4718,0.558574182,flo_fence,-0.520917781
4718,0.558574182,spr,-0.277255037
4718,0.558574182,spr_buff,-0.311655661
4718,0.558574182,spr_buff_fence,-0.332844959
4718,0.558574182,spr_fence,-0.298444336
4719,0.461342429,flo,0.059957365
4719,0.461342429,flo_buff,-0.627655774
4719,0.461342429,flo_buff_fence,-0.648845072
4719,0.461342429,flo_fence,-0.614444449
4719,0.461342429,spr,-0.360683366
4719,0.461342429,spr_buff,-0.395083989
4719,0.461342429,spr_buff_fence,-0.416273288
4719,0.461342429,spr_fence,-0.381872666
4720,0.907126396,flo,0.066475151
4720,0.907126396,flo_buff,-0.621137986
4720,0.907126396,flo_buff_fence,-0.642327287
4720,0.907126396,flo_fence,-0.607926663
4720,0.907126396,spr,-0.347914366
4720,0.907126396,spr_buff,-0.382314989
4720,0.907126396,spr_buff_fence,-0.403504288
4720,0.907126396,spr_fence,-0.369103665
4721,0.41287868,flo,0.166757238
4721,0.41287868,flo_buff,-0.520855899
4721,0.41287868,flo_buff_fence,-0.542045196
4721,0.41287868,flo_fence,-0.507644575
4721,0.41287868,spr,-0.257181213
4721,0.41287868,spr_buff,-0.291581837
4721,0.41287868,spr_buff_fence,-0.312771136
4721,0.41287868,spr_fence,-0.278370513
4722,0.40532245,flo,0.338135579
4722,0.40532245,flo_buff,-0.349477557
4722,0.40532245,flo_buff_fence,-0.370666856
4722,0.40532245,flo_fence,-0.336266233
4722,0.40532245,spr,-0.074889316
4722,0.40532245,spr_buff,-0.109289939
4722,0.40532245,spr_buff_fence,-0.130479238
4722,0.40532245,spr_fence,-0.096078616
4723,0.261091497,flo,0.273270722
4723,0.261091497,flo_buff,-0.414342416
4723,0.261091497,flo_buff_fence,-0.435531716
4723,0.261091497,flo_fence,-0.401131092
4723,0.261091497,spr,-0.162455811
4723,0.261091497,spr_buff,-0.196856434
4723,0.261091497,spr_buff_fence,-0.218045732
4723,0.261091497,spr_fence,-0.183645109
4724,0.46062576,flo,0.249161754
4724,0.46062576,flo_buff,-0.438451383
4724,0.46062576,flo_buff_fence,-0.459640681
4724,0.46062576,flo_fence,-0.42524006
4724,0.46062576,spr,-0.180476999
4724,0.46062576,spr_buff,-0.214877622
4724,0.46062576,spr_buff_fence,-0.236066921
4724,0.46062576,spr_fence,-0.201666298
4725,0.386625579,flo,0.23544249
4725,0.386625579,flo_buff,-0.452170646
4725,0.386625579,flo_buff_fence,-0.473359946
4725,0.386625579,flo_fence,-0.438959323
4725,0.386625579,spr,-0.20521893
4725,0.386625579,spr_buff,-0.239619553
4725,0.386625579,spr_buff_fence,-0.260808852
4725,0.386625579,spr_fence,-0.226408228
4726,0.7778044,flo,0.4534804
4726,0.7778044,flo_buff,-0.234132736
4726,0.7778044,flo_buff_fence,-0.255322035
4726,0.7778044,flo_fence,-0.220921412
4726,0.7778044,spr,0.026371805
4726,0.7778044,spr_buff,-0.008028818
4726,0.7778044,spr_buff_fence,-0.029218117
4726,0.7778044,spr_fence,0.005182505
4727,1.817895097,flo,0.501607631
4727,1.817895097,flo_buff,-0.186005506
4727,1.817895097,flo_buff_fence,-0.207194806
4727,1.817895097,flo_fence,-0.172794183
4727,1.817895097,spr,0.085965625
4727,1.817895097,spr_buff,0.051565003
4727,1.817895097,spr_buff_fence,0.030375703
4727,1.817895097,spr_fence,0.064776326
4728,0.497859481,flo,-2.733898894
4728,0.497859481,flo_buff,-3.421512075
4728,0.497859481,flo_buff_fence,-3.442702176
4728,0.497859481,flo_fence,-3.408301118
4728,0.497859481,spr,-3.445879268
4728,0.497859481,spr_buff,-3.480279609
4728,0.497859481,spr_buff_fence,-3.501468908
4728,0.497859481,spr_fence,-3.467068628
4732,1.540022732,flo,0.173627581
4732,1.540022732,flo_buff,-0.513985555
4732,1.540022732,flo_buff_fence,-0.535174855
4732,1.540022732,flo_fence,-0.500774232
4732,1.540022732,spr,-0.160927473
4732,1.540022732,spr_buff,-0.195328096
4732,1.540022732,spr_buff_fence,-0.216517395
4732,1.540022732,spr_fence,0.295904421
4734,1.399235746,flo,0.678317446
4734,1.399235746,flo_buff,-0.009295691
4734,1.399235746,flo_buff_fence,-0.030484989
4734,1.399235746,flo_fence,0.003915633
4734,1.399235746,spr,0.348899135
4734,1.399235746,spr_buff,0.314498512
4734,1.399235746,spr_buff_fence,0.293309213
4734,1.399235746,spr_fence,0.327709836
4735,0.329157781,flo,0.627283763
4735,0.329157781,flo_buff,-0.060329375
4735,0.329157781,flo_buff_fence,-0.081518674
4735,0.329157781,flo_fence,-0.047118051
4735,0.329157781,spr,0.392024972
4735,0.329157781,spr_buff,0.357624349
4735,0.329157781,spr_buff_fence,0.33643505
4735,0.329157781,spr_fence,0.370835672
4736,0.628199843,flo,0.878272581
4736,0.628199843,flo_buff,0.190659444
4736,0.628199843,flo_buff_fence,0.169470145
4736,0.628199843,flo_fence,0.203870768
4736,0.628199843,spr,0.579316277
4736,0.628199843,spr_buff,0.544915654
4736,0.628199843,spr_buff_fence,0.523726355
4736,0.628199843,spr_fence,0.558126978
4737,0.733771663,flo,0.74327378
4737,0.733771663,flo_buff,0.055660643
4737,0.733771663,flo_buff_fence,0.034471344
4737,0.733771663,flo_fence,0.068871968
4737,0.733771663,spr,0.46099662
4737,0.733771663,spr_buff,0.426595997
4737,0.733771663,spr_buff_fence,0.405406698
4737,0.733771663,spr_fence,0.439807321
4738,1.222399086,flo,0.549362357
4738,1.222399086,flo_buff,-0.138250779
4738,1.222399086,flo_buff_fence,-0.159440078
4738,1.222399086,flo_fence,-0.125039455
4738,1.222399086,spr,0.381238836
4738,1.222399086,spr_buff,0.346838213
4738,1.222399086,spr_buff_fence,0.325648914
4738,1.222399086,spr_fence,0.360049537
4739,0.702290057,flo,0.446334188
4739,0.702290057,flo_buff,-0.241278949
4739,0.702290057,flo_buff_fence,-0.262468248
4739,0.702290057,flo_fence,-0.228067626
4739,0.702290057,spr,0.306452451
4739,0.702290057,spr_buff,0.272051828
4739,0.702290057,spr_buff_fence,0.250862529
4739,0.702290057,spr_fence,0.285263152
4740,0.927043749,flo,1.134883164
4740,0.927043749,flo_buff,0.447270027
4740,0.927043749,flo_buff_fence,0.426080728
4740,0.927043749,flo_fence,0.460481351
4740,0.927043749,spr,0.822945394
4740,0.927043749,spr_buff,0.788544771
4740,0.927043749,spr_buff_fence,0.767355472
4740,0.927043749,spr_fence,0.801756095
4741,1.474868673,flo,0.335617063
4741,1.474868673,flo_buff,-0.351996075
4741,1.474868673,flo_buff_fence,-0.373185373
4741,1.474868673,flo_fence,-0.33878475
4741,1.474868673,spr,0.029898927
4741,1.474868673,spr_buff,-0.004501696
4741,1.474868673,spr_buff_fence,-0.025690995
4741,1.474868673,spr_fence,0.008709628
4742,0.605812325,flo,0.508596091
4742,0.605812325,flo_buff,-0.179017045
4742,0.605812325,flo_buff_fence,-0.200206344
4742,0.605812325,flo_fence,-0.165805721
4742,0.605812325,spr,0.175992514
4742,0.605812325,spr_buff,0.141591891
4742,0.605812325,spr_buff_fence,0.120402593
4742,0.605812325,spr_fence,0.154803216
4743,0.893787275,flo,-0.000931874
4743,0.893787275,flo_buff,-0.688545011
4743,0.893787275,flo_buff_fence,-0.709734312
4743,0.893787275,flo_fence,-0.675333687
4743,0.893787275,spr,-0.332143799
4743,0.893787275,spr_buff,-0.366544422
4743,0.893787275,spr_buff_fence,-0.387733722
4743,0.893787275,spr_fence,-0.3533331
4744,0.687515584,flo,0.364585347
4744,0.687515584,flo_buff,-0.323027789
4744,0.687515584,flo_buff_fence,-0.344217089
4744,0.687515584,flo_fence,-0.309816466
4744,0.687515584,spr,0.152159083
4744,0.687515584,spr_buff,0.11775846
4744,0.687515584,spr_buff_fence,0.096569161
4744,0.687515584,spr_fence,0.130969784
4746,0.46665116,flo,0.491192617
4746,0.46665116,flo_buff,-0.196420519
4746,0.46665116,flo_buff_fence,-0.217609819
4746,0.46665116,flo_fence,-0.183209196
4746,0.46665116,spr,0.291117527
4746,0.46665116,spr_buff,0.256716904
4746,0.46665116,spr_buff_fence,0.235527605
4746,0.46665116,spr_fence,0.269928228
4748,0.955822394,flo,0.882782966
4748,0.955822394,flo_buff,0.19516983
4748,0.955822394,flo_buff_fence,0.173980531
4748,0.955822394,flo_fence,0.208381153
4748,0.955822394,spr,0.609947663
4748,0.955822394,spr_buff,0.57554704
4748,0.955822394,spr_buff_fence,0.554357741
4748,0.955822394,spr_fence,0.588758364
4750,0.567862372,flo,1.248969427
4750,0.567862372,flo_buff,0.56135629
4750,0.567862372,flo_buff_fence,0.540166991
4750,0.567862372,flo_fence,0.574567614
4750,0.567862372,spr,0.880300498
4750,0.567862372,spr_buff,0.845899876
4750,0.567862372,spr_buff_fence,0.824710576
4750,0.567862372,spr_fence,0.859111199
4752,0.70047786,flo,1.0197979
4752,0.70047786,flo_buff,0.332184764
4752,0.70047786,flo_buff_fence,0.310995464
4752,0.70047786,flo_fence,0.345396087
4752,0.70047786,spr,0.716962413
4752,0.70047786,spr_buff,0.68256179
4752,0.70047786,spr_buff_fence,0.661372491
4752,0.70047786,spr_fence,0.695773114
4753,0.993114689,flo,1.266792937
4753,0.993114689,flo_buff,0.5791798
4753,0.993114689,flo_buff_fence,0.557990501
4753,0.993114689,flo_fence,0.592391124
4753,0.993114689,spr,0.919636796
4753,0.993114689,spr_buff,0.885236173
4753,0.993114689,spr_buff_fence,0.864046874
4753,0.993114689,spr_fence,0.898447497
4754,0.82797828,flo,0.844976176
4754,0.82797828,flo_buff,0.157363039
4754,0.82797828,flo_buff_fence,0.13617374
4754,0.82797828,flo_fence,0.170574363
4754,0.82797828,spr,0.49189678
4754,0.82797828,spr_buff,0.457496157
4754,0.82797828,spr_buff_fence,0.436306858
4754,0.82797828,spr_fence,0.47070748
4755,0.270219848,flo,1.267075163
4755,0.270219848,flo_buff,0.579462027
4755,0.270219848,flo_buff_fence,0.558272727
4755,0.270219848,flo_fence,0.59267335
4755,0.270219848,spr,0.883127624
4755,0.270219848,spr_buff,0.848727001
4755,0.270219848,spr_buff_fence,0.827537702
4755,0.270219848,spr_fence,0.861938325
4756,0.054279738,flo,0.650722843
4756,0.054279738,flo_buff,-0.036890294
4756,0.054279738,flo_buff_fence,-0.058079593
4756,0.054279738,flo_fence,-0.02367897
4756,0.054279738,spr,0.27865854
4756,0.054279738,spr_buff,0.244257917
4756,0.054279738,spr_buff_fence,0.223068618
4756,0.054279738,spr_fence,0.257469241
4757,1.230576636,flo,0.533303797
4757,1.230576636,flo_buff,-0.15430934
4757,1.230576636,flo_buff_fence,-0.175498638
4757,1.230576636,flo_fence,-0.141098017
4757,1.230576636,spr,0.037106214
4757,1.230576636,spr_buff,0.002705591
4757,1.230576636,spr_buff_fence,-0.018483708
4757,1.230576636,spr_fence,0.015916915
4758,0.706280708,flo,0.803052562
4758,0.706280708,flo_buff,0.115439425
4758,0.706280708,flo_buff_fence,0.094250126
4758,0.706280708,flo_fence,0.128650749
4758,0.706280708,spr,0.311797565
4758,0.706280708,spr_buff,0.277396943
4758,0.706280708,spr_buff_fence,0.256207643
4758,0.706280708,spr_fence,0.290608266
4759,0.855024614,flo,0.779117317
4759,0.855024614,flo_buff,0.09150418
4759,0.855024614,flo_buff_fence,0.070314881
4759,0.855024614,flo_fence,0.104715504
4759,0.855024614,spr,0.28735387
4759,0.855024614,spr_buff,0.252953247
4759,0.855024614,spr_buff_fence,0.231763948
4759,0.855024614,spr_fence,0.266164571
4760,0.745727305,flo,0.699541524
4760,0.745727305,flo_buff,0.011928387
4760,0.745727305,flo_buff_fence,-0.009260912
4760,0.745727305,flo_fence,0.025139711
4760,0.745727305,spr,0.214700525
4760,0.745727305,spr_buff,0.180299902
4760,0.745727305,spr_buff_fence,0.159110603
4760,0.745727305,spr_fence,0.193511226
4762,1.726643275,flo,0.845620359
4762,1.726643275,flo_buff,0.158007222
4762,1.726643275,flo_buff_fence,0.136817924
4762,1.726643275,flo_fence,0.171218547
4762,1.726643275,spr,0.300847861
4762,1.726643275,spr_buff,0.266447238
4762,1.726643275,spr_buff_fence,0.245257939
4762,1.726643275,spr_fence,0.279658561
4764,1.293987577,flo,0.781563513
4764,1.293987577,flo_buff,0.093950376
4764,1.293987577,flo_buff_fence,0.072761077
4764,1.293987577,flo_fence,0.1071617
4764,1.293987577,spr,0.233998175
4764,1.293987577,spr_buff,0.199597552
4764,1.293987577,spr_buff_fence,0.178408253
4764,1.293987577,spr_fence,0.212808876
4765,0.652494853,flo,0.217376982
4765,0.652494853,flo_buff,-0.470236155
4765,0.652494853,flo_buff_fence,-0.491425453
4765,0.652494853,flo_fence,-0.457024832
4765,0.652494853,spr,-0.34262146
4765,0.652494853,spr_buff,-0.377022084
4765,0.652494853,spr_buff_fence,-0.398211382
4765,0.652494853,spr_fence,-0.363810759
4772,0.361106161,flo,0.757637586
4772,0.361106161,flo_buff,0.070024449
4772,0.361106161,flo_buff_fence,0.048835151
4772,0.361106161,flo_fence,0.083235774
4772,0.361106161,spr,0.201153422
4772,0.361106161,spr_buff,0.166752799
4772,0.361106161,spr_buff_fence,0.1455635
4772,0.361106161,spr_fence,0.179964123
4775,0.81871865,flo,0.466092094
4775,0.81871865,flo_buff,-0.221521043
4775,0.81871865,flo_buff_fence,-0.242710342
4775,0.81871865,flo_fence,-0.208309719
4775,0.81871865,spr,0.052624592
4775,0.81871865,spr_buff,0.018223969
4775,0.81871865,spr_buff_fence,-0.002965329
4775,0.81871865,spr_fence,0.031435294
4776,1.153052275,flo,0.132732632
4776,1.153052275,flo_buff,-0.554880506
4776,1.153052275,flo_buff_fence,-0.576069804
4776,1.153052275,flo_fence,-0.541669181
4776,1.153052275,spr,-0.293648419
4776,1.153052275,spr_buff,-0.328049042
4776,1.153052275,spr_buff_fence,-0.349238341
4776,1.153052275,spr_fence,-0.314837719
4778,0.383032212,flo,0.66006715
4778,0.383032212,flo_buff,-0.027545986
4778,0.383032212,flo_buff_fence,-0.048735285
4778,0.383032212,flo_fence,-0.014334662
4778,0.383032212,spr,0.172080112
4778,0.383032212,spr_buff,0.137679489
4778,0.383032212,spr_buff_fence,0.11649019
4778,0.383032212,spr_fence,0.150890812
4780,0.678436429,flo,0.689798433
4780,0.678436429,flo_buff,0.002185296
4780,0.678436429,flo_buff_fence,-0.019004003
4780,0.678436429,flo_fence,0.01539662
4780,0.678436429,spr,0.252518858
4780,0.678436429,spr_buff,0.218118235
4780,0.678436429,spr_buff_fence,0.196928936
4780,0.678436429,spr_fence,0.231329559
4787,1.789567317,flo,0.866695614
4787,1.789567317,flo_buff,0.179082478
4787,1.789567317,flo_buff_fence,0.157893179
4787,1.789567317,flo_fence,0.295904421
4787,1.789567317,spr,0.348373031
4787,1.789567317,spr_buff,0.313972408
4787,1.789567317,spr_buff_fence,0.292783109
4787,1.789567317,spr_fence,0.327183732
4788,1.618133901,flo,0.461837859
4788,1.618133901,flo_buff,-0.225775278
4788,1.618133901,flo_buff_fence,-0.246964577
4788,1.618133901,flo_fence,-0.212563954
4788,1.618133901,spr,-0.107380859
4788,1.618133901,spr_buff,-0.141781482
4788,1.618133901,spr_buff_fence,-0.162970782
4788,1.618133901,spr_fence,-0.128570159
4789,1.471247692,flo,-1.760532343
4789,1.471247692,flo_buff,-2.448145662
4789,1.471247692,flo_buff_fence,-2.469334998
4789,1.471247692,flo_fence,-2.434934261
4789,1.471247692,spr,-2.472512525
4789,1.471247692,spr_buff,-2.506913245
4789,1.471247692,spr_buff_fence,-2.52810246
4789,1.471247692,spr_fence,-2.493701746
4790,1.90561781,flo,0.259318268
4790,1.90561781,flo_buff,-0.428294868
4790,1.90561781,flo_buff_fence,-0.449484168
4790,1.90561781,flo_fence,-0.415083546
4790,1.90561781,spr,-0.296698968
4790,1.90561781,spr_buff,-0.331099591
4790,1.90561781,spr_buff_fence,-0.35228889
4790,1.90561781,spr_fence,-0.317888267
4791,1.647064958,flo,0.714569201
4791,1.647064958,flo_buff,0.026956065
4791,1.647064958,flo_buff_fence,0.005766765
4791,1.647064958,flo_fence,0.040167388
4791,1.647064958,spr,0.155623471
4791,1.647064958,spr_buff,0.121222848
4791,1.647064958,spr_buff_fence,0.100033549
4791,1.647064958,spr_fence,0.134434171
4792,1.915636179,flo,0.943841686
4792,1.915636179,flo_buff,0.25622855
4792,1.915636179,flo_buff_fence,0.235039251
4792,1.915636179,flo_fence,0.269439874
4792,1.915636179,spr,0.385312062
4792,1.915636179,spr_buff,0.350911439
4792,1.915636179,spr_buff_fence,0.32972214
4792,1.915636179,spr_fence,0.364122763
4793,1.805323434,flo,0.534308784
4793,1.805323434,flo_buff,-0.153304353
4793,1.805323434,flo_buff_fence,-0.174493652
4793,1.805323434,flo_fence,-0.14009303
4793,1.805323434,spr,0.16383102
4793,1.805323434,spr_buff,0.129430398
4793,1.805323434,spr_buff_fence,0.108241099
4793,1.805323434,spr_fence,0.142641721
4795,1.605414953,flo,1.133079815
4795,1.605414953,flo_buff,0.445466678
4795,1.605414953,flo_buff_fence,0.424277379
4795,1.605414953,flo_fence,0.458678002
4795,1.605414953,spr,0.742149691
4795,1.605414953,spr_buff,0.707749069
4795,1.605414953,spr_buff_fence,0.68655977
4795,1.605414953,spr_fence,0.720960392
4796,2.148633498,flo,0.864220276
4796,2.148633498,flo_buff,0.176607139
4796,2.148633498,flo_buff_fence,0.155417841
4796,2.148633498,flo_fence,0.189818463
4796,2.148633498,spr,0.507821984
4796,2.148633498,spr_buff,0.473421361
4796,2.148633498,spr_buff_fence,0.452232062
4796,2.148633498,spr_fence,0.486632685
4797,2.048663167,flo,0.658399215
4797,2.048663167,flo_buff,-0.029213922
4797,2.048663167,flo_buff_fence,-0.050403221
4797,2.048663167,flo_fence,-0.016002598
4797,2.048663167,spr,0.304746683
4797,2.048663167,spr_buff,0.27034606
4797,2.048663167,spr_buff_fence,0.249156761
4797,2.048663167,spr_fence,0.283557384
4798,1.610792134,flo,0.826940262
4798,1.610792134,flo_buff,0.139327126
4798,1.610792134,flo_buff_fence,0.118137827
4798,1.610792134,flo_fence,0.15253845
4798,1.610792134,spr,0.471856431
4798,1.610792134,spr_buff,0.437455808
4798,1.610792134,spr_buff_fence,0.416266509
4798,1.610792134,spr_fence,0.450667132
4799,1.442060951,flo,0.596314075
4799,1.442060951,flo_buff,-0.091299062
4799,1.442060951,flo_buff_fence,-0.112488361
4799,1.442060951,flo_fence,-0.078087738
4799,1.442060951,spr,0.215285219
4799,1.442060951,spr_buff,0.180884596
4799,1.442060951,spr_buff_fence,0.159695297
4799,1.442060951,spr_fence,0.19409592
4804,1.60638889,flo,0.50711797
4804,1.60638889,flo_buff,-0.180495167
4804,1.60638889,flo_buff_fence,-0.201684465
4804,1.60638889,flo_fence,-0.167283843
4804,1.60638889,spr,0.150433343
4804,1.60638889,spr_buff,0.11603272
4804,1.60638889,spr_buff_fence,0.094843421
4804,1.60638889,spr_fence,0.129244044
4805,1.150200556,flo,0.580385164
4805,1.150200556,flo_buff,-0.107227973
4805,1.150200556,flo_buff_fence,-0.128417272
4805,1.150200556,flo_fence,-0.09401665
4805,1.150200556,spr,0.213526556
4805,1.150200556,spr_buff,0.179125934
4805,1.150200556,spr_buff_fence,0.157936634
4805,1.150200556,spr_fence,0.192337257
4806,1.055970495,flo,0.34812815
4806,1.055970495,flo_buff,-0.339484985
4806,1.055970495,flo_buff_fence,-0.360674285
4806,1.055970495,flo_fence,-0.326273662
4806,1.055970495,spr,-0.017193063
4806,1.055970495,spr_buff,-0.051593686
4806,1.055970495,spr_buff_fence,-0.072782984
4806,1.055970495,spr_fence,-0.038382361
4807,1.103772943,flo,0.867390081
4807,1.103772943,flo_buff,0.179776944
4807,1.103772943,flo_buff_fence,0.158587646
4807,1.103772943,flo_fence,0.192988268
4807,1.103772943,spr,0.508403739
4807,1.103772943,spr_buff,0.474003116
4807,1.103772943,spr_buff_fence,0.452813817
4807,1.103772943,spr_fence,0.48721444
4808,1.014133954,flo,1.040396429
4808,1.014133954,flo_buff,0.352783293
4808,1.014133954,flo_buff_fence,0.331593994
4808,1.014133954,flo_fence,0.365994617
4808,1.014133954,spr,0.654980442
4808,1.014133954,spr_buff,0.620579819
4808,1.014133954,spr_buff_fence,0.59939052
4808,1.014133954,spr_fence,0.633791142
4811,1.02821326,flo,0.831916397
4811,1.02821326,flo_buff,0.14430326
4811,1.02821326,flo_buff_fence,0.123113962
4811,1.02821326,flo_fence,0.157514584
4811,1.02821326,spr,0.462617941
4811,1.02821326,spr_buff,0.428217318
4811,1.02821326,spr_buff_fence,0.407028019
4811,1.02821326,spr_fence,0.441428642
4813,1.061576869,flo,0.504243026
4813,1.061576869,flo_buff,-0.183370111
4813,1.061576869,flo_buff_fence,-0.204559409
4813,1.061576869,flo_fence,-0.170158786
4813,1.061576869,spr,0.103530068
4813,1.061576869,spr_buff,0.069129445
4813,1.061576869,spr_buff_fence,0.047940146
4813,1.061576869,spr_fence,0.082340769
4814,1.014835435,flo,0.740429793
4814,1.014835435,flo_buff,0.052816656
4814,1.014835435,flo_buff_fence,0.031627357
4814,1.014835435,flo_fence,0.06602798
4814,1.014835435,spr,0.188826635
4814,1.014835435,spr_buff,0.154426012
4814,1.014835435,spr_buff_fence,0.133236713
4814,1.014835435,spr_fence,0.167637336
4816,0.836715184,flo,1.100677086
4816,0.836715184,flo_buff,0.413063949
4816,0.836715184,flo_buff_fence,0.39187465
4816,0.836715184,flo_fence,0.426275273
4816,0.836715184,spr,0.550811865
4816,0.836715184,spr_buff,0.516411242
4816,0.836715184,spr_buff_fence,0.495221943
4816,0.836715184,spr_fence,0.529622566
4818,0.510676351,flo,0.177059017
4818,0.510676351,flo_buff,-0.510554119
4818,0.510676351,flo_buff_fence,-0.531743417
4818,0.510676351,flo_fence,-0.497342795
4818,0.510676351,spr,-0.295206501
4818,0.510676351,spr_buff,-0.329607124
4818,0.510676351,spr_buff_fence,-0.350796423
4818,0.510676351,spr_fence,-0.316395801
4822,0.860825341,flo,0.532107959
4822,0.860825341,flo_buff,-0.155505178
4822,0.860825341,flo_buff_fence,-0.176694477
4822,0.860825341,flo_fence,-0.142293854
4822,0.860825341,spr,0.370737196
4822,0.860825341,spr_buff,0.336336573
4822,0.860825341,spr_buff_fence,0.315147274
4822,0.860825341,spr_fence,0.349547896
4823,1.179887722,flo,1.287872257
4823,1.179887722,flo_buff,0.60025912
4823,1.179887722,flo_buff_fence,0.579069821
4823,1.179887722,flo_fence,0.613470444
4823,1.179887722,spr,0.894093538
4823,1.179887722,spr_buff,0.859692915
4823,1.179887722,spr_buff_fence,0.838503616
4823,1.179887722,spr_fence,0.872904239
4830,0.646510571,flo,0.569274607
4830,0.646510571,flo_buff,-0.11833853
4830,0.646510571,flo_buff_fence,-0.139527829
4830,0.646510571,flo_fence,-0.105127206
4830,0.646510571,spr,0.014421593
4830,0.646510571,spr_buff,-0.01997903
4830,0.646510571,spr_buff_fence,-0.041168329
4830,0.646510571,spr_fence,-0.006767707
4831,0.950408184,flo,0.30354233
4831,0.950408184,flo_buff,-0.384070808
4831,0.950408184,flo_buff_fence,-0.405260107
4831,0.950408184,flo_fence,-0.370859484
4831,0.950408184,spr,-0.265185869
4831,0.950408184,spr_buff,-0.299586492
4831,0.950408184,spr_buff_fence,-0.320775792
4831,0.950408184,spr_fence,-0.286375169
4832,1.040748662,flo,0.631428745
4832,1.040748662,flo_buff,-0.056184391
4832,1.040748662,flo_buff_fence,-0.07737369
4832,1.040748662,flo_fence,-0.042973068
4832,1.040748662,spr,0.073263096
4832,1.040748662,spr_buff,0.038862473
4832,1.040748662,spr_buff_fence,0.017673174
4832,1.040748662,spr_fence,0.052073797
4835,0.457377702,flo,0.218440527
4835,0.457377702,flo_buff,-0.46917261
4835,0.457377702,flo_buff_fence,-0.490361909
4835,0.457377702,flo_fence,-0.455961285
4835,0.457377702,spr,-0.344307077
4835,0.457377702,spr_buff,-0.3787077
4835,0.457377702,spr_buff_fence,-0.399896999
4835,0.457377702,spr_fence,-0.365496377
4836,0.818388229,flo,0.317948792
4836,0.818388229,flo_buff,-0.369664346
4836,0.818388229,flo_buff_fence,-0.390853645
4836,0.818388229,flo_fence,-0.356453021
4836,0.818388229,spr,-0.239975102
4836,0.818388229,spr_buff,-0.274375726
4836,0.818388229,spr_buff_fence,-0.295565024
4836,0.818388229,spr_fence,-0.261164401
4837,0.8421791,flo,0.144034041
4837,0.8421791,flo_buff,-0.543579094
4837,0.8421791,flo_buff_fence,-0.564768393
4837,0.8421791,flo_fence,-0.530367771
4837,0.8421791,spr,-0.413376073
4837,0.8421791,spr_buff,-0.447776695
4837,0.8421791,spr_buff_fence,-0.468965995
4837,0.8421791,spr_fence,-0.434565373
4841,0.312642725,flo,1.125010579
4841,0.312642725,flo_buff,0.437397442
4841,0.312642725,flo_buff_fence,0.416208143
4841,0.312642725,flo_fence,0.450608766
4841,0.312642725,spr,0.56610714
4841,0.312642725,spr_buff,0.531706517
4841,0.312642725,spr_buff_fence,0.510517218
4841,0.312642725,spr_fence,0.544917841
4843,0.573391515,flo,-0.096695172
4843,0.573391515,flo_buff,-0.78430831
4843,0.573391515,flo_buff_fence,-0.805497608
4843,0.573391515,flo_fence,-0.771096985
4843,0.573391515,spr,-0.543698982
4843,0.573391515,spr_buff,-0.578099604
4843,0.573391515,spr_buff_fence,-0.599288904
4843,0.573391515,spr_fence,-0.564888281
4847,0.714523388,flo,-2.517324037
4847,0.714523388,flo_buff,-3.204937921
4847,0.714523388,flo_buff_fence,-3.22612729
4847,0.714523388,flo_fence,-3.191726218
4847,0.714523388,spr,-3.229304068
4847,0.714523388,spr_buff,-3.263705509
4847,0.714523388,spr_buff_fence,-3.284894569
4847,0.714523388,spr_fence,-3.250493257
4848,0.541486884,flo,0.785806551
4848,0.541486884,flo_buff,0.098193415
4848,0.541486884,flo_buff_fence,0.077004115
4848,0.541486884,flo_fence,0.111404738
4848,0.541486884,spr,0.293157954
4848,0.541486884,spr_buff,0.258757332
4848,0.541486884,spr_buff_fence,0.237568032
4848,0.541486884,spr_fence,0.271968655
4850,0.731658859,flo,0.331822549
4850,0.731658859,flo_buff,-0.355790587
4850,0.731658859,flo_buff_fence,-0.376979885
4850,0.731658859,flo_fence,-0.342579264
4850,0.731658859,spr,-0.176829579
4850,0.731658859,spr_buff,-0.211230201
4850,0.731658859,spr_buff_fence,-0.232419501
4850,0.731658859,spr_fence,-0.198018878
4851,0.596157081,flo,0.722032487
4851,0.596157081,flo_buff,0.034419351
4851,0.596157081,flo_buff_fence,0.013230051
4851,0.596157081,flo_fence,0.047630674
4851,0.596157081,spr,0.230874188
4851,0.596157081,spr_buff,0.196473565
4851,0.596157081,spr_buff_fence,0.175284266
4851,0.596157081,spr_fence,0.209684889
4852,0.478953004,flo,0.693277341
4852,0.478953004,flo_buff,0.005664204
4852,0.478953004,flo_buff_fence,-0.015525095
4852,0.478953004,flo_fence,0.018875528
4852,0.478953004,spr,0.195132772
4852,0.478953004,spr_buff,0.160732149
4852,0.478953004,spr_buff_fence,0.13954285
4852,0.478953004,spr_fence,0.173943473
4853,1.171091364,flo,0.517083384
4853,1.171091364,flo_buff,-0.170529753
4853,1.171091364,flo_buff_fence,-0.191719053
4853,1.171091364,flo_fence,-0.157318429
4853,1.171091364,spr,0.034679785
4853,1.171091364,spr_buff,0.000279162
4853,1.171091364,spr_buff_fence,-0.020910137
4853,1.171091364,spr_fence,0.013490486
4854,0.693781452,flo,-2.53828588
4854,0.693781452,flo_buff,-3.22589928
4854,0.693781452,flo_buff_fence,-3.247088433
4854,0.693781452,flo_fence,-3.21268833
4854,0.693781452,spr,-3.250266776
4854,0.693781452,spr_buff,-3.284666989
4854,0.693781452,spr_buff_fence,-3.305856539
4854,0.693781452,spr_fence,-3.271456306
4856,0.6013874,flo,-2.631039783
4856,0.6013874,flo_buff,-3.318652012
4856,0.6013874,flo_buff_fence,-3.339842487
4856,0.6013874,flo_fence,-3.305441304
4856,0.6013874,spr,-3.343018768
4856,0.6013874,spr_buff,-3.37741921
4856,0.6013874,spr_buff_fence,-3.398609338
4856,0.6013874,spr_fence,-3.364208737
4857,0.311571631,flo,0.233955717
4857,0.311571631,flo_buff,-0.45365742
4857,0.311571631,flo_buff_fence,-0.474846718
4857,0.311571631,flo_fence,-0.440446097
4857,0.311571631,spr,-0.322886846
4857,0.311571631,spr_buff,-0.357287469
4857,0.311571631,spr_buff_fence,-0.378476768
4857,0.311571631,spr_fence,-0.344076146
4858,0.553637909,flo,0.181461155
4858,0.553637909,flo_buff,-0.506151981
4858,0.553637909,flo_buff_fence,-0.527341279
4858,0.553637909,flo_fence,-0.492940656
4858,0.553637909,spr,-0.369809545
4858,0.553637909,spr_buff,-0.404210167
4858,0.553637909,spr_buff_fence,-0.425399466
4858,0.553637909,spr_fence,-0.390998844
4859,0.636663384,flo,0.22456019
4859,0.636663384,flo_buff,-0.463052944
4859,0.636663384,flo_buff_fence,-0.484242245
4859,0.636663384,flo_fence,-0.449841622
4859,0.636663384,spr,-0.334292553
4859,0.636663384,spr_buff,-0.368693177
4859,0.636663384,spr_buff_fence,-0.389882475
4859,0.636663384,spr_fence,-0.355481852
4860,0.736262607,flo,0.599957966
4860,0.736262607,flo_buff,-0.087655171
4860,0.736262607,flo_buff_fence,-0.10884447
4860,0.736262607,flo_fence,-0.074443848
4860,0.736262607,spr,0.058187903
4860,0.736262607,spr_buff,0.02378728
4860,0.736262607,spr_buff_fence,0.002597981
4860,0.736262607,spr_fence,0.036998604
4861,1.137252806,flo,0.659690205
4861,1.137252806,flo_buff,-0.027922932
4861,1.137252806,flo_buff_fence,-0.04911223
4861,1.137252806,flo_fence,-0.014711608
4861,1.137252806,spr,0.099013246
4861,1.137252806,spr_buff,0.064612623
4861,1.137252806,spr_buff_fence,0.043423324
4861,1.137252806,spr_fence,0.077823947
4864,1.350775056,flo,0.815308118
4864,1.350775056,flo_buff,0.127694982
4864,1.350775056,flo_buff_fence,0.106505683
4864,1.350775056,flo_fence,0.140906305
4864,1.350775056,spr,0.238829577
4864,1.350775056,spr_buff,0.204428955
4864,1.350775056,spr_buff_fence,0.183239656
4864,1.350775056,spr_fence,0.217640278
4870,1.134801634,flo,1.209476071
4870,1.134801634,flo_buff,0.521862934
4870,1.134801634,flo_buff_fence,0.500673635
4870,1.134801634,flo_fence,0.535074258
4870,1.134801634,spr,0.866289336
4870,1.134801634,spr_buff,0.831888713
4870,1.134801634,spr_buff_fence,0.810699414
4870,1.134801634,spr_fence,0.845100036
4871,0.122520597,flo,0.049080441
4871,0.122520597,flo_buff,-0.638532694
4871,0.122520597,flo_buff_fence,-0.659721992
4871,0.122520597,flo_fence,-0.62532137
4871,0.122520597,spr,-0.40569931
4871,0.122520597,spr_buff,-0.440099931
4871,0.122520597,spr_buff_fence,-0.461289231
4871,0.122520597,spr_fence,-0.426888609
4874,0.413358449,flo,0.188779913
4874,0.413358449,flo_buff,-0.498833224
4874,0.413358449,flo_buff_fence,-0.520022524
4874,0.413358449,flo_fence,-0.4856219
4874,0.413358449,spr,-0.309421562
4874,0.413358449,spr_buff,-0.343822185
4874,0.413358449,spr_buff_fence,-0.365011484
4874,0.413358449,spr_fence,-0.330610861
4876,0.835176088,flo,0.360275725
4876,0.835176088,flo_buff,-0.327337411
4876,0.835176088,flo_buff_fence,-0.34852671
4876,0.835176088,flo_fence,-0.314126087
4876,0.835176088,spr,-0.137728828
4876,0.835176088,spr_buff,-0.172129451
4876,0.835176088,spr_buff_fence,-0.19331875
4876,0.835176088,spr_fence,-0.158918127
4878,0.431553525,flo,0.13718791
4878,0.431553525,flo_buff,-0.550425224
4878,0.431553525,flo_buff_fence,-0.571614525
4878,0.431553525,flo_fence,-0.537213901
4878,0.431553525,spr,-0.359282699
4878,0.431553525,spr_buff,-0.393683322
4878,0.431553525,spr_buff_fence,-0.414872621
4878,0.431553525,spr_fence,-0.380471997
4879,0.515553301,flo,-2.715570845
4879,0.515553301,flo_buff,-3.403185262
4879,0.515553301,flo_buff_fence,-3.424373462
4879,0.515553301,flo_fence,-3.389973645
4879,0.515553301,spr,-3.427552448
4879,0.515553301,spr_buff,-3.461951859
4879,0.515553301,spr_buff_fence,-3.483142165
4879,0.515553301,spr_fence,-3.448741573
4880,0.600203764,flo,0.300449334
4880,0.600203764,flo_buff,-0.387163802
4880,0.600203764,flo_buff_fence,-0.408353101
4880,0.600203764,flo_fence,-0.373952478
4880,0.600203764,spr,-0.203606212
4880,0.600203764,spr_buff,-0.238006834
4880,0.600203764,spr_buff_fence,-0.259196134
4880,0.600203764,spr_fence,-0.224795511
4882,0.881649376,flo,0.363587641
4882,0.881649376,flo_buff,-0.324025495
4882,0.881649376,flo_buff_fence,-0.345214794
4882,0.881649376,flo_fence,-0.310814171
4882,0.881649376,spr,-0.12839268
4882,0.881649376,spr_buff,-0.162793303
4882,0.881649376,spr_buff_fence,-0.183982602
4882,0.881649376,spr_fence,-0.149581979
4883,0.527924915,flo,0.628325917
4883,0.527924915,flo_buff,-0.059287219
4883,0.527924915,flo_buff_fence,-0.080476519
4883,0.527924915,flo_fence,-0.046075895
4883,0.527924915,spr,0.176966337
4883,0.527924915,spr_buff,0.142565714
4883,0.527924915,spr_buff_fence,0.121376415
4883,0.527924915,spr_fence,0.155777038
4884,0.734363717,flo,1.479228494
4884,0.734363717,flo_buff,0.791615358
4884,0.734363717,flo_buff_fence,0.770426059
4884,0.734363717,flo_fence,0.804826682
4884,0.734363717,spr,0.979563026
4884,0.734363717,spr_buff,0.945162403
4884,0.734363717,spr_buff_fence,0.923973104
4884,0.734363717,spr_fence,0.958373727
4885,0.4479468,flo,0.128193568
4885,0.4479468,flo_buff,-0.559419567
4885,0.4479468,flo_buff_fence,-0.580608868
4885,0.4479468,flo_fence,-0.546208243
4885,0.4479468,spr,-0.43731034
4885,0.4479468,spr_buff,-0.471710962
4885,0.4479468,spr_buff_fence,-0.492900262
4885,0.4479468,spr_fence,-0.458499639
4887,0.606786446,flo,0.529573962
4887,0.606786446,flo_buff,-0.158039174
4887,0.606786446,flo_buff_fence,-0.179228473
4887,0.606786446,flo_fence,-0.14482785
4887,0.606786446,spr,-0.0218237
4887,0.606786446,spr_buff,-0.056224322
4887,0.606786446,spr_buff_fence,-0.077413622
4887,0.606786446,spr_fence,-0.043012999
4888,0.323961247,flo,0.528552524
4888,0.323961247,flo_buff,-0.159060613
4888,0.323961247,flo_buff_fence,-0.180249912
4888,0.323961247,flo_fence,-0.145849289
4888,0.323961247,spr,0.055949948
4888,0.323961247,spr_buff,0.021549325
4888,0.323961247,spr_buff_fence,0.000360026
4888,0.323961247,spr_fence,0.034760649
4889,0.503154432,flo,0.775367254
4889,0.503154432,flo_buff,0.087754117
4889,0.503154432,flo_buff_fence,0.066564818
4889,0.503154432,flo_fence,0.100965441
4889,0.503154432,spr,0.380901936
4889,0.503154432,spr_buff,0.346501313
4889,0.503154432,spr_buff_fence,0.325312014
4889,0.503154432,spr_fence,0.359712637
4895,0.642598053,flo,1.003356245
4895,0.642598053,flo_buff,0.315743108
4895,0.642598053,flo_buff_fence,0.294553809
4895,0.642598053,flo_fence,0.328954432
4895,0.642598053,spr,0.696855891
4895,0.642598053,spr_buff,0.662455269
4895,0.642598053,spr_buff_fence,0.64126597
4895,0.642598053,spr_fence,0.675666592
4896,0.607280198,flo,1.016380287
4896,0.607280198,flo_buff,0.32876715
4896,0.607280198,flo_buff_fence,0.307577851
4896,0.607280198,flo_fence,0.341978474
4896,0.607280198,spr,0.653453967
4896,0.607280198,spr_buff,0.619053344
4896,0.607280198,spr_buff_fence,0.597864045
4896,0.607280198,spr_fence,0.632264668
4897,0.344840093,flo,0.773300033
4897,0.344840093,flo_buff,0.085686897
4897,0.344840093,flo_buff_fence,0.064497598
4897,0.344840093,flo_fence,0.098898221
4897,0.344840093,spr,0.390480563
4897,0.344840093,spr_buff,0.35607994
4897,0.344840093,spr_buff_fence,0.334890641
4897,0.344840093,spr_fence,0.369291264
4898,0.281808039,flo,-2.947098769
4898,0.281808039,flo_buff,-3.634723598
4898,0.281808039,flo_buff_fence,-3.65685147
4898,0.281808039,flo_fence,-3.621331431
4898,0.281808039,spr,-3.659835589
4898,0.281808039,spr_buff,-3.694175894
4898,0.281808039,spr_buff_fence,-3.71489297
4898,0.281808039,spr_fence,-3.681025186
4899,0.391370948,flo,0.724144342
4899,0.391370948,flo_buff,0.036531206
4899,0.391370948,flo_buff_fence,0.015341906
4899,0.391370948,flo_fence,0.049742529
4899,0.391370948,spr,0.247825349
4899,0.391370948,spr_buff,0.213424726
4899,0.391370948,spr_buff_fence,0.192235427
4899,0.391370948,spr_fence,0.22663605
4901,0.81829519,flo,0.484022597
4901,0.81829519,flo_buff,-0.20359054
4901,0.81829519,flo_buff_fence,-0.224779838
4901,0.81829519,flo_fence,-0.190379216
4901,0.81829519,spr,0.098570272
4901,0.81829519,spr_buff,0.064169649
4901,0.81829519,spr_buff_fence,0.04298035
4901,0.81829519,spr_fence,0.077380973
4902,0.876291757,flo,0.993770041
4902,0.876291757,flo_buff,0.306156905
4902,0.876291757,flo_buff_fence,0.284967605
4902,0.876291757,flo_fence,0.319368228
4902,0.876291757,spr,0.569436039
4902,0.876291757,spr_buff,0.535035416
4902,0.876291757,spr_buff_fence,0.513846117
4902,0.876291757,spr_fence,0.54824674
4903,0.634669687,flo,0.840436264
4903,0.634669687,flo_buff,0.152823128
4903,0.634669687,flo_buff_fence,0.131633829
4903,0.634669687,flo_fence,0.166034452
4903,0.634669687,spr,0.43196696
4903,0.634669687,spr_buff,0.397566337
4903,0.634669687,spr_buff_fence,0.376377038
4903,0.634669687,spr_fence,0.410777661
4904,0.458229798,flo,1.110430825
4904,0.458229798,flo_buff,0.422817688
4904,0.458229798,flo_buff_fence,0.401628389
4904,0.458229798,flo_fence,0.436029012
4904,0.458229798,spr,0.694344134
4904,0.458229798,spr_buff,0.659943511
4904,0.458229798,spr_buff_fence,0.638754212
4904,0.458229798,spr_fence,0.673154835
4905,1.337652903,flo,0.949161501
4905,1.337652903,flo_buff,0.261548364
4905,1.337652903,flo_buff_fence,0.240359065
4905,1.337652903,flo_fence,0.274759688
4905,1.337652903,spr,0.582924952
4905,1.337652903,spr_buff,0.548524329
4905,1.337652903,spr_buff_fence,0.52733503
4905,1.337652903,spr_fence,0.561735653
4906,1.166708305,flo,1.236123784
4906,1.166708305,flo_buff,0.548510647
4906,1.166708305,flo_buff_fence,0.527321348
4906,1.166708305,flo_fence,0.561721971
4906,1.166708305,spr,0.823643935
4906,1.166708305,spr_buff,0.789243312
4906,1.166708305,spr_buff_fence,0.768054013
4906,1.166708305,spr_fence,0.802454636
4907,1.20928172,flo,1.052028098
4907,1.20928172,flo_buff,0.364414961
4907,1.20928172,flo_buff_fence,0.343225662
4907,1.20928172,flo_fence,0.377626285
4907,1.20928172,spr,0.663791647
4907,1.20928172,spr_buff,0.629391024
4907,1.20928172,spr_buff_fence,0.608201725
4907,1.20928172,spr_fence,0.642602348
4908,0.850271196,flo,1.122882791
4908,0.850271196,flo_buff,0.435269654
4908,0.850271196,flo_buff_fence,0.414080355
4908,0.850271196,flo_fence,0.448480978
4908,0.850271196,spr,0.735087167
4908,0.850271196,spr_buff,0.700686544
4908,0.850271196,spr_buff_fence,0.679497245
4908,0.850271196,spr_fence,0.713897868
4909,1.239582242,flo,1.094754628
4909,1.239582242,flo_buff,0.407141491
4909,1.239582242,flo_buff_fence,0.385952192
4909,1.239582242,flo_fence,0.420352815
4909,1.239582242,spr,0.717200647
4909,1.239582242,spr_buff,0.682800024
4909,1.239582242,spr_buff_fence,0.661610725
4909,1.239582242,spr_fence,0.696011348
4912,0.976520086,flo,0.543603437
4912,0.976520086,flo_buff,-0.144009701
4912,0.976520086,flo_buff_fence,-0.165198999
4912,0.976520086,flo_fence,-0.130798377
4912,0.976520086,spr,0.157877237
4912,0.976520086,spr_buff,0.123476614
4912,0.976520086,spr_buff_fence,0.102287316
4912,0.976520086,spr_fence,0.136687938
4913,1.269762708,flo,1.588408124
4913,1.269762708,flo_buff,0.900794988
4913,1.269762708,flo_buff_fence,0.879605688
4913,1.269762708,flo_fence,0.914006311
4913,1.269762708,spr,1.003850597
4913,1.269762708,spr_buff,0.969449974
4913,1.269762708,spr_buff_fence,0.948260675
4913,1.269762708,spr_fence,0.982661298
4914,0.718710897,flo,1.048846889
4914,0.718710897,flo_buff,0.361233752
4914,0.718710897,flo_buff_fence,0.340044453
4914,0.718710897,flo_fence,0.374445076
4914,0.718710897,spr,0.52654512
4914,0.718710897,spr_buff,0.492144497
4914,0.718710897,spr_buff_fence,0.470955198
4914,0.718710897,spr_fence,0.505355821
4916,0.469459707,flo,0.916338559
4916,0.469459707,flo_buff,0.228725422
4916,0.469459707,flo_buff_fence,0.207536123
4916,0.469459707,flo_fence,0.241936746
4916,0.469459707,spr,0.583963372
4916,0.469459707,spr_buff,0.549562749
4916,0.469459707,spr_buff_fence,0.52837345
4916,0.469459707,spr_fence,0.562774072
4917,0.64034427,flo,0.436875402
4917,0.64034427,flo_buff,-0.250737735
4917,0.64034427,flo_buff_fence,-0.271927035
4917,0.64034427,flo_fence,-0.237526412
4917,0.64034427,spr,0.174951182
4917,0.64034427,spr_buff,0.140550559
4917,0.64034427,spr_buff_fence,0.11936126
4917,0.64034427,spr_fence,0.153761883
4919,0.388612671,flo,-2.844114002
4919,0.388612671,flo_buff,-3.53172949
4919,0.388612671,flo_buff_fence,-3.552919528
4919,0.388612671,flo_fence,-3.518518674
4919,0.388612671,spr,-3.556095826
4919,0.388612671,spr_buff,-3.590496314
4919,0.388612671,spr_buff_fence,-3.611685613
4919,0.388612671,spr_fence,-3.577285437
4920,0.336933797,flo,0.253358875
4920,0.336933797,flo_buff,-0.434254262
4920,0.336933797,flo_buff_fence,-0.45544356
4920,0.336933797,flo_fence,-0.421042937
4920,0.336933797,spr,-0.176693184
4920,0.336933797,spr_buff,-0.211093807
4920,0.336933797,spr_buff_fence,-0.232283106
4920,0.336933797,spr_fence,-0.197882483
4921,0.499337857,flo,0.118695922
4921,0.499337857,flo_buff,-0.568917216
4921,0.499337857,flo_buff_fence,-0.590106516
4921,0.499337857,flo_fence,-0.555705892
4921,0.499337857,spr,-0.302138115
4921,0.499337857,spr_buff,-0.336538738
4921,0.499337857,spr_buff_fence,-0.357728037
4921,0.499337857,spr_fence,-0.323327413
4923,0.55338658,flo,0.474798274
4923,0.55338658,flo_buff,-0.212814863
4923,0.55338658,flo_buff_fence,-0.234004163
4923,0.55338658,flo_fence,-0.199603539
4923,0.55338658,spr,0.005727508
4923,0.55338658,spr_buff,-0.028673115
4923,0.55338658,spr_buff_fence,-0.049862414
4923,0.55338658,spr_fence,-0.015461791
4924,0.743732342,flo,0.281502656
4924,0.743732342,flo_buff,-0.406110481
4924,0.743732342,flo_buff_fence,-0.427299781
4924,0.743732342,flo_fence,-0.392899157
4924,0.743732342,spr,-0.275694497
4924,0.743732342,spr_buff,-0.310095119
4924,0.743732342,spr_buff_fence,-0.331284419
4924,0.743732342,spr_fence,-0.296883796
4929,0.800495064,flo,0.696732352
4929,0.800495064,flo_buff,0.009119216
4929,0.800495064,flo_buff_fence,-0.012070084
4929,0.800495064,flo_fence,0.022330539
4929,0.800495064,spr,0.205065224
4929,0.800495064,spr_buff,0.170664601
4929,0.800495064,spr_buff_fence,0.149475302
4929,0.800495064,spr_fence,0.183875924
4931,0.520433747,flo,0.385006785
4931,0.520433747,flo_buff,-0.302606352
4931,0.520433747,flo_buff_fence,-0.323795652
4931,0.520433747,flo_fence,-0.289395028
4931,0.520433747,spr,-0.120559363
4931,0.520433747,spr_buff,-0.154959986
4931,0.520433747,spr_buff_fence,-0.176149285
4931,0.520433747,spr_fence,-0.141748662
4932,0.040582563,flo,0.458036431
4932,0.040582563,flo_buff,-0.229576704
4932,0.040582563,flo_buff_fence,-0.250766004
4932,0.040582563,flo_fence,-0.216365381
4932,0.040582563,spr,-0.050457557
4932,0.040582563,spr_buff,-0.08485818
4932,0.040582563,spr_buff_fence,-0.106047479
4932,0.040582563,spr_fence,-0.071646856
4933,0.529072145,flo,1.044146979
4933,0.529072145,flo_buff,0.356533843
4933,0.529072145,flo_buff_fence,0.335344544
4933,0.529072145,flo_fence,0.369745166
4933,0.529072145,spr,0.547895017
4933,0.529072145,spr_buff,0.513494395
4933,0.529072145,spr_buff_fence,0.492305096
4933,0.529072145,spr_fence,0.526705718
4934,0.374948039,flo,0.64543065
4934,0.374948039,flo_buff,-0.042182486
4934,0.374948039,flo_buff_fence,-0.063371785
4934,0.374948039,flo_fence,-0.028971162
4934,0.374948039,spr,0.146492177
4934,0.374948039,spr_buff,0.112091554
4934,0.374948039,spr_buff_fence,0.090902255
4934,0.374948039,spr_fence,0.125302878
4935,0.474391113,flo,0.150528725
4935,0.474391113,flo_buff,-0.53708441
4935,0.474391113,flo_buff_fence,-0.558273709
4935,0.474391113,flo_fence,-0.523873087
4935,0.474391113,spr,-0.355195195
4935,0.474391113,spr_buff,-0.389595816
4935,0.474391113,spr_buff_fence,-0.410785116
4935,0.474391113,spr_fence,-0.376384493
4936,0.557195505,flo,0.973655587
4936,0.557195505,flo_buff,0.28604245
4936,0.557195505,flo_buff_fence,0.264853151
4936,0.557195505,flo_fence,0.299253774
4936,0.557195505,spr,0.482099882
4936,0.557195505,spr_buff,0.447699259
4936,0.557195505,spr_buff_fence,0.42650996
4936,0.557195505,spr_fence,0.460910583
4938,0.946587347,flo,0.898298841
4938,0.946587347,flo_buff,0.210685704
4938,0.946587347,flo_buff_fence,0.189496406
4938,0.946587347,flo_fence,0.223897028
4938,0.946587347,spr,0.351131073
4938,0.946587347,spr_buff,0.316730451
4938,0.946587347,spr_buff_fence,0.295541151
4938,0.946587347,spr_fence,0.329941774
4939,0.722978425,flo,0.679855832
4939,0.722978425,flo_buff,-0.007757305
4939,0.722978425,flo_buff_fence,-0.028946604
4939,0.722978425,flo_fence,0.005454019
4939,0.722978425,spr,0.113159167
4939,0.722978425,spr_buff,0.078758544
4939,0.722978425,spr_buff_fence,0.057569245
4939,0.722978425,spr_fence,0.091969869
4940,1.028156279,flo,0.54636516
4940,1.028156279,flo_buff,-0.141247977
4940,1.028156279,flo_buff_fence,-0.162437276
4940,1.028156279,flo_fence,-0.128036653
4940,1.028156279,spr,0.003981694
4940,1.028156279,spr_buff,-0.030418929
4940,1.028156279,spr_buff_fence,-0.051608228
4940,1.028156279,spr_fence,-0.017207605
4941,0.938307529,flo,0.656295615
4941,0.938307529,flo_buff,-0.031317523
4941,0.938307529,flo_buff_fence,-0.052506821
4941,0.938307529,flo_fence,-0.018106198
4941,0.938307529,spr,0.182420877
4941,0.938307529,spr_buff,0.148020254
4941,0.938307529,spr_buff_fence,0.126830955
4941,0.938307529,spr_fence,0.161231578
4942,0.745582994,flo,0.726405482
4942,0.745582994,flo_buff,0.038792345
4942,0.745582994,flo_buff_fence,0.017603046
4942,0.745582994,flo_fence,0.052003669
4942,0.745582994,spr,0.256177977
4942,0.745582994,spr_buff,0.221777354
4942,0.745582994,spr_buff_fence,0.200588055
4942,0.745582994,spr_fence,0.234988678
4945,1.312930158,flo,0.653645023
4945,1.312930158,flo_buff,-0.033968113
4945,1.312930158,flo_buff_fence,-0.055157411
4945,1.312930158,flo_fence,-0.020756789
4945,1.312930158,spr,0.182695584
4945,1.312930158,spr_buff,0.148294962
4945,1.312930158,spr_buff_fence,0.127105662
4945,1.312930158,spr_fence,0.161506285
4946,0.927515617,flo,0.715736069
4946,0.927515617,flo_buff,0.028122933
4946,0.927515617,flo_buff_fence,0.006933634
4946,0.927515617,flo_fence,0.041334257
4946,0.927515617,spr,0.142307009
4946,0.927515617,spr_buff,0.107906386
4946,0.927515617,spr_buff_fence,0.086717087
4946,0.927515617,spr_fence,0.12111771
4947,0.591854527,flo,-2.639994626
4947,0.591854527,flo_buff,-3.3276084
4947,0.591854527,flo_buff_fence,-3.348797606
4947,0.591854527,flo_fence,-3.314397974
4947,0.591854527,spr,-3.351975843
4947,0.591854527,spr_buff,-3.386375908
4947,0.591854527,spr_buff_fence,-3.40756563
4947,0.591854527,spr_fence,-3.373165045
4948,0.974500179,flo,1.331283587
4948,0.974500179,flo_buff,0.643670451
4948,0.974500179,flo_buff_fence,0.622481152
4948,0.974500179,flo_fence,0.656881774
4948,0.974500179,spr,0.801182382
4948,0.974500179,spr_buff,0.766781759
4948,0.974500179,spr_buff_fence,0.74559246
4948,0.974500179,spr_fence,0.779993083
4949,0.565049305,flo,1.419353677
4949,0.565049305,flo_buff,0.73174054
4949,0.565049305,flo_buff_fence,0.710551241
4949,0.565049305,flo_fence,0.744951864
4949,0.565049305,spr,0.840340882
4949,0.565049305,spr_buff,0.805940259
4949,0.565049305,spr_buff_fence,0.78475096
4949,0.565049305,spr_fence,0.819151582
4950,0.490364474,flo,0.603537324
4950,0.490364474,flo_buff,-0.084075814
4950,0.490364474,flo_buff_fence,-0.105265113
4950,0.490364474,flo_fence,-0.07086449
4950,0.490364474,spr,0.167956487
4950,0.490364474,spr_buff,0.133555865
4950,0.490364474,spr_buff_fence,0.112366565
4950,0.490364474,spr_fence,0.146767188
4951,0.307645769,flo,0.460436701
4951,0.307645769,flo_buff,-0.227176436
4951,0.307645769,flo_buff_fence,-0.248365734
4951,0.307645769,flo_fence,-0.213965112
4951,0.307645769,spr,-0.006663898
4951,0.307645769,spr_buff,-0.041064522
4951,0.307645769,spr_buff_fence,-0.06225382
4951,0.307645769,spr_fence,-0.027853198
4952,0.524262373,flo,0.790409778
4952,0.524262373,flo_buff,0.102796641
4952,0.524262373,flo_buff_fence,0.081607342
4952,0.524262373,flo_fence,0.116007965
4952,0.524262373,spr,0.331885176
4952,0.524262373,spr_buff,0.297484553
4952,0.524262373,spr_buff_fence,0.276295255
4952,0.524262373,spr_fence,0.310695878
4953,0.607083838,flo,0.797385143
4953,0.607083838,flo_buff,0.109772007
4953,0.607083838,flo_buff_fence,0.088582708
4953,0.607083838,flo_fence,0.122983331
4953,0.607083838,spr,0.322426136
4953,0.607083838,spr_buff,0.288025513
4953,0.607083838,spr_buff_fence,0.266836214
4953,0.607083838,spr_fence,0.301236837
4954,0.415824399,flo,0.998716459
4954,0.415824399,flo_buff,0.311103322
4954,0.415824399,flo_buff_fence,0.289914023
4954,0.415824399,flo_fence,0.324314646
4954,0.415824399,spr,0.521501438
4954,0.415824399,spr_buff,0.487100815
4954,0.415824399,spr_buff_fence,0.465911516
4954,0.415824399,spr_fence,0.500312139
4958,0.671083938,flo,1.001604626
4958,0.671083938,flo_buff,0.313991489
4958,0.671083938,flo_buff_fence,0.29280219
4958,0.671083938,flo_fence,0.327202813
4958,0.671083938,spr,0.51742037
4958,0.671083938,spr_buff,0.483019748
4958,0.671083938,spr_buff_fence,0.461830449
4958,0.671083938,spr_fence,0.496231071
4960,1.005210552,flo,0.129556816
4960,1.005210552,flo_buff,-0.558056321
4960,1.005210552,flo_buff_fence,-0.57924562
4960,1.005210552,flo_fence,-0.544844997
4960,1.005210552,spr,-0.43358885
4960,1.005210552,spr_buff,-0.467989474
4960,1.005210552,spr_buff_fence,-0.489178773
4960,1.005210552,spr_fence,-0.45477815
4962,0.673666797,flo,-2.557807556
4962,0.673666797,flo_buff,-3.245420816
4962,0.673666797,flo_buff_fence,-3.266610115
4962,0.673666797,flo_fence,-3.232209118
4962,0.673666797,spr,-3.269788009
4962,0.673666797,spr_buff,-3.304187475
4962,0.673666797,spr_buff_fence,-3.325377649
4962,0.673666797,spr_fence,-3.290976945
4963,0.865308927,flo,-2.366993556
4963,0.865308927,flo_buff,-3.054606266
4963,0.865308927,flo_buff_fence,-3.075795171
4963,0.865308927,flo_fence,-3.04139503
4963,0.865308927,spr,-3.078973008
4963,0.865308927,spr_buff,-3.113373931
4963,0.865308927,spr_buff_fence,-3.134563174
4963,0.865308927,spr_fence,-3.100162542
4964,1.029838129,flo,0.680362935
4964,1.029838129,flo_buff,-0.007250202
4964,1.029838129,flo_buff_fence,-0.028439501
4964,1.029838129,flo_fence,0.005961122
4964,1.029838129,spr,0.204139932
4964,1.029838129,spr_buff,0.169739309
4964,1.029838129,spr_buff_fence,0.14855001
4964,1.029838129,spr_fence,0.182950633
4965,0.785205937,flo,0.615529888
4965,0.785205937,flo_buff,-0.072083248
4965,0.785205937,flo_buff_fence,-0.093272547
4965,0.785205937,flo_fence,-0.058871925
4965,0.785205937,spr,0.139276684
4965,0.785205937,spr_buff,0.104876061
4965,0.785205937,spr_buff_fence,0.083686762
4965,0.785205937,spr_fence,0.118087385
4966,0.847018951,flo,0.941243135
4966,0.847018951,flo_buff,0.253629998
4966,0.847018951,flo_buff_fence,0.232440699
4966,0.847018951,flo_fence,0.266841322
4966,0.847018951,spr,0.481739934
4966,0.847018951,spr_buff,0.447339311
4966,0.847018951,spr_buff_fence,0.426150012
4966,0.847018951,spr_fence,0.460550635
4967,0.870814009,flo,0.848518833
4967,0.870814009,flo_buff,0.160905696
4967,0.870814009,flo_buff_fence,0.139716397
4967,0.870814009,flo_fence,0.17411702
4967,0.870814009,spr,0.443632005
4967,0.870814009,spr_buff,0.409231382
4967,0.870814009,spr_buff_fence,0.388042083
4967,0.870814009,spr_fence,0.422442706