fieldID,area,treatment,Sediment
4686,0.558407339,flo,1.218193847
4686,0.558407339,flo_buff,0.547947994
4686,0.558407339,flo_buff_fence,0.526758695
4686,0.558407339,flo_fence,0.543792034
4686,0.558407339,spr,0.82590174
4686,0.558407339,spr_buff,0.808868401
4686,0.558407339,spr_buff_fence,0.787679102
4686,0.558407339,spr_fence,0.804712441
4687,0.645059551,flo,0.789356292
4687,0.645059551,flo_buff,0.119110439
4687,0.645059551,flo_buff_fence,0.097921139
4687,0.645059551,flo_fence,0.114954479
4687,0.645059551,spr,0.416161047
4687,0.645059551,spr_buff,0.399127707
4687,0.645059551,spr_buff_fence,0.900216648
4687,0.645059551,spr_fence,0.394971748
4688,0.722966097,flo,0.563214714
4688,0.722966097,flo_buff,-0.107031139
4688,0.722966097,flo_buff_fence,-0.128220438
4688,0.722966097,flo_fence,-0.111187099
4688,0.722966097,spr,0.179449511
4688,0.722966097,spr_buff,0.162416172
4688,0.722966097,spr_buff_fence,0.141226872
4688,0.722966097,spr_fence,0.158260212
4689,0.242156157,flo,0.493943925
4689,0.242156157,flo_buff,-0.176301928
4689,0.242156157,flo_buff_fence,-0.197491227
4689,0.242156157,flo_fence,-0.180457888
4689,0.242156157,spr,0.092413576
4689,0.242156157,spr_buff,0.075380237
4689,0.242156157,spr_buff_fence,0.054190938
4689,0.242156157,spr_fence,0.071224277
4690,0.257063889,flo,0.766725662
4690,0.257063889,flo_buff,0.096479809
4690,0.257063889,flo_buff_fence,0.07529051
4690,0.257063889,flo_fence,0.092323849
4690,0.257063889,spr,0.375980512
4690,0.257063889,spr_buff,0.358947172
4690,0.257063889,spr_buff_fence,0.337757873
4690,0.257063889,spr_fence,0.354791213
4691,0.84024728,flo,0.70756977
4691,0.84024728,flo_buff,0.037323917
4691,0.84024728,flo_buff_fence,0.016134617
4691,0.84024728,flo_fence,0.033167957
4691,0.84024728,spr,0.324314648
4691,0.84024728,spr_buff,0.307281309
4691,0.84024728,spr_buff_fence,0.28609201
4691,0.84024728,spr_fence,0.303125349
4692,0.483199182,flo,0.461981038
4692,0.483199182,flo_buff,-0.208264815
4692,0.483199182,flo_buff_fence,-0.229454115
4692,0.483199182,flo_fence,-0.212420775
4692,0.483199182,spr,0.06845942
4692,0.483199182,spr_buff,0.05142608
4692,0.483199182,spr_buff_fence,0.030236781
4692,0.483199182,spr_fence,0.047270121
4693,0.899769084,flo,1.003360384
4693,0.899769084,flo_buff,0.333114531
4693,0.899769084,flo_buff_fence,0.311925232
4693,0.899769084,flo_fence,0.328958571
4693,0.899769084,spr,0.550002558
4693,0.899769084,spr_buff,0.532969219
4693,0.899769084,spr_buff_fence,0.51177992
4693,0.899769084,spr_fence,0.528813259
4694,0.680573902,flo,1.138156411
4694,0.680573902,flo_buff,0.467910558
4694,0.680573902,flo_buff_fence,0.446721259
4694,0.680573902,flo_fence,0.463754598
4694,0.680573902,spr,0.698212323
4694,0.680573902,spr_buff,0.681178984
4694,0.680573902,spr_buff_fence,0.659989685
4694,0.680573902,spr_fence,0.677023024
4695,1.504916482,flo,0.922212776
4695,1.504916482,flo_buff,0.251966923
4695,1.504916482,flo_buff_fence,0.230777624
4695,1.504916482,flo_fence,0.247810963
4695,1.504916482,spr,0.473807592
4695,1.504916482,spr_buff,0.456774253
4695,1.504916482,spr_buff_fence,0.435584954
4695,1.504916482,spr_fence,0.452618293
4696,0.551102179,flo,1.039588324
4696,0.551102179,flo_buff,0.369342471
4696,0.551102179,flo_buff_fence,0.348153172
4696,0.551102179,flo_fence,0.365186511
4696,0.551102179,spr,0.581496232
4696,0.551102179,spr_buff,0.564462892
4696,0.551102179,spr_buff_fence,0.543273593
4696,0.551102179,spr_fence,0.900216648
4697,1.006234928,flo,1.968098407
4697,1.006234928,flo_buff,1.297852554
4697,1.006234928,flo_buff_fence,1.276663255
4697,1.006234928,flo_fence,1.293696594
4697,1.006234928,spr,1.523081243
4697,1.006234928,spr_buff,1.506047903
4697,1.006234928,spr_buff_fence,1.484858604
4697,1.006234928,spr_fence,1.501891944
4698,0.300697633,flo,0.827014815
4698,0.300697633,flo_buff,0.156768962
4698,0.300697633,flo_buff_fence,0.135579663
4698,0.300697633,flo_fence,0.152613002
4698,0.300697633,spr,0.353319391
4698,0.300697633,spr_buff,0.336286051
4698,0.300697633,spr_buff_fence,0.315096752
4698,0.300697633,spr_fence,0.332130091
4699,0.396743183,flo,1.741068033
4699,0.396743183,flo_buff,1.07082218
4699,0.396743183,flo_buff_fence,1.04963288
4699,0.396743183,flo_fence,1.06666622
4699,0.396743183,spr,1.278950227
4699,0.396743183,spr_buff,1.261916888
4699,0.396743183,spr_buff_fence,1.240727589
4699,0.396743183,spr_fence,1.257760928
4700,1.242240697,flo,1.045154279
4700,1.242240697,flo_buff,0.374908426
4700,1.242240697,flo_buff_fence,0.353719127
4700,1.242240697,flo_fence,0.370752467
4700,1.242240697,spr,0.599084139
4700,1.242240697,spr_buff,0.5820508
4700,1.242240697,spr_buff_fence,0.560861501
4700,1.242240697,spr_fence,0.57789484
4702,1.55086648,flo,1.074999937
4702,1.55086648,flo_buff,0.404754085
4702,1.55086648,flo_buff_fence,0.383564785
4702,1.55086648,flo_fence,0.400598125
4702,1.55086648,spr,0.559473772
4702,1.55086648,spr_buff,0.542440433
4702,1.55086648,spr_buff_fence,0.521251134
4702,1.55086648,spr_fence,0.538284473
4703,1.243826508,flo,0.859958037
4703,1.243826508,flo_buff,0.189712183
4703,1.243826508,flo_buff_fence,0.168522885
4703,1.243826508,flo_fence,0.185556224
4703,1.243826508,spr,0.340375714
4703,1.243826508,spr_buff,0.323342375
4703,1.243826508,spr_buff_fence,0.302153076
4703,1.243826508,spr_fence,0.319186415
4704,0.861575628,flo,0.8745075
4704,0.861575628,flo_buff,0.204261647
4704,0.861575628,flo_buff_fence,0.183072348
4704,0.861575628,flo_fence,0.200105687
4704,0.861575628,spr,0.351099128
4704,0.861575628,spr_buff,0.334065789
4704,0.861575628,spr_buff_fence,0.31287649
4704,0.861575628,spr_fence,0.329909829
4705,0.745185694,flo,0.777718702
4705,0.745185694,flo_buff,0.107472849
4705,0.745185694,flo_buff_fence,0.08628355
4705,0.745185694,flo_fence,0.103316889
4705,0.745185694,spr,0.261116259
4705,0.745185694,spr_buff,0.244082919
4705,0.745185694,spr_buff_fence,0.22289362
4705,0.745185694,spr_fence,0.239926959
4706,1.299431024,flo,0.99272525
4706,1.299431024,flo_buff,0.322479397
4706,1.299431024,flo_buff_fence,0.301290098
4706,1.299431024,flo_fence,0.318323437
4706,1.299431024,spr,0.47511343
4706,1.299431024,spr_buff,0.458080091
4706,1.299431024,spr_buff_fence,0.436890792
4706,1.299431024,spr_fence,0.453924131
4707,0.75679048,flo,0.862862512
4707,0.75679048,flo_buff,0.192616659
4707,0.75679048,flo_buff_fence,0.17142736
4707,0.75679048,flo_fence,0.188460699
4707,0.75679048,spr,0.342666991
4707,0.75679048,spr_buff,0.325633652
4707,0.75679048,spr_buff_fence,0.304444353
4707,0.75679048,spr_fence,0.321477692
4708,0.866120089,flo,1.369613018
4708,0.866120089,flo_buff,0.699367165
4708,0.866120089,flo_buff_fence,0.678177866
4708,0.866120089,flo_fence,0.695211205
4708,0.866120089,spr,0.858818573
4708,0.866120089,spr_buff,0.841785233
4708,0.866120089,spr_buff_fence,0.820595934
4708,0.866120089,spr_fence,0.837629274
4709,1.035765836,flo,0.954374437
4709,1.035765836,flo_buff,0.284128584
4709,1.035765836,flo_buff_fence,0.262939285
4709,1.035765836,flo_fence,0.279972624
4709,1.035765836,spr,0.537269811
4709,1.035765836,spr_buff,0.520236471
4709,1.035765836,spr_buff_fence,0.499047172
4709,1.035765836,spr_fence,0.516080512
4710,1.108416175,flo,1.140259219
4710,1.108416175,flo_buff,0.470013366
4710,1.108416175,flo_buff_fence,0.448824067
4710,1.108416175,flo_fence,0.465857406
4710,1.108416175,spr,0.707073976
4710,1.108416175,spr_buff,0.690040637
4710,1.108416175,spr_buff_fence,0.668851338
4710,1.108416175,spr_fence,0.685884677
4711,0.706921657,flo,0.841715063
4711,0.706921657,flo_buff,0.17146921
4711,0.706921657,flo_buff_fence,0.150279911
4711,0.706921657,flo_fence,0.16731325
4711,0.706921657,spr,0.415802909
4711,0.706921657,spr_buff,0.39876957
4711,0.706921657,spr_buff_fence,0.377580271
4711,0.706921657,spr_fence,0.39461361
4712,1.278099381,flo,0.948912539
4712,1.278099381,flo_buff,0.278666686
4712,1.278099381,flo_buff_fence,0.257477387
4712,1.278099381,flo_fence,0.274510726
4712,1.278099381,spr,0.547293508
4712,1.278099381,spr_buff,0.530260169
4712,1.278099381,spr_buff_fence,0.509070869
4712,1.278099381,spr_fence,0.526104209
4713,0.719535125,flo,0.948529654
4713,0.719535125,flo_buff,0.278283801
4713,0.719535125,flo_buff_fence,0.257094502
4713,0.719535125,flo_fence,0.274127841
4713,0.719535125,spr,0.533200961
4713,0.719535125,spr_buff,0.516167621
4713,0.719535125,spr_buff_fence,0.494978322
4713,0.719535125,spr_fence,0.512011661
4714,0.804346644,flo,1.054659947
4714,0.804346644,flo_buff,0.384414094
4714,0.804346644,flo_buff_fence,0.363224795
4714,0.804346644,flo_fence,0.380258134
4714,0.804346644,spr,0.674597182
4714,0.804346644,spr_buff,0.657563843
4714,0.804346644,spr_buff_fence,0.636374544
4714,0.804346644,spr_fence,0.653407883
4715,0.901604878,flo,0.781787711
4715,0.901604878,flo_buff,0.111541858
4715,0.901604878,flo_buff_fence,0.090352559
4715,0.901604878,flo_fence,0.107385898
4715,0.901604878,spr,0.404966264
4715,0.901604878,spr_buff,0.387932924
4715,0.901604878,spr_buff_fence,0.900216648
4715,0.901604878,spr_fence,0.383776964
4716,0.135533354,flo,0.784580866
4716,0.135533354,flo_buff,0.114335013
4716,0.135533354,flo_buff_fence,0.093145714
4716,0.135533354,flo_fence,0.110179053
4716,0.135533354,spr,0.397269227
4716,0.135533354,spr_buff,0.380235887
4716,0.135533354,spr_buff_fence,0.359046588
4716,0.135533354,spr_fence,0.376079927
4717,-0.415183858,flo,0.679818322
4717,-0.415183858,flo_buff,0.009572469
4717,-0.415183858,flo_buff_fence,-0.01161683
4717,-0.415183858,flo_fence,0.00541651
4717,-0.415183858,spr,0.297090813
4717,-0.415183858,spr_buff,0.280057474
4717,-0.415183858,spr_buff_fence,0.258868175
4717,-0.415183858,spr_fence,0.275901514
4718,0.558574182,flo,0.684791136
4718,0.558574182,flo_buff,0.014545283
4718,0.558574182,flo_buff_fence,-0.006644016
4718,0.558574182,flo_fence,0.010389323
4718,0.558574182,spr,0.298541567
4718,0.558574182,spr_buff,0.281508228
4718,0.558574182,spr_buff_fence,0.260318929
4718,0.558574182,spr_fence,0.277352268
4719,0.461342429,flo,0.587746898
4719,0.461342429,flo_buff,-0.082498955
4719,0.461342429,flo_buff_fence,-0.103688255
4719,0.461342429,flo_fence,-0.086654915
4719,0.461342429,spr,0.210665696
4719,0.461342429,spr_buff,0.193632356
4719,0.461342429,spr_buff_fence,0.172443057
4719,0.461342429,spr_fence,0.189476396
4720,0.907126396,flo,0.586582436
4720,0.907126396,flo_buff,-0.083663417
4720,0.907126396,flo_buff_fence,-0.104852716
4720,0.907126396,flo_fence,-0.087819377
4720,0.907126396,spr,0.219994028
4720,0.907126396,spr_buff,0.202960689
4720,0.907126396,spr_buff_fence,0.18177139
4720,0.907126396,spr_fence,0.198804729
4721,0.41287868,flo,0.702919277
4721,0.41287868,flo_buff,0.032673423
4721,0.41287868,flo_buff_fence,0.011484124
4721,0.41287868,flo_fence,0.028517464
4721,0.41287868,spr,0.321683984
4721,0.41287868,spr_buff,0.304650644
4721,0.41287868,spr_buff_fence,0.283461345
4721,0.41287868,spr_fence,0.300494685
4722,0.40532245,flo,0.885752737
4722,0.40532245,flo_buff,0.215506884
4722,0.40532245,flo_buff_fence,0.194317584
4722,0.40532245,flo_fence,0.211350924
4722,0.40532245,spr,0.517707923
4722,0.40532245,spr_buff,0.500674584
4722,0.40532245,spr_buff_fence,0.479485285
4722,0.40532245,spr_fence,0.496518624
4723,0.261091497,flo,0.814930618
4723,0.261091497,flo_buff,0.144684765
4723,0.261091497,flo_buff_fence,0.123495466
4723,0.261091497,flo_fence,0.140528805
4723,0.261091497,spr,0.418705531
4723,0.261091497,spr_buff,0.401672191
4723,0.261091497,spr_buff_fence,0.380482892
4723,0.261091497,spr_fence,0.397516232
4724,0.46062576,flo,0.786237295
4724,0.46062576,flo_buff,0.115991441
4724,0.46062576,flo_buff_fence,0.094802142
4724,0.46062576,flo_fence,0.111835482
4724,0.46062576,spr,0.398706045
4724,0.46062576,spr_buff,0.381672705
4724,0.46062576,spr_buff_fence,0.360483406
4724,0.46062576,spr_fence,0.377516745
4725,0.386625579,flo,0.772292518
4725,0.386625579,flo_buff,0.102046665
4725,0.386625579,flo_buff_fence,0.080857366
4725,0.386625579,flo_fence,0.097890706
4725,0.386625579,spr,0.372912975
4725,0.386625579,spr_buff,0.355879636
4725,0.386625579,spr_buff_fence,0.334690337
4725,0.386625579,spr_fence,0.351723676
4726,0.7778044,flo,1.007084334
4726,0.7778044,flo_buff,0.336838481
4726,0.7778044,flo_buff_fence,0.315649182
4726,0.7778044,flo_fence,0.332682521
4726,0.7778044,spr,0.624841445
4726,0.7778044,spr_buff,0.607808106
4726,0.7778044,spr_buff_fence,0.586618807
4726,0.7778044,spr_fence,0.603652146
4727,1.817895097,flo,1.050447287
4727,1.817895097,flo_buff,0.380201434
4727,1.817895097,flo_buff_fence,0.359012135
4727,1.817895097,flo_fence,0.376045474
4727,1.817895097,spr,0.683951033
4727,1.817895097,spr_buff,0.666917694
4727,1.817895097,spr_buff_fence,0.645728395
4727,1.817895097,spr_fence,0.662761734
4728,0.497859481,flo,0.902016471
4728,0.497859481,flo_buff,0.902016471
4728,0.497859481,flo_buff_fence,0.902016471
4728,0.497859481,flo_fence,0.902016471
4728,0.497859481,spr,0.902016471
4728,0.497859481,spr_buff,0.902016471
4728,0.497859481,spr_buff_fence,0.902016471
4728,0.497859481,spr_fence,0.902016471
4732,1.540022732,flo,0.692258536
4732,1.540022732,flo_buff,0.022012683
4732,1.540022732,flo_buff_fence,0.000823384
4732,1.540022732,flo_fence,0.017856723
4732,1.540022732,spr,0.413669447
4732,1.540022732,spr_buff,0.396636108
4732,1.540022732,spr_buff_fence,0.375446809
4732,1.540022732,spr_fence,0.392480148
4734,1.399235746,flo,1.243546905
4734,1.399235746,flo_buff,0.573301052
4734,1.399235746,flo_buff_fence,0.552111753
4734,1.399235746,flo_fence,0.569145092
4734,1.399235746,spr,0.964363328
4734,1.399235746,spr_buff,0.947329989
4734,1.399235746,spr_buff_fence,0.92614069
4734,1.399235746,spr_fence,0.943174029
4735,0.329157781,flo,1.231873936
4735,0.329157781,flo_buff,0.561628083
4735,0.329157781,flo_buff_fence,0.540438784
4735,0.329157781,flo_fence,0.557472124
4735,0.329157781,spr,1.025335555
4735,0.329157781,spr_buff,1.008302216
4735,0.329157781,spr_buff_fence,0.987112917
4735,0.329157781,spr_fence,1.004146256
4736,0.628199843,flo,1.469712629
4736,0.628199843,flo_buff,0.799466776
4736,0.628199843,flo_buff_fence,0.778277477
4736,0.628199843,flo_fence,0.795310816
4736,0.628199843,spr,1.213007797
4736,0.628199843,spr_buff,1.195974458
4736,0.628199843,spr_buff_fence,1.174785159
4736,0.628199843,spr_fence,1.191818498
4737,0.733771663,flo,1.329649718
4737,0.733771663,flo_buff,0.659403865
4737,0.733771663,flo_buff_fence,0.638214566
4737,0.733771663,flo_fence,0.655247905
4737,0.733771663,spr,1.094570804
4737,0.733771663,spr_buff,1.077537465
4737,0.733771663,spr_buff_fence,1.056348166
4737,0.733771663,spr_fence,1.073381506
4738,1.222399086,flo,1.160302784
4738,1.222399086,flo_buff,0.490056931
4738,1.222399086,flo_buff_fence,0.468867632
4738,1.222399086,flo_fence,0.485900972
4738,1.222399086,spr,1.015170679
4738,1.222399086,spr_buff,0.998137339
4738,1.222399086,spr_buff_fence,0.97694804
4738,1.222399086,spr_fence,0.99398138
4739,0.702290057,flo,1.065009206
4739,0.702290057,flo_buff,0.394763353
4739,0.702290057,flo_buff_fence,0.373574054
4739,0.702290057,flo_fence,0.390607393
4739,0.702290057,spr,0.942155785
4739,0.702290057,spr_buff,0.925122446
4739,0.702290057,spr_buff_fence,0.903933147
4739,0.702290057,spr_fence,0.920966486
4740,0.927043749,flo,1.733808342
4740,0.927043749,flo_buff,1.063562489
4740,0.927043749,flo_buff_fence,1.04237319
4740,0.927043749,flo_fence,1.059406529
4740,0.927043749,spr,1.459013257
4740,0.927043749,spr_buff,1.441979917
4740,0.927043749,spr_buff_fence,1.420790618
4740,0.927043749,spr_fence,1.437823958
4741,1.474868673,flo,0.911943868
4741,1.474868673,flo_buff,0.241698015
4741,1.474868673,flo_buff_fence,0.220508716
4741,1.474868673,flo_fence,0.237542055
4741,1.474868673,spr,0.661504327
4741,1.474868673,spr_buff,0.644470988
4741,1.474868673,spr_buff_fence,0.623281689
4741,1.474868673,spr_fence,0.640315028
4742,0.605812325,flo,1.075324074
4742,0.605812325,flo_buff,0.405078221
4742,0.605812325,flo_buff_fence,0.383888922
4742,0.605812325,flo_fence,0.400922261
4742,0.605812325,spr,0.790406094
4742,0.605812325,spr_buff,0.773372754
4742,0.605812325,spr_buff_fence,0.752183455
4742,0.605812325,spr_fence,0.769216795
4743,0.893787275,flo,0.521377471
4743,0.893787275,flo_buff,-0.148868382
4743,0.893787275,flo_buff_fence,-0.170057682
4743,0.893787275,flo_fence,-0.153024342
4743,0.893787275,spr,0.242186428
4743,0.893787275,spr_buff,0.225153089
4743,0.893787275,spr_buff_fence,0.20396379
4743,0.893787275,spr_fence,0.220997129
4744,0.687515584,flo,0.97830991
4744,0.687515584,flo_buff,0.308064057
4744,0.687515584,flo_buff_fence,0.286874757
4744,0.687515584,flo_fence,0.303908097
4744,0.687515584,spr,0.789087785
4744,0.687515584,spr_buff,0.772054445
4744,0.687515584,spr_buff_fence,0.750865146
4744,0.687515584,spr_fence,0.767898486
4746,0.46665116,flo,1.109491766
4746,0.46665116,flo_buff,0.439245913
4746,0.46665116,flo_buff_fence,0.418056614
4746,0.46665116,flo_fence,0.435089953
4746,0.46665116,spr,0.925547685
4746,0.46665116,spr_buff,0.908514346
4746,0.46665116,spr_buff_fence,0.887325047
4746,0.46665116,spr_fence,0.904358386
4748,0.955822394,flo,1.488519611
4748,0.955822394,flo_buff,0.818273758
4748,0.955822394,flo_buff_fence,0.797084459
4748,0.955822394,flo_fence,0.814117798
4748,0.955822394,spr,1.241387299
4748,0.955822394,spr_buff,1.22435396
4748,0.955822394,spr_buff_fence,1.203164661
4748,0.955822394,spr_fence,1.220198
4750,0.567862372,flo,1.844365042
4750,0.567862372,flo_buff,1.174119189
4750,0.567862372,flo_buff_fence,1.15292989
4750,0.567862372,flo_fence,1.169963229
4750,0.567862372,spr,1.518024178
4750,0.567862372,spr_buff,1.500990838
4750,0.567862372,spr_buff_fence,1.479801539
4750,0.567862372,spr_fence,1.496834879
4752,0.70047786,flo,1.616272417
4752,0.70047786,flo_buff,0.946026564
4752,0.70047786,flo_buff_fence,0.924837265
4752,0.70047786,flo_fence,0.941870604
4752,0.70047786,spr,1.360778898
4752,0.70047786,spr_buff,1.343745558
4752,0.70047786,spr_buff_fence,1.322556259
4752,0.70047786,spr_fence,1.339589599
4753,0.993114689,flo,1.87130847
4753,0.993114689,flo_buff,1.201062617
4753,0.993114689,flo_buff_fence,1.179873318
4753,0.993114689,flo_fence,1.196906657
4753,0.993114689,spr,1.562067482
4753,0.993114689,spr_buff,1.545034143
4753,0.993114689,spr_buff_fence,1.523844844
4753,0.993114689,spr_fence,1.540878183
4754,0.82797828,flo,1.434579598
4754,0.82797828,flo_buff,0.764333745
4754,0.82797828,flo_buff_fence,0.743144446
4754,0.82797828,flo_fence,0.760177785
4754,0.82797828,spr,1.122882312
4754,0.82797828,spr_buff,1.105848973
4754,0.82797828,spr_buff_fence,1.084659673
4754,0.82797828,spr_fence,1.101693013
4755,0.270219848,flo,1.871154273
4755,0.270219848,flo_buff,1.20090842
4755,0.270219848,flo_buff_fence,1.179719121
4755,0.270219848,flo_fence,1.196752461
4755,0.270219848,spr,1.517667655
4755,0.270219848,spr_buff,1.500634316
4755,0.270219848,spr_buff_fence,1.479445017
4755,0.270219848,spr_fence,1.496478356
4756,0.054279738,flo,1.224700547
4756,0.054279738,flo_buff,0.554454693
4756,0.054279738,flo_buff_fence,0.533265394
4756,0.054279738,flo_fence,0.550298734
4756,0.054279738,spr,0.898994922
4756,0.054279738,spr_buff,0.881961583
4756,0.054279738,spr_buff_fence,0.860772284
4756,0.054279738,spr_fence,0.877805623
4757,1.230576636,flo,1.085137489
4757,1.230576636,flo_buff,0.414891636
4757,1.230576636,flo_buff_fence,0.393702337
4757,1.230576636,flo_fence,0.410735676
4757,1.230576636,spr,0.631561881
4757,1.230576636,spr_buff,0.614528542
4757,1.230576636,spr_buff_fence,0.593339243
4757,1.230576636,spr_fence,0.610372582
4758,0.706280708,flo,1.380423314
4758,0.706280708,flo_buff,0.710177461
4758,0.706280708,flo_buff_fence,0.688988162
4758,0.706280708,flo_fence,0.706021501
4758,0.706280708,spr,0.9307795
4758,0.706280708,spr_buff,0.913746161
4758,0.706280708,spr_buff_fence,0.892556862
4758,0.706280708,spr_fence,0.909590201
4759,0.855024614,flo,1.351141015
4759,0.855024614,flo_buff,0.680895162
4759,0.855024614,flo_buff_fence,0.659705863
4759,0.855024614,flo_fence,0.676739202
4759,0.855024614,spr,0.901262222
4759,0.855024614,spr_buff,0.884228883
4759,0.855024614,spr_buff_fence,0.863039584
4759,0.855024614,spr_fence,0.880072923
4760,0.745727305,flo,1.260653336
4760,0.745727305,flo_buff,0.590407482
4760,0.745727305,flo_buff_fence,0.569218183
4760,0.745727305,flo_fence,0.586251523
4760,0.745727305,spr,0.819077864
4760,0.745727305,spr_buff,0.802044525
4760,0.745727305,spr_buff_fence,0.780855226
4760,0.745727305,spr_fence,0.797888565
4762,1.726643275,flo,1.417199494
4762,1.726643275,flo_buff,0.746953641
4762,1.726643275,flo_buff_fence,0.725764342
4762,1.726643275,flo_fence,0.742797681
4762,1.726643275,spr,0.912218091
4762,1.726643275,spr_buff,0.895184752
4762,1.726643275,spr_buff_fence,0.873995453
4762,1.726643275,spr_fence,0.891028792
4764,1.293987577,flo,1.348201175
4764,1.293987577,flo_buff,0.677955322
4764,1.293987577,flo_buff_fence,0.656766022
4764,1.293987577,flo_fence,0.673799362
4764,1.293987577,spr,0.839238764
4764,1.293987577,spr_buff,0.822205424
4764,1.293987577,spr_buff_fence,0.801016125
4764,1.293987577,spr_fence,0.818049465
4765,0.652494853,flo,0.743283319
4765,0.652494853,flo_buff,0.073037466
4765,0.652494853,flo_buff_fence,0.051848166
4765,0.652494853,flo_fence,0.068881506
4765,0.652494853,spr,0.221994549
4765,0.652494853,spr_buff,0.20496121
4765,0.652494853,spr_buff_fence,0.183771911
4765,0.652494853,spr_fence,0.20080525
4772,0.361106161,flo,1.321460808
4772,0.361106161,flo_buff,0.651214955
4772,0.361106161,flo_buff_fence,0.630025656
4772,0.361106161,flo_fence,0.647058996
4772,0.361106161,spr,0.801653377
4772,0.361106161,spr_buff,0.784620038
4772,0.361106161,spr_buff_fence,0.763430739
4772,0.361106161,spr_fence,0.780464078
4775,0.81871865,flo,1.019192272
4775,0.81871865,flo_buff,0.348946419
4775,0.81871865,flo_buff_fence,0.327757119
4775,0.81871865,flo_fence,0.344790459
4775,0.81871865,spr,0.65251402
4775,0.81871865,spr_buff,0.635480681
4775,0.81871865,spr_buff_fence,0.614291382
4775,0.81871865,spr_fence,0.631324721
4776,1.153052275,flo,0.657027118
4776,1.153052275,flo_buff,-0.013218736
4776,1.153052275,flo_buff_fence,-0.034408035
4776,1.153052275,flo_fence,-0.017374695
4776,1.153052275,spr,0.276008673
4776,1.153052275,spr_buff,0.258975333
4776,1.153052275,spr_buff_fence,0.237786034
4776,1.153052275,spr_fence,0.254819373
4778,0.383032212,flo,1.230874279
4778,0.383032212,flo_buff,0.560628426
4778,0.383032212,flo_buff_fence,0.539439126
4778,0.383032212,flo_fence,0.556472466
4778,0.383032212,spr,0.781885764
4778,0.383032212,spr_buff,0.764852425
4778,0.383032212,spr_buff_fence,0.743663126
4778,0.383032212,spr_fence,0.760696465
4780,0.678436429,flo,1.260104176
4780,0.678436429,flo_buff,0.589858323
4780,0.678436429,flo_buff_fence,0.568669024
4780,0.678436429,flo_fence,0.585702363
4780,0.678436429,spr,0.866003607
4780,0.678436429,spr_buff,0.848970267
4780,0.678436429,spr_buff_fence,0.827780968
4780,0.678436429,spr_fence,0.844814308
4787,1.789567317,flo,1.435628273
4787,1.789567317,flo_buff,0.765382419
4787,1.789567317,flo_buff_fence,0.74419312
4787,1.789567317,flo_fence,0.76122646
4787,1.789567317,spr,0.960187285
4787,1.789567317,spr_buff,0.943153946
4787,1.789567317,spr_buff_fence,0.921964647
4787,1.789567317,spr_fence,0.938997986
4788,1.618133901,flo,0.9843963
4788,1.618133901,flo_buff,0.314150447
4788,1.618133901,flo_buff_fence,0.292961147
4788,1.618133901,flo_fence,0.309994487
4788,1.618133901,spr,0.456631551
4788,1.618133901,spr_buff,0.439598211
4788,1.618133901,spr_buff_fence,0.418408912
4788,1.618133901,spr_fence,0.435442251
4789,1.471247692,flo,0.902016471
4789,1.471247692,flo_buff,0.902016471
4789,1.471247692,flo_buff_fence,0.902016471
4789,1.471247692,flo_fence,0.902016471
4789,1.471247692,spr,0.902016471
4789,1.471247692,spr_buff,0.902016471
4789,1.471247692,spr_buff_fence,0.902016471
4789,1.471247692,spr_fence,0.902016471
4790,1.90561781,flo,0.74637765
4790,1.90561781,flo_buff,0.076131797
4790,1.90561781,flo_buff_fence,0.054942498
4790,1.90561781,flo_fence,0.071975837
4790,1.90561781,spr,0.23570876
4790,1.90561781,spr_buff,0.218675421
4790,1.90561781,spr_buff_fence,0.197486122
4790,1.90561781,spr_fence,0.214519461
4791,1.647064958,flo,1.272166848
4791,1.647064958,flo_buff,0.601920995
4791,1.647064958,flo_buff_fence,0.580731696
4791,1.647064958,flo_fence,0.597765036
4791,1.647064958,spr,0.753150887
4791,1.647064958,spr_buff,0.736117548
4791,1.647064958,spr_buff_fence,0.714928249
4791,1.647064958,spr_fence,0.731961588
4792,1.915636179,flo,1.510795919
4792,1.915636179,flo_buff,0.840550066
4792,1.915636179,flo_buff_fence,0.819360767
4792,1.915636179,flo_fence,0.836394106
4792,1.915636179,spr,0.989742937
4792,1.915636179,spr_buff,0.972709598
4792,1.915636179,spr_buff_fence,0.951520299
4792,1.915636179,spr_fence,0.968553638
4793,1.805323434,flo,1.078378432
4793,1.805323434,flo_buff,0.408132579
4793,1.805323434,flo_buff_fence,0.38694328
4793,1.805323434,flo_fence,0.40397662
4793,1.805323434,spr,0.760632227
4793,1.805323434,spr_buff,0.743598888
4793,1.805323434,spr_buff_fence,0.722409589
4793,1.805323434,spr_fence,0.739442928
4795,1.605414953,flo,1.710206298
4795,1.605414953,flo_buff,1.039960445
4795,1.605414953,flo_buff_fence,1.018771146
4795,1.605414953,flo_fence,1.035804485
4795,1.605414953,spr,1.364437003
4795,1.605414953,spr_buff,1.347403663
4795,1.605414953,spr_buff_fence,1.326214364
4795,1.605414953,spr_fence,1.343247704
4796,2.148633498,flo,1.431201193
4796,2.148633498,flo_buff,0.76095534
4796,2.148633498,flo_buff_fence,0.739766041
4796,2.148633498,flo_fence,0.75679938
4796,2.148633498,spr,1.127689704
4796,2.148633498,spr_buff,1.110656364
4796,2.148633498,spr_buff_fence,1.089467065
4796,2.148633498,spr_fence,1.106500405
4797,2.048663167,flo,1.212261591
4797,2.048663167,flo_buff,0.542015738
4797,2.048663167,flo_buff_fence,0.520826439
4797,2.048663167,flo_fence,0.537859778
4797,2.048663167,spr,0.91255638
4797,2.048663167,spr_buff,0.895523041
4797,2.048663167,spr_buff_fence,0.874333742
4797,2.048663167,spr_fence,0.891367081
4798,1.610792134,flo,1.406155436
4798,1.610792134,flo_buff,0.735909583
4798,1.610792134,flo_buff_fence,0.714720284
4798,1.610792134,flo_fence,0.731753624
4798,1.610792134,spr,1.098027054
4798,1.610792134,spr_buff,1.080993714
4798,1.610792134,spr_buff_fence,1.059804416
4798,1.610792134,spr_fence,1.076837755
4799,1.442060951,flo,1.158605207
4799,1.442060951,flo_buff,0.488359354
4799,1.442060951,flo_buff_fence,0.467170055
4799,1.442060951,flo_fence,0.484203394
4799,1.442060951,spr,0.826307774
4799,1.442060951,spr_buff,0.809274434
4799,1.442060951,spr_buff_fence,0.788085135
4799,1.442060951,spr_fence,0.805118474
4804,1.60638889,flo,1.062181759
4804,1.60638889,flo_buff,0.391935906
4804,1.60638889,flo_buff_fence,0.370746607
4804,1.60638889,flo_fence,0.387779946
4804,1.60638889,spr,0.758021121
4804,1.60638889,spr_buff,0.740987781
4804,1.60638889,spr_buff_fence,0.719798482
4804,1.60638889,spr_fence,0.736831822
4805,1.150200556,flo,1.151966619
4805,1.150200556,flo_buff,0.481720766
4805,1.150200556,flo_buff_fence,0.460531467
4805,1.150200556,flo_fence,0.477564806
4805,1.150200556,spr,0.829462388
4805,1.150200556,spr_buff,0.812429049
4805,1.150200556,spr_buff_fence,0.79123975
4805,1.150200556,spr_fence,0.808273089
4806,1.055970495,flo,0.88820933
4806,1.055970495,flo_buff,0.217963477
4806,1.055970495,flo_buff_fence,0.196774178
4806,1.055970495,flo_fence,0.213807517
4806,1.055970495,spr,0.574922877
4806,1.055970495,spr_buff,0.557889538
4806,1.055970495,spr_buff_fence,0.536700238
4806,1.055970495,spr_fence,0.553733578
4807,1.103772943,flo,1.446656813
4807,1.103772943,flo_buff,0.77641096
4807,1.103772943,flo_buff_fence,0.755221661
4807,1.103772943,flo_fence,0.772255
4807,1.103772943,spr,1.128561945
4807,1.103772943,spr_buff,1.111528606
4807,1.103772943,spr_buff_fence,1.090339306
4807,1.103772943,spr_fence,1.107372646
4808,1.014133954,flo,1.632279107
4808,1.014133954,flo_buff,0.962033254
4808,1.014133954,flo_buff_fence,0.940843955
4808,1.014133954,flo_fence,0.957877294
4808,1.014133954,spr,1.287593374
4808,1.014133954,spr_buff,1.270560035
4808,1.014133954,spr_buff_fence,1.249370736
4808,1.014133954,spr_fence,1.266404076
4811,1.02821326,flo,1.41274578
4811,1.02821326,flo_buff,0.742499927
4811,1.02821326,flo_buff_fence,0.721310628
4811,1.02821326,flo_fence,0.738343967
4811,1.02821326,spr,1.086668197
4811,1.02821326,spr_buff,1.069634858
4811,1.02821326,spr_buff_fence,1.048445559
4811,1.02821326,spr_fence,1.065478898
4813,1.061576869,flo,1.058660535
4813,1.061576869,flo_buff,0.388414682
4813,1.061576869,flo_buff_fence,0.367225383
4813,1.061576869,flo_fence,0.384258722
4813,1.061576869,spr,0.70579948
4813,1.061576869,spr_buff,0.688766141
4813,1.061576869,spr_buff_fence,0.667576841
4813,1.061576869,spr_fence,0.684610181
4814,1.014835435,flo,1.307163142
4814,1.014835435,flo_buff,0.636917289
4814,1.014835435,flo_buff_fence,0.615727989
4814,1.014835435,flo_fence,0.632761329
4814,1.014835435,spr,0.795430584
4814,1.014835435,spr_buff,0.778397245
4814,1.014835435,spr_buff_fence,0.757207946
4814,1.014835435,spr_fence,0.774241285
4816,0.836715184,flo,1.69407813
4816,0.836715184,flo_buff,1.023832277
4816,0.836715184,flo_buff_fence,1.002642978
4816,0.836715184,flo_fence,1.019676317
4816,0.836715184,spr,1.177451055
4816,0.836715184,spr_buff,1.160417715
4816,0.836715184,spr_buff_fence,1.139228416
4816,0.836715184,spr_fence,1.156261756
4818,0.510676351,flo,0.706301689
4818,0.510676351,flo_buff,0.036055836
4818,0.510676351,flo_buff_fence,0.014866537
4818,0.510676351,flo_fence,0.031899877
4818,0.510676351,spr,0.900216648
4818,0.510676351,spr_buff,0.257337436
4818,0.510676351,spr_buff_fence,0.236148137
4818,0.510676351,spr_fence,0.253181476
4822,0.860825341,flo,1.15080062
4822,0.860825341,flo_buff,0.480554767
4822,0.860825341,flo_buff_fence,0.459365468
4822,0.860825341,flo_fence,0.476398807
4822,0.860825341,spr,1.006609533
4822,0.860825341,spr_buff,0.989576194
4822,0.860825341,spr_buff_fence,0.968386895
4822,0.860825341,spr_fence,0.985420234
4823,1.179887722,flo,1.879304555
4823,1.179887722,flo_buff,1.209058702
4823,1.179887722,flo_buff_fence,1.187869403
4823,1.179887722,flo_fence,1.204902742
4823,1.179887722,spr,1.530542179
4823,1.179887722,spr_buff,1.513508839
4823,1.179887722,spr_buff_fence,1.49231954
4823,1.179887722,spr_fence,1.50935288
4830,0.646510571,flo,1.122884363
4830,0.646510571,flo_buff,0.45263851
4830,0.646510571,flo_buff_fence,0.43144921
4830,0.646510571,flo_fence,0.44848255
4830,0.646510571,spr,0.606660226
4830,0.646510571,spr_buff,0.589626887
4830,0.646510571,spr_buff_fence,0.568437588
4830,0.646510571,spr_fence,0.585470927
4831,0.950408184,flo,0.830600348
4831,0.950408184,flo_buff,0.160354494
4831,0.950408184,flo_buff_fence,0.139165195
4831,0.950408184,flo_fence,0.156198534
4831,0.950408184,spr,0.297757588
4831,0.950408184,spr_buff,0.280724249
4831,0.950408184,spr_buff_fence,0.25953495
4831,0.950408184,spr_fence,0.276568289
4832,1.040748662,flo,1.186579839
4832,1.040748662,flo_buff,0.516333987
4832,1.040748662,flo_buff_fence,0.495144687
4832,1.040748662,flo_fence,0.512178027
4832,1.040748662,spr,0.6675833
4832,1.040748662,spr_buff,0.650549961
4832,1.040748662,spr_buff_fence,0.629360662
4832,1.040748662,spr_fence,0.646394001
4835,0.457377702,flo,0.745612216
4835,0.457377702,flo_buff,0.075366364
4835,0.457377702,flo_buff_fence,0.054177065
4835,0.457377702,flo_fence,0.071210404
4835,0.457377702,spr,0.219276827
4835,0.457377702,spr_buff,0.202243487
4835,0.457377702,spr_buff_fence,0.181054188
4835,0.457377702,spr_fence,0.198087528
4836,0.818388229,flo,0.848411333
4836,0.818388229,flo_buff,0.17816548
4836,0.818388229,flo_buff_fence,0.156976181
4836,0.818388229,flo_fence,0.174009521
4836,0.818388229,spr,0.330033921
4836,0.818388229,spr_buff,0.313000582
4836,0.818388229,spr_buff_fence,0.291811283
4836,0.818388229,spr_fence,0.308844622
4837,0.8421791,flo,0.660871987
4837,0.8421791,flo_buff,-0.009373867
4837,0.8421791,flo_buff_fence,-0.030563166
4837,0.8421791,flo_fence,-0.013529826
4837,0.8421791,spr,0.14272739
4837,0.8421791,spr_buff,0.12569405
4837,0.8421791,spr_buff_fence,0.104504751
4837,0.8421791,spr_fence,0.121538091
4841,0.312642725,flo,1.710839718
4841,0.312642725,flo_buff,1.040593865
4841,0.312642725,flo_buff_fence,1.019404566
4841,0.312642725,flo_fence,1.036437906
4841,0.312642725,spr,1.187152844
4841,0.312642725,spr_buff,1.170119505
4841,0.312642725,spr_buff_fence,1.148930206
4841,0.312642725,spr_fence,1.165963545
4843,0.573391515,flo,0.412706347
4843,0.573391515,flo_buff,-0.257539506
4843,0.573391515,flo_buff_fence,-0.278728805
4843,0.573391515,flo_fence,-0.261695466
4843,0.573391515,spr,0.010346605
4843,0.573391515,spr_buff,-0.006686734
4843,0.573391515,spr_buff_fence,-0.027876033
4843,0.573391515,spr_fence,-0.010842694
4847,0.714523388,flo,-0.1
4847,0.714523388,flo_buff,-0.1
4847,0.714523388,flo_buff_fence,-0.1
4847,0.714523388,flo_fence,-0.1
4847,0.714523388,spr,-0.1
4847,0.714523388,spr_buff,-0.1
4847,0.714523388,spr_buff_fence,-0.1
4847,0.714523388,spr_fence,-0.1
4848,0.541486884,flo,1.364227517
4848,0.541486884,flo_buff,0.693981664
4848,0.541486884,flo_buff_fence,0.672792364
4848,0.541486884,flo_fence,0.689825704
4848,0.541486884,spr,0.912513069
4848,0.541486884,spr_buff,0.89547973
4848,0.541486884,spr_buff_fence,0.874290431
4848,0.541486884,spr_fence,0.89132377
4850,0.731658859,flo,0.872373758
4850,0.731658859,flo_buff,0.202127905
4850,0.731658859,flo_buff_fence,0.180938606
4850,0.731658859,flo_fence,0.197971945
4850,0.731658859,spr,0.401102908
4850,0.731658859,spr_buff,0.384069569
4850,0.731658859,spr_buff_fence,0.36288027
4850,0.731658859,spr_fence,0.379913609
4851,0.596157081,flo,1.28960597
4851,0.596157081,flo_buff,0.619360117
4851,0.596157081,flo_buff_fence,0.598170818
4851,0.596157081,flo_fence,0.615204157
4851,0.596157081,spr,0.840138783
4851,0.596157081,spr_buff,0.823105444
4851,0.596157081,spr_buff_fence,0.801916145
4851,0.596157081,spr_fence,0.818949484
4852,0.478953004,flo,1.259716337
4852,0.478953004,flo_buff,0.589470484
4852,0.478953004,flo_buff_fence,0.568281185
4852,0.478953004,flo_fence,0.585314524
4852,0.478953004,spr,0.803171491
4852,0.478953004,spr_buff,0.786138152
4852,0.478953004,spr_buff_fence,0.764948853
4852,0.478953004,spr_fence,0.781982192
4853,1.171091364,flo,1.051787866
4853,1.171091364,flo_buff,0.381542013
4853,1.171091364,flo_buff_fence,0.360352714
4853,1.171091364,flo_fence,0.377386053
4853,1.171091364,spr,0.612494728
4853,1.171091364,spr_buff,0.595461389
4853,1.171091364,spr_buff_fence,0.57427209
4853,1.171091364,spr_fence,0.591305429
4854,0.693781452,flo,0.902016471
4854,0.693781452,flo_buff,0.902016471
4854,0.693781452,flo_buff_fence,0.902016471
4854,0.693781452,flo_fence,0.902016471
4854,0.693781452,spr,0.902016471
4854,0.693781452,spr_buff,0.902016471
4854,0.693781452,spr_buff_fence,0.902016471
4854,0.693781452,spr_fence,0.902016471
4856,0.6013874,flo,0.902016471
4856,0.6013874,flo_buff,0.902016471
4856,0.6013874,flo_buff_fence,0.902016471
4856,0.6013874,flo_fence,0.902016471
4856,0.6013874,spr,0.902016471
4856,0.6013874,spr_buff,0.902016471
4856,0.6013874,spr_buff_fence,0.902016471
4856,0.6013874,spr_fence,0.902016471
4857,0.311571631,flo,0.76700976
4857,0.311571631,flo_buff,0.096763907
4857,0.311571631,flo_buff_fence,0.075574608
4857,0.311571631,flo_fence,0.092607947
4857,0.311571631,spr,0.247828702
4857,0.311571631,spr_buff,0.230795363
4857,0.311571631,spr_buff_fence,0.209606064
4857,0.311571631,spr_fence,0.226639403
4858,0.553637909,flo,0.707110137
4858,0.553637909,flo_buff,0.036864284
4858,0.553637909,flo_buff_fence,0.015674985
4858,0.553637909,flo_fence,0.032708324
4858,0.553637909,spr,0.194888878
4858,0.553637909,spr_buff,0.177855539
4858,0.553637909,spr_buff_fence,0.15666624
4858,0.553637909,spr_fence,0.173699579
4859,0.636663384,flo,0.753139061
4859,0.636663384,flo_buff,0.082893208
4859,0.636663384,flo_buff_fence,0.061703909
4859,0.636663384,flo_fence,0.078737248
4859,0.636663384,spr,0.232411808
4859,0.636663384,spr_buff,0.215378469
4859,0.636663384,spr_buff_fence,0.19418917
4859,0.636663384,spr_fence,0.211222509
4860,0.736262607,flo,1.15895807
4860,0.736262607,flo_buff,0.488712217
4860,0.736262607,flo_buff_fence,0.467522918
4860,0.736262607,flo_fence,0.484556258
4860,0.736262607,spr,0.658117004
4860,0.736262607,spr_buff,0.641083665
4860,0.736262607,spr_buff_fence,0.619894366
4860,0.736262607,spr_fence,0.636927705
4861,1.137252806,flo,1.214685523
4861,1.137252806,flo_buff,0.54443967
4861,1.137252806,flo_buff_fence,0.523250371
4861,1.137252806,flo_fence,0.54028371
4861,1.137252806,spr,0.691202179
4861,1.137252806,spr_buff,0.67416884
4861,1.137252806,spr_buff_fence,0.652979541
4861,1.137252806,spr_fence,0.67001288
4864,1.350775056,flo,1.361471268
4864,1.350775056,flo_buff,0.691225415
4864,1.350775056,flo_buff_fence,0.670036116
4864,1.350775056,flo_fence,0.687069455
4864,1.350775056,spr,0.82310157
4864,1.350775056,spr_buff,0.806068231
4864,1.350775056,spr_buff_fence,0.784878931
4864,1.350775056,spr_fence,0.801912271
4870,1.134801634,flo,1.813746149
4870,1.134801634,flo_buff,1.143500296
4870,1.134801634,flo_buff_fence,1.122310996
4870,1.134801634,flo_fence,1.139344336
4870,1.134801634,spr,1.512462754
4870,1.134801634,spr_buff,1.495429415
4870,1.134801634,spr_buff_fence,1.474240116
4870,1.134801634,spr_fence,1.491273455
4871,0.122520597,flo,0.574590126
4871,0.122520597,flo_buff,-0.095655727
4871,0.122520597,flo_buff_fence,-0.116845026
4871,0.122520597,flo_fence,-0.099811687
4871,0.122520597,spr,0.163658466
4871,0.122520597,spr_buff,0.146625127
4871,0.122520597,spr_buff_fence,0.125435828
4871,0.122520597,spr_fence,0.142469167
4874,0.413358449,flo,0.722254936
4874,0.413358449,flo_buff,0.052009083
4874,0.413358449,flo_buff_fence,0.030819784
4874,0.413358449,flo_fence,0.047853124
4874,0.413358449,spr,0.262869892
4874,0.413358449,spr_buff,0.245836553
4874,0.413358449,spr_buff_fence,0.224647254
4874,0.413358449,spr_fence,0.241680593
4876,0.835176088,flo,0.88286181
4876,0.835176088,flo_buff,0.212615957
4876,0.835176088,flo_buff_fence,0.191426658
4876,0.835176088,flo_fence,0.208459997
4876,0.835176088,spr,0.424887324
4876,0.835176088,spr_buff,0.407853984
4876,0.835176088,spr_buff_fence,0.386664685
4876,0.835176088,spr_fence,0.403698024
4878,0.431553525,flo,0.666388117
4878,0.431553525,flo_buff,-0.003857737
4878,0.431553525,flo_buff_fence,-0.025047036
4878,0.431553525,flo_fence,-0.008013696
4878,0.431553525,spr,0.21152888
4878,0.431553525,spr_buff,0.194495541
4878,0.431553525,spr_buff_fence,0.173306242
4878,0.431553525,spr_fence,0.190339581
4879,0.515553301,flo,0.902016471
4879,0.515553301,flo_buff,0.902016471
4879,0.515553301,flo_buff_fence,0.902016471
4879,0.515553301,flo_fence,0.902016471
4879,0.515553301,spr,0.902016471
4879,0.515553301,spr_buff,0.902016471
4879,0.515553301,spr_buff_fence,0.902016471
4879,0.515553301,spr_fence,0.902016471
4880,0.600203764,flo,0.838488312
4880,0.600203764,flo_buff,0.168242459
4880,0.600203764,flo_buff_fence,0.14705316
4880,0.600203764,flo_fence,0.164086499
4880,0.600203764,spr,0.373945381
4880,0.600203764,spr_buff,0.356912042
4880,0.600203764,spr_buff_fence,0.335722743
4880,0.600203764,spr_fence,0.352756082
4882,0.881649376,flo,0.896941457
4882,0.881649376,flo_buff,0.226695604
4882,0.881649376,flo_buff_fence,0.205506305
4882,0.881649376,flo_fence,0.222539644
4882,0.881649376,spr,0.44739319
4882,0.881649376,spr_buff,0.430359851
4882,0.881649376,spr_buff_fence,0.409170552
4882,0.881649376,spr_fence,0.426203891
4883,0.527924915,flo,1.194008678
4883,0.527924915,flo_buff,0.523762824
4883,0.527924915,flo_buff_fence,0.502573525
4883,0.527924915,flo_fence,0.519606865
4883,0.527924915,spr,0.786803163
4883,0.527924915,spr_buff,0.769769823
4883,0.527924915,spr_buff_fence,0.748580524
4883,0.527924915,spr_fence,0.765613863
4884,0.734363717,flo,2.090198514
4884,0.734363717,flo_buff,1.419952661
4884,0.734363717,flo_buff_fence,1.398763362
4884,0.734363717,flo_fence,1.415796701
4884,0.734363717,spr,1.624713923
4884,0.734363717,spr_buff,1.607680583
4884,0.734363717,spr_buff_fence,1.586491284
4884,0.734363717,spr_fence,1.603524624
4885,0.4479468,flo,0.648855795
4885,0.4479468,flo_buff,-0.021390059
4885,0.4479468,flo_buff_fence,-0.042579358
4885,0.4479468,flo_fence,-0.025546018
4885,0.4479468,spr,0.118955281
4885,0.4479468,spr_buff,0.101921942
4885,0.4479468,spr_buff_fence,0.080732643
4885,0.4479468,spr_fence,0.097765982
4887,0.606786446,flo,1.073512328
4887,0.606786446,flo_buff,0.403266475
4887,0.606786446,flo_buff_fence,0.382077176
4887,0.606786446,flo_fence,0.399110515
4887,0.606786446,spr,0.559550619
4887,0.606786446,spr_buff,0.54251728
4887,0.606786446,spr_buff_fence,0.521327981
4887,0.606786446,spr_fence,0.53836132
4888,0.323961247,flo,1.080394327
4888,0.323961247,flo_buff,0.410148474
4888,0.323961247,flo_buff_fence,0.388959174
4888,0.323961247,flo_fence,0.405992514
4888,0.323961247,spr,0.650718635
4888,0.323961247,spr_buff,0.633685296
4888,0.323961247,spr_buff_fence,0.612495997
4888,0.323961247,spr_fence,0.629529336
4889,0.503154432,flo,1.339461725
4889,0.503154432,flo_buff,0.669215872
4889,0.503154432,flo_buff_fence,0.648026573
4889,0.503154432,flo_fence,0.665059912
4889,0.503154432,spr,0.991817889
4889,0.503154432,spr_buff,0.974784549
4889,0.503154432,spr_buff_fence,0.95359525
4889,0.503154432,spr_fence,0.97062859
4895,0.642598053,flo,1.598937456
4895,0.642598053,flo_buff,0.928691603
4895,0.642598053,flo_buff_fence,0.907502304
4895,0.642598053,flo_fence,0.924535643
4895,0.642598053,spr,1.339793934
4895,0.642598053,spr_buff,1.322760595
4895,0.642598053,spr_buff_fence,1.301571296
4895,0.642598053,spr_fence,1.318604635
4896,0.607280198,flo,1.612205092
4896,0.607280198,flo_buff,0.941959239
4896,0.607280198,flo_buff_fence,0.92076994
4896,0.607280198,flo_fence,0.937803279
4896,0.607280198,spr,1.289514664
4896,0.607280198,spr_buff,1.272481325
4896,0.607280198,spr_buff_fence,1.251292026
4896,0.607280198,spr_fence,1.268325365
4897,0.344840093,flo,1.357670425
4897,0.344840093,flo_buff,0.687424572
4897,0.344840093,flo_buff_fence,0.666235273
4897,0.344840093,flo_fence,0.683268612
4897,0.344840093,spr,1.019138812
4897,0.344840093,spr_buff,1.002105472
4897,0.344840093,spr_buff_fence,0.980916173
4897,0.344840093,spr_fence,0.997949513
4898,0.281808039,flo,0.902016471
4898,0.281808039,flo_buff,0.902016471
4898,0.281808039,flo_buff_fence,0.902016471
4898,0.281808039,flo_fence,0.902016471
4898,0.281808039,spr,0.902016471
4898,0.281808039,spr_buff,0.902016471
4898,0.281808039,spr_buff_fence,0.902016471
4898,0.281808039,spr_fence,0.902016471
4899,0.391370948,flo,1.290375025
4899,0.391370948,flo_buff,0.620129172
4899,0.391370948,flo_buff_fence,0.598939873
4899,0.391370948,flo_fence,0.615973213
4899,0.391370948,spr,0.854197312
4899,0.391370948,spr_buff,0.837163973
4899,0.391370948,spr_buff_fence,0.815974674
4899,0.391370948,spr_fence,0.833008013
4901,0.81829519,flo,1.041645216
4901,0.81829519,flo_buff,0.371399364
4901,0.81829519,flo_buff_fence,0.350210064
4901,0.81829519,flo_fence,0.367243404
4901,0.81829519,spr,0.703178784
4901,0.81829519,spr_buff,0.686145445
4901,0.81829519,spr_buff_fence,0.664956146
4901,0.81829519,spr_fence,0.681989485
4902,0.876291757,flo,1.574378437
4902,0.876291757,flo_buff,0.904132584
4902,0.876291757,flo_buff_fence,0.882943285
4902,0.876291757,flo_fence,0.899976624
4902,0.876291757,spr,1.197650257
4902,0.876291757,spr_buff,1.180616918
4902,0.876291757,spr_buff_fence,1.159427619
4902,0.876291757,spr_fence,1.176460958
4903,0.634669687,flo,1.415801815
4903,0.634669687,flo_buff,0.745555962
4903,0.634669687,flo_buff_fence,0.724366663
4903,0.634669687,flo_fence,0.741400002
4903,0.634669687,spr,1.052332489
4903,0.634669687,spr_buff,1.03529915
4903,0.634669687,spr_buff_fence,1.014109851
4903,0.634669687,spr_fence,1.031143191
4904,0.458229798,flo,1.703248471
4904,0.458229798,flo_buff,1.033002617
4904,0.458229798,flo_buff_fence,1.011813318
4904,0.458229798,flo_fence,1.028846658
4904,0.458229798,spr,1.323918015
4904,0.458229798,spr_buff,1.306884675
4904,0.458229798,spr_buff_fence,1.285695376
4904,0.458229798,spr_fence,1.302728716
4905,1.337652903,flo,1.539550766
4905,1.337652903,flo_buff,0.869304912
4905,1.337652903,flo_buff_fence,0.848115613
4905,1.337652903,flo_fence,0.865148953
4905,1.337652903,spr,1.211559281
4905,1.337652903,spr_buff,1.194525941
4905,1.337652903,spr_buff_fence,1.173336642
4905,1.337652903,spr_fence,1.190369982
4906,1.166708305,flo,1.823247261
4906,1.166708305,flo_buff,1.153001408
4906,1.166708305,flo_buff_fence,1.131812109
4906,1.166708305,flo_fence,1.148845448
4906,1.166708305,spr,1.455921412
4906,1.166708305,spr_buff,1.438888073
4906,1.166708305,spr_buff_fence,1.417698773
4906,1.166708305,spr_fence,1.434732113
4907,1.20928172,flo,1.633723343
4907,1.20928172,flo_buff,0.96347749
4907,1.20928172,flo_buff_fence,0.942288191
4907,1.20928172,flo_fence,0.95932153
4907,1.20928172,spr,1.288672975
4907,1.20928172,spr_buff,1.271639636
4907,1.20928172,spr_buff_fence,1.250450337
4907,1.20928172,spr_fence,1.267483676
4908,0.850271196,flo,1.704240875
4908,0.850271196,flo_buff,1.033995022
4908,0.850271196,flo_buff_fence,1.012805722
4908,0.850271196,flo_fence,1.029839062
4908,0.850271196,spr,1.356540838
4908,0.850271196,spr_buff,1.339507498
4908,0.850271196,spr_buff_fence,1.318318199
4908,0.850271196,spr_fence,1.335351539
4909,1.239582242,flo,1.670183236
4909,1.239582242,flo_buff,0.999937383
4909,1.239582242,flo_buff_fence,0.978748084
4909,1.239582242,flo_fence,0.995781423
4909,1.239582242,spr,1.339372193
4909,1.239582242,spr_buff,1.322338854
4909,1.239582242,spr_buff_fence,1.301149555
4909,1.239582242,spr_fence,1.318182894
4912,0.976520086,flo,1.105192956
4912,0.976520086,flo_buff,0.434947103
4912,0.976520086,flo_buff_fence,0.413757804
4912,0.976520086,flo_fence,0.430791143
4912,0.976520086,spr,0.765654088
4912,0.976520086,spr_buff,0.748620749
4912,0.976520086,spr_buff_fence,0.72743145
4912,0.976520086,spr_fence,0.744464789
4913,1.269762708,flo,2.19330575
4913,1.269762708,flo_buff,1.523059897
4913,1.269762708,flo_buff_fence,1.501870598
4913,1.269762708,flo_fence,1.518903937
4913,1.269762708,spr,1.635022724
4913,1.269762708,spr_buff,1.617989385
4913,1.269762708,spr_buff_fence,1.596800085
4913,1.269762708,spr_fence,1.613833425
4914,0.718710897,flo,1.64249535
4914,0.718710897,flo_buff,0.972249497
4914,0.718710897,flo_buff_fence,0.951060198
4914,0.718710897,flo_fence,0.968093537
4914,0.718710897,spr,1.156057047
4914,0.718710897,spr_buff,1.139023707
4914,0.718710897,spr_buff_fence,1.117834408
4914,0.718710897,spr_fence,1.134867748
4916,0.469459707,flo,1.49585625
4916,0.469459707,flo_buff,0.825610397
4916,0.469459707,flo_buff_fence,0.804421098
4916,0.469459707,flo_fence,0.821454438
4916,0.469459707,spr,1.208038092
4916,0.469459707,spr_buff,1.191004753
4916,0.469459707,spr_buff_fence,1.169815454
4916,0.469459707,spr_fence,1.186848793
4917,0.64034427,flo,1.038672862
4917,0.64034427,flo_buff,0.368427009
4917,0.64034427,flo_buff_fence,0.34723771
4917,0.64034427,flo_fence,0.364271049
4917,0.64034427,spr,0.8180766
4917,0.64034427,spr_buff,0.801043261
4917,0.64034427,spr_buff_fence,0.779853962
4917,0.64034427,spr_fence,0.796887301
4919,0.388612671,flo,0.902016471
4919,0.388612671,flo_buff,0.902016471
4919,0.388612671,flo_buff_fence,0.902016471
4919,0.388612671,flo_fence,0.902016471
4919,0.388612671,spr,0.902016471
4919,0.388612671,spr_buff,0.902016471
4919,0.388612671,spr_buff_fence,0.902016471
4919,0.388612671,spr_fence,0.902016471
4920,0.336933797,flo,0.791619376
4920,0.336933797,flo_buff,0.121373523
4920,0.336933797,flo_buff_fence,0.100184224
4920,0.336933797,flo_fence,0.117217563
4920,0.336933797,spr,0.403893912
4920,0.336933797,spr_buff,0.386860572
4920,0.336933797,spr_buff_fence,0.365671273
4920,0.336933797,spr_fence,0.382704613
4921,0.499337857,flo,0.648718235
4921,0.499337857,flo_buff,-0.021527618
4921,0.499337857,flo_buff_fence,-0.042716917
4921,0.499337857,flo_fence,-0.025683578
4921,0.499337857,spr,0.272390777
4921,0.499337857,spr_buff,0.255357438
4921,0.499337857,spr_buff_fence,0.234168138
4921,0.499337857,spr_fence,0.251201478
4923,0.55338658,flo,1.026236012
4923,0.55338658,flo_buff,0.355990159
4923,0.55338658,flo_buff_fence,0.33480086
4923,0.55338658,flo_fence,0.351834199
4923,0.55338658,spr,0.599321636
4923,0.55338658,spr_buff,0.582288296
4923,0.55338658,spr_buff_fence,0.561098997
4923,0.55338658,spr_fence,0.578132337
4924,0.743732342,flo,0.808834463
4924,0.743732342,flo_buff,0.13858861
4924,0.743732342,flo_buff_fence,0.117399311
4924,0.743732342,flo_fence,0.13443265
4924,0.743732342,spr,0.28875364
4924,0.743732342,spr_buff,0.271720301
4924,0.743732342,spr_buff_fence,0.250531002
4924,0.743732342,spr_fence,0.267564341
4929,0.800495064,flo,1.248934402
4929,0.800495064,flo_buff,0.578688549
4929,0.800495064,flo_buff_fence,0.55749925
4929,0.800495064,flo_fence,0.574532589
4929,0.800495064,spr,0.798658442
4929,0.800495064,spr_buff,0.781625103
4929,0.800495064,spr_buff_fence,0.760435804
4929,0.800495064,spr_fence,0.777469143
4931,0.520433747,flo,0.930140166
4931,0.520433747,flo_buff,0.259894313
4931,0.520433747,flo_buff_fence,0.238705014
4931,0.520433747,flo_fence,0.255738354
4931,0.520433747,spr,0.463217351
4931,0.520433747,spr_buff,0.446184012
4931,0.520433747,spr_buff_fence,0.424994713
4931,0.520433747,spr_fence,0.442028052
4932,0.040582563,flo,1.009538498
4932,0.040582563,flo_buff,0.339292645
4932,0.040582563,flo_buff_fence,0.318103346
4932,0.040582563,flo_fence,0.335136685
4932,0.040582563,spr,0.541178056
4932,0.040582563,spr_buff,0.524144717
4932,0.040582563,spr_buff_fence,0.502955418
4932,0.040582563,spr_fence,0.519988757
4933,0.529072145,flo,1.619842495
4933,0.529072145,flo_buff,0.949596642
4933,0.529072145,flo_buff_fence,0.928407343
4933,0.529072145,flo_fence,0.945440682
4933,0.529072145,spr,1.165645047
4933,0.529072145,spr_buff,1.148611708
4933,0.529072145,spr_buff_fence,1.127422408
4933,0.529072145,spr_fence,1.144455748
4934,0.374948039,flo,1.209522234
4934,0.374948039,flo_buff,0.53927638
4934,0.374948039,flo_buff_fence,0.518087081
4934,0.374948039,flo_fence,0.535120421
4934,0.374948039,spr,0.752205718
4934,0.374948039,spr_buff,0.735172379
4934,0.374948039,spr_buff_fence,0.71398308
4934,0.374948039,spr_fence,0.731016419
4935,0.474391113,flo,0.680727409
4935,0.474391113,flo_buff,0.010481556
4935,0.474391113,flo_buff_fence,-0.010707743
4935,0.474391113,flo_fence,0.006325596
4935,0.474391113,spr,0.215557094
4935,0.474391113,spr_buff,0.198523755
4935,0.474391113,spr_buff_fence,0.177334456
4935,0.474391113,spr_fence,0.194367795
4936,0.557195505,flo,1.561168044
4936,0.557195505,flo_buff,0.890922191
4936,0.557195505,flo_buff_fence,0.869732892
4936,0.557195505,flo_fence,0.886766231
4936,0.557195505,spr,1.11105072
4936,0.557195505,spr_buff,1.094017381
4936,0.557195505,spr_buff_fence,1.072828081
4936,0.557195505,spr_fence,1.089861421
4938,0.946587347,flo,1.478748893
4938,0.946587347,flo_buff,0.80850304
4938,0.946587347,flo_buff_fence,0.787313741
4938,0.946587347,flo_fence,0.804347081
4938,0.946587347,spr,0.970095958
4938,0.946587347,spr_buff,0.953062619
4938,0.946587347,spr_buff_fence,0.93187332
4938,0.946587347,spr_fence,0.948906659
4939,0.722978425,flo,1.23804444
4939,0.722978425,flo_buff,0.567798587
4939,0.722978425,flo_buff_fence,0.546609288
4939,0.722978425,flo_fence,0.563642627
4939,0.722978425,spr,0.708954172
4939,0.722978425,spr_buff,0.691920832
4939,0.722978425,spr_buff_fence,0.670731533
4939,0.722978425,spr_fence,0.687764873
4940,1.028156279,flo,1.09224406
4940,1.028156279,flo_buff,0.421998207
4940,1.028156279,flo_buff_fence,0.400808908
4940,1.028156279,flo_fence,0.417842247
4940,1.028156279,spr,0.589634004
4940,1.028156279,spr_buff,0.572600664
4940,1.028156279,spr_buff_fence,0.551411365
4940,1.028156279,spr_fence,0.568444704
4941,0.938307529,flo,1.223236262
4941,0.938307529,flo_buff,0.552990409
4941,0.938307529,flo_buff_fence,0.53180111
4941,0.938307529,flo_fence,0.548834449
4941,0.938307529,spr,0.790970774
4941,0.938307529,spr_buff,0.773937435
4941,0.938307529,spr_buff_fence,0.752748136
4941,0.938307529,spr_fence,0.769781475
4942,0.745582994,flo,1.298891698
4942,0.745582994,flo_buff,0.628645845
4942,0.745582994,flo_buff_fence,0.607456546
4942,0.745582994,flo_fence,0.624489885
4942,0.745582994,spr,0.870213921
4942,0.745582994,spr_buff,0.853180582
4942,0.745582994,spr_buff_fence,0.831991283
4942,0.745582994,spr_fence,0.849024622
4945,1.312930158,flo,1.218099744
4945,1.312930158,flo_buff,0.547853891
4945,1.312930158,flo_buff_fence,0.526664592
4945,1.312930158,flo_fence,0.543697931
4945,1.312930158,spr,0.789650075
4945,1.312930158,spr_buff,0.772616736
4945,1.312930158,spr_buff_fence,0.751427437
4945,1.312930158,spr_fence,0.768460776
4946,0.927515617,flo,1.272873185
4946,0.927515617,flo_buff,0.602627332
4946,0.927515617,flo_buff_fence,0.581438033
4946,0.927515617,flo_fence,0.598471372
4946,0.927515617,spr,0.738571508
4946,0.927515617,spr_buff,0.721538169
4946,0.927515617,spr_buff_fence,0.70034887
4946,0.927515617,spr_fence,0.717382209
4947,0.591854527,flo,0.902016471
4947,0.591854527,flo_buff,0.902016471
4947,0.591854527,flo_buff_fence,0.902016471
4947,0.591854527,flo_fence,0.902016471
4947,0.591854527,spr,0.902016471
4947,0.591854527,spr_buff,0.902016471
4947,0.591854527,spr_buff_fence,0.902016471
4947,0.591854527,spr_fence,0.902016471
4948,0.974500179,flo,1.925312968
4948,0.974500179,flo_buff,1.255067115
4948,0.974500179,flo_buff_fence,1.233877816
4948,0.974500179,flo_fence,1.250911156
4948,0.974500179,spr,1.436228018
4948,0.974500179,spr_buff,1.419194679
4948,0.974500179,spr_buff_fence,1.398005379
4948,0.974500179,spr_fence,1.415038719
4949,0.565049305,flo,2.024636887
4949,0.565049305,flo_buff,1.354391033
4949,0.565049305,flo_buff_fence,1.333201734
4949,0.565049305,flo_fence,1.350235074
4949,0.565049305,spr,1.479342889
4949,0.565049305,spr_buff,1.46230955
4949,0.565049305,spr_buff_fence,1.441120251
4949,0.565049305,spr_fence,1.45815359
4950,0.490364474,flo,1.144767137
4950,0.490364474,flo_buff,0.474521284
4950,0.490364474,flo_buff_fence,0.453331985
4950,0.490364474,flo_fence,0.470365324
4950,0.490364474,spr,0.750355536
4950,0.490364474,spr_buff,0.733322197
4950,0.490364474,spr_buff_fence,0.712132898
4950,0.490364474,spr_fence,0.729166237
4951,0.307645769,flo,1.012321867
4951,0.307645769,flo_buff,0.342076014
4951,0.307645769,flo_buff_fence,0.320886715
4951,0.307645769,flo_fence,0.337920054
4951,0.307645769,spr,0.589201489
4951,0.307645769,spr_buff,0.572168149
4951,0.307645769,spr_buff_fence,0.55097885
4951,0.307645769,spr_fence,0.568012189
4952,0.524262373,flo,1.366230718
4952,0.524262373,flo_buff,0.695984865
4952,0.524262373,flo_buff_fence,0.674795566
4952,0.524262373,flo_fence,0.691828905
4952,0.524262373,spr,0.95194874
4952,0.524262373,spr_buff,0.934915401
4952,0.524262373,spr_buff_fence,0.913726102
4952,0.524262373,spr_fence,0.930759441
4953,0.607083838,flo,1.371068802
4953,0.607083838,flo_buff,0.700822949
4953,0.607083838,flo_buff_fence,0.67963365
4953,0.607083838,flo_fence,0.696666989
4953,0.607083838,spr,0.939565241
4953,0.607083838,spr_buff,0.922531902
4953,0.607083838,spr_buff_fence,0.901342603
4953,0.607083838,spr_fence,0.918375942
4954,0.415824399,flo,1.586501381
4954,0.415824399,flo_buff,0.916255528
4954,0.415824399,flo_buff_fence,0.895066229
4954,0.415824399,flo_fence,0.912099568
4954,0.415824399,spr,1.151176008
4954,0.415824399,spr_buff,1.134142669
4954,0.415824399,spr_buff_fence,1.11295337
4954,0.415824399,spr_fence,1.129986709
4958,0.671083938,flo,1.589448088
4958,0.671083938,flo_buff,0.919202235
4958,0.671083938,flo_buff_fence,0.898012936
4958,0.671083938,flo_fence,0.915046275
4958,0.671083938,spr,1.146466784
4958,0.671083938,spr_buff,1.129433444
4958,0.671083938,spr_buff_fence,1.108244145
4958,0.671083938,spr_fence,1.125277485
4960,1.005210552,flo,0.640686406
4960,1.005210552,flo_buff,-0.029559447
4960,1.005210552,flo_buff_fence,-0.050748746
4960,1.005210552,flo_fence,-0.033715406
4960,1.005210552,spr,0.116877587
4960,1.005210552,spr_buff,0.099844247
4960,1.005210552,spr_buff_fence,0.078654949
4960,1.005210552,spr_fence,0.095688288
4962,0.673666797,flo,0.902016471
4962,0.673666797,flo_buff,0.902016471
4962,0.673666797,flo_buff_fence,0.902016471
4962,0.673666797,flo_fence,0.902016471
4962,0.673666797,spr,0.902016471
4962,0.673666797,spr_buff,0.902016471
4962,0.673666797,spr_buff_fence,0.902016471
4962,0.673666797,spr_fence,0.902016471
4963,0.865308927,flo,0.902016471
4963,0.865308927,flo_buff,0.902016471
4963,0.865308927,flo_buff_fence,0.902016471
4963,0.865308927,flo_fence,0.902016471
4963,0.865308927,spr,0.902016471
4963,0.865308927,spr_buff,0.902016471
4963,0.865308927,spr_buff_fence,0.902016471
4963,0.865308927,spr_fence,0.902016471
4964,1.029838129,flo,1.247419222
4964,1.029838129,flo_buff,0.577173369
4964,1.029838129,flo_buff_fence,0.55598407
4964,1.029838129,flo_fence,0.57301741
4964,1.029838129,spr,0.812939309
4964,1.029838129,spr_buff,0.79590597
4964,1.029838129,spr_buff_fence,0.774716671
4964,1.029838129,spr_fence,0.79175001
4965,0.785205937,flo,1.180920688
4965,0.785205937,flo_buff,0.510674835
4965,0.785205937,flo_buff_fence,0.489485536
4965,0.785205937,flo_fence,0.506518875
4965,0.785205937,spr,0.745600888
4965,0.785205937,spr_buff,0.728567548
4965,0.785205937,spr_buff_fence,0.707378249
4965,0.785205937,spr_fence,0.724411589
4966,0.847018951,flo,1.526156189
4966,0.847018951,flo_buff,0.855910336
4966,0.847018951,flo_buff_fence,0.834721037
4966,0.847018951,flo_fence,0.851754376
4966,0.847018951,spr,1.110616051
4966,0.847018951,spr_buff,1.093582712
4966,0.847018951,spr_buff_fence,1.072393413
4966,0.847018951,spr_fence,1.089426752
4967,0.870814009,flo,1.428427992
4967,0.870814009,flo_buff,0.758182139
4967,0.870814009,flo_buff_fence,0.73699284
4967,0.870814009,flo_fence,0.754026179
4967,0.870814009,spr,1.067827566
4967,0.870814009,spr_buff,1.050794227
4967,0.870814009,spr_buff_fence,1.029604927
4967,0.870814009,spr_fence,1.046638267