fieldID,treatment,area,N_up_norm
4686,flo,3.61749,0
4686,flo_fence,3.61749,4.860032925
4686,flo_buff,3.61749,4.859595101
4686,flo_buff_fence,3.61749,4.921744846
4686,spr,3.61749,3.833153096
4686,spr_fence,3.61749,3.944181032
4686,spr_buff,3.61749,3.942239702
4686,spr_buff_fence,3.61749,4.048073037
4687,flo,4.41631,0
4687,flo_fence,4.41631,2.457712087
4687,flo_buff,4.41631,2.464268404
4687,flo_buff_fence,4.41631,2.487313053
4687,spr,4.41631,2.103718387
4687,spr_fence,4.41631,2.143932084
4687,spr_buff,4.41631,2.153801672
4687,spr_buff_fence,4.41631,2.19163045
4688,flo,5.28404,0
4688,flo_fence,5.28404,1.635623755
4688,flo_buff,5.28404,1.641683337
4688,flo_buff_fence,5.28404,1.658014005
4688,spr,5.28404,1.398366684
4688,spr_fence,5.28404,1.426283859
4688,spr_buff,5.28404,1.435517284
4688,spr_buff_fence,5.28404,1.461665383
4689,flo,1.74645,0
4689,flo_fence,1.74645,5.053810639
4689,flo_buff,1.74645,5.075167099
4689,flo_buff_fence,1.74645,5.127169749
4689,spr,1.74645,4.389020371
4689,spr_fence,1.74645,4.473696675
4689,spr_buff,1.74645,4.504729492
4689,spr_buff_fence,1.74645,4.583895837
4690,flo,1.80744,0
4690,flo_fence,1.80744,6.128460359
4690,flo_buff,1.80744,6.14656068
4690,flo_buff_fence,1.80744,6.205050754
4690,spr,1.80744,5.307603672
4690,spr_fence,1.80744,5.406044078
4690,spr_buff,1.80744,5.432658063
4690,spr_buff_fence,1.80744,5.5251435
4691,flo,6.92225,0
4691,flo_fence,6.92225,1.485948581
4691,flo_buff,6.92225,1.490643801
4691,flo_buff_fence,6.92225,1.505005358
4691,spr,6.92225,1.279860428
4691,spr_fence,6.92225,1.304259288
4691,spr_buff,6.92225,1.31122893
4691,spr_buff_fence,6.92225,1.334134053
4692,flo,3.04228,0
4692,flo_fence,3.04228,2.780520496
4692,flo_buff,3.04228,2.792474701
4692,flo_buff_fence,3.04228,2.821205392
4692,spr,3.04228,2.398640892
4692,spr_fence,3.04228,2.446125573
4692,spr_buff,3.04228,2.463776227
4692,spr_buff_fence,3.04228,0.965865238
4693,flo,7.93906,0
4693,flo_fence,7.93906,1.952798743
4693,flo_buff,7.93906,1.957073802
4693,flo_buff_fence,7.93906,1.974836488
4693,spr,7.93906,1.771309352
4693,spr_fence,7.93906,1.797917964
4693,spr_buff,7.93906,1.803446796
4693,spr_buff_fence,7.93906,1.828525054
4694,flo,4.79263,0
4694,flo_fence,4.79263,3.836310286
4694,flo_buff,4.79263,3.842466726
4694,flo_buff_fence,4.79263,3.876047704
4694,spr,4.79263,3.459020554
4694,spr_fence,4.79263,3.510860873
4694,spr_buff,4.79263,3.518645506
4694,spr_buff_fence,4.79263,3.567646542
4695,flo,31.9828,0
4695,flo_fence,31.9828,0.43347813
4695,flo_buff,31.9828,0.434546841
4695,flo_buff_fence,31.9828,0.438559951
4695,spr,31.9828,0.391227921
4695,spr_fence,31.9828,0.397303837
4695,spr_buff,31.9828,0.398726741
4695,spr_buff_fence,31.9828,0.404445571
4696,flo,3.55715,0
4696,flo_fence,3.55715,4.508712767
4696,flo_buff,3.55715,4.517761386
4696,flo_buff_fence,3.55715,3.423653211
4696,spr,3.55715,4.084200066
4696,spr_fence,3.55715,4.145375437
4696,spr_buff,3.55715,4.157402406
4696,spr_buff_fence,3.55715,4.215091952
4697,flo,10.1446,0
4697,flo_fence,10.1446,7.800813115
4697,flo_buff,10.1446,7.795151062
4697,flo_buff_fence,10.1446,7.852778451
4697,spr,10.1446,7.049102228
4697,spr_fence,10.1446,7.142255751
4697,spr_buff,10.1446,7.132332682
4697,spr_buff_fence,10.1446,7.22152285
4698,flo,1.99847,0
4698,flo_fence,1.99847,5.715052089
4698,flo_buff,1.99847,5.72966865
4698,flo_buff_fence,1.99847,5.78288682
4698,spr,1.99847,5.143855853
4698,spr_fence,1.99847,5.22496987
4698,spr_buff,1.99847,5.245776849
4698,spr_buff_fence,1.99847,5.322037485
4699,flo,2.49312,0
4699,flo_fence,2.49312,19.78219489
4699,flo_buff,2.49312,19.77461679
4699,flo_buff_fence,2.49312,19.92472928
4699,spr,2.49312,18.02936093
4699,spr_fence,2.49312,18.26258083
4699,spr_buff,2.49312,18.24860581
4699,spr_buff_fence,2.49312,18.47138549
4700,flo,17.4679,0
4700,flo_fence,17.4679,0.920903461
4700,flo_buff,17.4679,0.922649792
4700,flo_buff_fence,17.4679,0.930868253
4700,spr,17.4679,0.831043707
4700,spr_fence,17.4679,0.661948376
4700,spr_buff,17.4679,0.845908976
4700,spr_buff_fence,17.4679,0.857781762
4702,flo,35.5522,0
4702,flo_fence,35.5522,0.509048291
4702,flo_buff,35.5522,0.510172796
4702,flo_buff_fence,35.5522,0.514809027
4702,spr,35.5522,0.476645891
4702,spr_fence,35.5522,0.482878641
4702,spr_buff,35.5522,0.484224096
4702,spr_buff_fence,35.5522,0.490095979
4703,flo,17.5318,0
4703,flo_fence,17.5318,0.810116819
4703,flo_buff,17.5318,0.81268056
4703,flo_buff_fence,17.5318,0.56685798
4703,spr,17.5318,0.756545065
4703,spr_fence,17.5318,0.76705022
4703,spr_buff,17.5318,0.770195998
4703,spr_buff_fence,17.5318,0.780051109
4704,flo,7.27069,0
4704,flo_fence,7.27069,1.966687155
4704,flo_buff,7.27069,1.972784295
4704,flo_buff_fence,7.27069,1.991723512
4704,spr,7.27069,1.833842715
4704,spr_fence,7.27069,1.859398198
4704,spr_buff,7.27069,1.866989831
4704,spr_buff_fence,7.27069,1.890966879
4705,flo,5.56142,0
4705,flo_fence,5.56142,2.341803806
4705,flo_buff,5.56142,2.350083412
4705,flo_buff_fence,5.56142,2.373232607
4705,spr,5.56142,2.180277355
4705,spr_fence,5.56142,2.211512553
4705,spr_buff,5.56142,2.221740407
4705,spr_buff_fence,5.56142,2.251001173
4706,flo,19.9265,0
4706,flo_fence,19.9265,0.822726758
4706,flo_buff,19.9265,0.824831022
4706,flo_buff_fence,19.9265,0.832492252
4706,spr,19.9265,0.769853222
4706,spr_fence,19.9265,0.780132443
4706,spr_buff,19.9265,0.782676737
4706,spr_buff_fence,19.9265,0.792345314
4707,flo,5.71203,0
4707,flo_fence,5.71203,2.504647484
4707,flo_buff,5.71203,2.512610537
4707,flo_buff_fence,5.71203,2.536846448
4707,spr,5.71203,2.348184311
4707,spr_fence,5.71203,2.380250043
4707,spr_buff,5.71203,2.389751332
4707,spr_buff_fence,5.71203,2.419837682
4708,flo,7.34717,0
4708,flo_fence,7.34717,3.696315423
4708,flo_buff,7.34717,3.699746197
4708,flo_buff_fence,7.34717,3.730635758
4708,spr,7.34717,3.453506214
4708,spr_fence,7.34717,3.496121488
4708,spr_buff,7.34717,3.499981191
4708,spr_buff_fence,7.34717,3.540383371
4709,flo,10.8584,0
4709,flo_fence,10.8584,1.30595484
4709,flo_buff,10.8584,1.308869566
4709,flo_buff_fence,10.8584,1.32078122
4709,spr,10.8584,1.161054182
4709,spr_fence,10.8584,1.180004664
4709,spr_buff,10.8584,1.183943909
4709,spr_buff_fence,10.8584,1.201804404
4710,drip,12.8356,0
4710,drip_fence,12.8356,0.01172798
4710,drip_buff,12.8356,0.013691218
4710,drip_buff_fence,12.8356,0.024767235
4710,flo,12.8356,-1.417122892
4710,flo_fence,12.8356,-0.011756138
4710,flo_buff,12.8356,-0.009692408
4710,flo_buff_fence,12.8356,0.002497115
4710,spr,12.8356,0
4710,spr_fence,12.8356,0.019424452
4710,spr_buff,12.8356,0.022209952
4710,spr_buff_fence,12.8356,0.040576787
4711,flo,5.09239,-2.501449107
4711,flo_fence,5.09239,-0.076869459
4711,flo_buff,5.09239,-0.070333803
4711,flo_buff_fence,5.09239,-0.047560122
4711,spr,5.09239,0
4711,spr_fence,5.09239,0.035765425
4711,spr_buff,5.09239,0.044717563
4711,spr_buff_fence,5.09239,-0.696571507
4712,flo,18.9714,-0.132026128
4712,flo_fence,18.9714,0.60788976
4712,flo_buff,18.9714,0.609526736
4712,flo_buff_fence,18.9714,0.616267077
4712,spr,18.9714,0
4712,spr_fence,18.9714,0.010892406
4712,spr_buff,18.9714,0.013075087
4712,spr_buff_fence,18.9714,0.023344871
4713,flo,5.24246,-2.986331869
4713,flo_fence,5.24246,-0.294080571
4713,flo_buff,5.24246,-0.287986594
4713,flo_buff_fence,5.24246,-0.26338054
4713,spr,5.24246,0
4713,spr_fence,5.24246,0.039075362
4713,spr_buff,5.24246,0.047242271
4713,spr_buff_fence,5.24246,0.084068002
4714,flo,6.37304,-2.054548971
4714,flo_fence,6.37304,0.370916844
4714,flo_buff,6.37304,0.374803025
4714,flo_buff_fence,6.37304,0.396030625
4714,spr,6.37304,0
4714,spr_fence,6.37304,0.036364144
4714,spr_buff,6.37304,0.041524949
4714,spr_buff_fence,6.37304,0.075911715
4715,flo,7.97269,-0.889946068
4715,flo_fence,7.97269,0.487956269
4715,flo_buff,7.97269,0.491684484
4715,flo_buff_fence,7.97269,0.504635082
4715,spr,7.97269,0
4715,spr_fence,7.97269,0.021871635
4715,spr_buff,7.97269,0.027214213
4715,spr_buff_fence,7.97269,0.047789933
4716,flo,1.36626,-9.273560808
4716,flo_fence,1.36626,-1.164297473
4716,flo_buff,1.36626,-1.142273438
4716,flo_buff_fence,1.36626,-1.066007829
4716,spr,1.36626,0
4716,spr_fence,1.36626,0.128333624
4716,spr_buff,1.36626,0.16041714
4716,spr_buff_fence,1.36626,0.281111852
4717,drip,0.384429,-2.338456196
4717,drip_fence,0.384429,-2.098767518
4717,drip_buff,0.384429,-2.02341698
4717,drip_buff_fence,0.384429,-1.798730166
4717,flo,0.384429,0
4717,flo_fence,0.384429,25.55366765
4717,flo_buff,0.384429,25.63399579
4717,flo_buff_fence,0.384429,25.88072641
4717,spr,0.384429,22.03706595
4717,spr_fence,0.384429,22.45507895
4717,spr_buff,0.384429,22.57433232
4717,spr_buff_fence,0.384429,22.96676121
4718,flo,3.61888,0
4718,flo_fence,3.61888,2.745306312
4718,flo_buff,3.61888,2.753858568
4718,flo_buff_fence,3.61888,2.780320066
4718,spr,3.61888,2.369447454
4718,spr_fence,3.61888,2.414214243
4718,spr_buff,3.61888,2.426981969
4718,spr_buff_fence,3.61888,2.469009019
4719,flo,2.89296,0
4719,flo_fence,2.89296,3.107670469
4719,flo_buff,2.89296,3.118761403
4719,flo_buff_fence,2.89296,3.149542041
4719,spr,2.89296,2.672260566
4719,spr_fence,2.89296,2.724303149
4719,spr_buff,2.89296,2.740729788
4719,spr_buff_fence,2.89296,2.789511932
4720,flo,8.0747,0
4720,flo_fence,8.0747,1.117464578
4720,flo_buff,8.0747,1.121405307
4720,flo_buff_fence,8.0747,1.132445721
4720,spr,8.0747,0.957562388
4720,spr_fence,8.0747,0.976404845
4720,spr_buff,8.0747,0.982264066
4720,spr_buff_fence,8.0747,0.999930253
4721,flo,2.58749,0
4721,flo_fence,2.58749,3.89555367
4721,flo_buff,2.58749,3.907355507
4721,flo_buff_fence,2.58749,3.944708423
4721,spr,2.58749,3.361093028
4721,spr_fence,2.58749,3.424458443
4721,spr_buff,2.58749,3.441938547
4721,spr_buff_fence,2.58749,3.501454175
4722,flo,2.54286,0
4722,flo_fence,2.54286,4.878845067
4722,flo_buff,2.54286,4.889753311
4722,flo_buff_fence,2.54286,4.934264707
4722,spr,2.54286,4.212319361
4722,spr_fence,2.54286,4.289089516
4722,spr_buff,2.54286,4.304586316
4722,spr_buff_fence,2.54286,4.376962806
4723,flo,1.82428,0
4723,flo_fence,1.82428,6.234390181
4723,flo_buff,1.82428,6.250349201
4723,flo_buff_fence,1.82428,6.308411747
4723,spr,1.82428,5.456970582
4723,spr_fence,1.82428,5.552813063
4723,spr_buff,1.82428,5.575335892
4723,spr_buff_fence,1.82428,5.665541929
4724,flo,2.88819,0
4724,flo_fence,2.88819,3.810046587
4724,flo_buff,2.88819,3.820204031
4724,flo_buff_fence,2.88819,3.855925027
4724,spr,2.88819,3.317623419
4724,spr_fence,2.88819,3.377276825
4724,spr_buff,2.88819,3.391811844
4724,spr_buff_fence,2.88819,3.447932468
4725,flo,2.43571,0
4725,flo_fence,2.43571,4.453215024
4725,flo_buff,2.43571,4.465400669
4725,flo_buff_fence,2.43571,4.507335457
4725,spr,2.43571,3.891953514
4725,spr_fence,2.43571,3.961195309
4725,spr_buff,2.43571,3.978782223
4725,spr_buff_fence,2.43571,4.043889317
4726,flo,5.99521,0
4726,flo_fence,5.99521,2.427767328
4726,flo_buff,5.99521,2.432043731
4726,flo_buff_fence,5.99521,2.453518042
4726,spr,5.99521,2.112234779
4726,spr_fence,5.99521,2.148938088
4726,spr_buff,5.99521,2.154913828
4726,spr_buff_fence,5.99521,2.189584801
4727,flo,65.7499,0
4727,flo_fence,65.7499,0.235655362
4727,flo_buff,65.7499,0.236030983
4727,flo_buff_fence,65.7499,0.238092285
4727,spr,65.7499,0.204299785
4727,spr_fence,65.7499,0.207872096
4727,spr_buff,65.7499,0.20836255
4727,spr_buff_fence,65.7499,0.211741396
4728,flo,3.14673,0
4728,flo_fence,3.14673,4.853766082
4728,flo_buff,3.14673,4.883499359
4728,flo_buff_fence,3.14673,4.938849218
4728,spr,3.14673,4.818524994
4728,spr_fence,3.14673,4.87696887
4728,spr_buff,3.14673,4.905516183
4728,spr_buff_fence,3.14673,4.959817622
4732,flo,34.6755,0
4732,flo_fence,34.6755,0.26148741
4732,flo_buff,34.6755,0.26214607
4732,flo_buff_fence,34.6755,0.264575098
4732,spr,34.6755,0.213900621
4732,spr_fence,34.6755,0.218627051
4732,spr_buff,34.6755,0.219631869
4732,spr_buff_fence,34.6755,0.224085382
4734,flo,25.0747,0
4734,flo_fence,25.0747,0.78585561
4734,flo_buff,25.0747,0.786260909
4734,flo_buff_fence,25.0747,0.792638215
4734,spr,25.0747,0.639149408
4734,spr_fence,25.0747,0.652532023
4734,spr_buff,25.0747,0.652734699
4734,spr_buff_fence,25.0747,0.665470396
4735,flo,2.13382,0
4735,flo_fence,2.13382,8.709193828
4735,flo_buff,2.13382,8.713441731
4735,flo_buff_fence,2.13382,8.783974899
4735,spr,2.13382,6.688512394
4735,spr_fence,2.13382,6.855470769
4735,spr_buff,2.13382,6.853617592
4735,spr_buff_fence,2.13382,7.012713814
4736,flo,4.24815,0
4736,flo_fence,4.24815,6.645546548
4736,flo_buff,4.24815,6.644651538
4736,flo_buff_fence,4.24815,6.696047283
4736,spr,4.24815,5.262359465
4736,spr_fence,4.24815,5.379578641
4736,spr_buff,4.24815,5.372610421
4736,spr_buff_fence,4.24815,5.484579553
4737,flo,5.41716,0
4737,flo_fence,5.41716,4.05776969
4737,flo_buff,5.41716,4.058657849
4737,flo_buff_fence,5.41716,4.090881013
4737,spr,5.41716,3.16911208
4737,spr_fence,5.41716,3.243694566
4737,spr_buff,5.41716,3.241618907
4737,spr_buff_fence,5.41716,3.312748687
4738,flo,16.6878,0
4738,flo_fence,16.6878,0.993726114
4738,flo_buff,16.6878,0.994379572
4738,flo_buff_fence,16.6878,1.002526389
4738,spr,16.6878,0.726233005
4738,spr_fence,16.6878,0.747148706
4738,spr_buff,16.6878,0.746970167
4738,spr_buff_fence,16.6878,0.766898384
4739,flo,5.03837,0
4739,flo_fence,5.03837,2.836482196
4739,flo_buff,5.03837,2.839327577
4739,flo_buff_fence,5.03837,2.863156297
4739,spr,5.03837,2.047961495
4739,spr_fence,5.03837,2.109474313
4739,spr_buff,5.03837,2.110318635
4739,spr_buff_fence,5.03837,2.168862066
4740,flo,8.45364,0
4740,flo_fence,8.45364,5.564672876
4740,flo_buff,8.45364,5.561499817
4740,flo_buff_fence,8.45364,5.603115616
4740,spr,8.45364,4.426730955
4740,spr_fence,8.45364,4.522383367
4740,spr_buff,8.45364,4.513011901
4740,spr_buff_fence,8.45364,4.604555695
4741,flo,29.8448,0
4741,flo_fence,29.8448,0.375790815
4741,flo_buff,29.8448,0.376366497
4741,flo_buff_fence,29.8448,0.379639916
4741,spr,29.8448,0.298940815
4741,spr_fence,29.8448,0.305901171
4741,spr_buff,29.8448,0.306672609
4741,spr_buff_fence,29.8448,0.313264785
4742,flo,4.03471,0
4742,flo_fence,4.03471,3.79217905
4742,flo_buff,4.03471,3.796827098
4742,flo_buff_fence,4.03471,3.829179134
4742,spr,4.03471,3.129577154
4742,spr_fence,4.03471,3.193702997
4742,spr_buff,4.03471,3.198845508
4742,spr_buff_fence,4.03471,3.259672858
4743,flo,7.83046,0
4743,flo_fence,7.83046,0.996271495
4743,flo_buff,7.83046,0.999701549
4743,flo_buff_fence,7.83046,1.00949577
4743,spr,7.83046,0.82026814
4743,spr_fence,7.83046,0.838606809
4743,spr_buff,7.83046,0.843759505
4743,spr_buff_fence,7.83046,0.302394581
4744,flo,4.86985,0
4744,flo_fence,4.86985,2.5689525
4744,flo_buff,4.86985,2.572286848
4744,flo_buff_fence,4.86985,2.59431202
4744,spr,4.86985,1.972775323
4744,spr_fence,4.86985,2.023348663
4744,spr_buff,4.86985,2.02652583
4744,spr_buff_fence,4.86985,2.074539622
4746,flo,2.92854,0
4746,flo_fence,2.92854,5.227090325
4746,flo_buff,2.92854,5.231564693
4746,flo_buff_fence,2.92854,5.275025608
4746,spr,2.92854,3.973349945
4746,spr_fence,2.92854,4.076725848
4746,spr_buff,2.92854,4.078502206
4746,spr_buff_fence,2.92854,4.176870859
4748,flo,9.0328,0
4748,flo_fence,9.0328,3.245467366
4748,flo_buff,9.0328,3.244951457
4748,flo_buff_fence,9.0328,3.270005259
4748,spr,9.0328,2.545503141
4748,spr_fence,9.0328,2.603864005
4748,spr_buff,9.0328,2.600120818
4748,spr_buff_fence,9.0328,2.65588084
4750,flo,3.69711,0
4750,flo_fence,3.69711,15.97315978
4750,flo_buff,3.69711,15.96134668
4750,flo_buff_fence,3.69711,16.07921756
4750,spr,3.69711,13.29585671
4750,spr_fence,3.69711,13.54065568
4750,spr_buff,3.69711,13.51243409
4750,spr_buff_fence,3.69711,13.74691985
4752,flo,5.01739,0
4752,flo_fence,5.01739,7.525148028
4752,flo_buff,5.01739,7.522523388
4752,flo_buff_fence,5.01739,7.579777455
4752,spr,5.01739,5.94819218
4752,spr_fence,5.01739,6.080414401
4752,spr_buff,5.01739,6.069172042
4752,spr_buff_fence,5.01739,6.195633315
4753,flo,9.84271,0
4753,flo_fence,9.84271,6.421366902
4753,flo_buff,9.84271,6.417086664
4753,flo_buff_fence,9.84271,6.464746667
4753,spr,9.84271,5.287614077
4753,spr_fence,9.84271,5.389058488
4753,spr_buff,9.84271,5.377660979
4753,spr_buff_fence,9.84271,5.474817443
4754,flo,6.72943,0
4754,flo_fence,6.72943,4.066812806
4754,flo_buff,6.72943,4.067791194
4754,flo_buff_fence,6.72943,4.100137898
4754,spr,6.72943,3.381659804
4754,spr_fence,6.72943,3.446679432
4754,spr_buff,6.72943,3.445426561
4754,spr_buff_fence,6.72943,3.507409676
4755,flo,1.86303,0
4755,flo_fence,1.86303,34.01303821
4755,flo_buff,1.86303,33.9921684
4755,flo_buff_fence,1.86303,34.24567269
4755,spr,1.86303,28.96514891
4755,spr_fence,1.86303,29.45803507
4755,spr_buff,1.86303,29.40760918
4755,spr_buff_fence,1.86303,29.87942581
4756,flo,1.13313,0
4756,flo_fence,1.13313,16.93356617
4756,flo_buff,1.13313,16.94667594
4756,flo_buff_fence,1.13313,17.08665895
4756,spr,1.13313,14.26118453
4756,spr_fence,1.13313,14.52904809
4756,spr_buff,1.13313,14.54113389
4756,spr_buff_fence,1.13313,14.79566653
4757,flo,17.005,0
4757,flo_fence,17.005,1.011828543
4757,flo_buff,17.005,1.013690577
4757,flo_buff_fence,17.005,1.022687238
4757,spr,17.005,0.917878581
4757,spr_fence,17.005,0.931437718
4757,spr_buff,17.005,0.933823897
4757,spr_buff_fence,17.005,0.946623734
4758,flo,5.08488,0
4758,flo_fence,5.08488,5.174045371
4758,flo_buff,5.08488,5.178005195
4758,flo_buff_fence,5.08488,5.220750077
4758,spr,5.08488,4.685234399
4758,spr_fence,5.08488,4.751444557
4758,spr_buff,5.08488,4.755920682
4758,spr_buff_fence,5.08488,4.818764827
4759,flo,7.16184,0
4759,flo_fence,7.16184,3.512292055
4759,flo_buff,7.16184,3.515261046
4759,flo_buff_fence,7.16184,3.544442191
4759,spr,7.16184,3.177740246
4759,spr_fence,7.16184,3.22299381
4759,spr_buff,7.16184,3.226525672
4759,spr_buff_fence,7.16184,3.26945612
4760,flo,5.56836,0
4760,flo_fence,5.56836,3.895691987
4760,flo_buff,5.56836,3.899880203
4760,flo_buff_fence,5.56836,3.932771432
4760,spr,5.56836,3.509250593
4760,spr_fence,5.56836,3.560743233
4760,spr_buff,5.56836,3.565860891
4760,spr_buff_fence,5.56836,3.614657801
4762,flo,53.2897,0
4762,flo_fence,53.2897,0.552737089
4762,flo_buff,53.2897,0.553187378
4762,flo_buff_fence,53.2897,0.557769745
4762,spr,53.2897,0.51572409
4762,spr_fence,53.2897,0.522090423
4762,spr_buff,53.2897,0.522580507
4762,spr_buff_fence,53.2897,0.528620344
4764,flo,19.6783,0
4764,flo_fence,19.6783,1.342198264
4764,flo_buff,19.6783,1.343704958
4764,flo_buff_fence,19.6783,1.355074449
4764,spr,19.6783,1.255363293
4764,spr_fence,19.6783,1.27093953
4764,spr_buff,19.6783,1.272610854
4764,spr_buff_fence,19.6783,1.287365778
4765,flo,4.49257,0
4765,flo_fence,4.49257,2.842334371
4765,flo_buff,4.49257,2.852880845
4765,flo_buff_fence,4.49257,2.881269326
4765,spr,4.49257,2.649409624
4765,spr_fence,4.49257,2.687487211
4765,spr_buff,4.49257,2.700482216
4765,spr_buff_fence,4.49257,2.736127774
4772,flo,2.29671,0
4772,flo_fence,2.29671,10.99263685
4772,flo_buff,2.29671,11.0052362
4772,flo_buff_fence,2.29671,11.09850471
4772,spr,2.29671,10.31165558
4772,spr_fence,2.29671,10.43795173
4772,spr_buff,2.29671,10.45230949
4772,spr_buff_fence,2.29671,10.57190784
4775,flo,6.58747,0
4775,flo_fence,6.58747,2.225616016
4775,flo_buff,6.58747,2.229404991
4775,flo_buff_fence,6.58747,2.249014225
4775,spr,6.58747,1.920829275
4775,spr_fence,6.58747,1.955132591
4775,spr_buff,6.58747,1.960351362
4775,spr_buff_fence,6.58747,1.992772674
4776,flo,14.225,0
4776,flo_fence,14.225,0.681465686
4776,flo_buff,14.225,0.683677941
4776,flo_buff_fence,14.225,0.690298825
4776,spr,14.225,0.588510701
4776,spr_fence,14.225,0.599663359
4776,spr_buff,14.225,0.602931415
4776,spr_buff_fence,14.225,0.613397372
4778,flo,2.41564,0
4778,flo_fence,2.41564,8.595102816
4778,flo_buff,2.41564,8.605617348
4778,flo_buff_fence,2.41564,8.678932365
4778,spr,2.41564,7.771851729
4778,spr_fence,2.41564,7.884869871
4778,spr_buff,2.41564,7.897910582
4778,spr_buff_fence,2.41564,8.004925921
4780,flo,4.7691,0
4780,flo_fence,4.7691,4.46401013
4780,flo_buff,4.7691,4.46807165
4780,flo_buff_fence,4.7691,4.505328774
4780,spr,4.7691,3.928327654
4780,spr_fence,4.7691,3.991286873
4780,spr_buff,4.7691,3.995916366
4780,spr_buff_fence,4.7691,4.055657075
4787,flo,61.5981,0
4787,flo_fence,61.5981,0.48337171
4787,flo_buff,61.5981,0.483656298
4787,flo_buff_fence,61.5981,0.487599601
4787,spr,61.5981,0.446123168
4787,spr_fence,61.5981,0.451853762
4787,spr_buff,61.5981,0.452088052
4787,spr_buff_fence,61.5981,0.457534604
4788,flo,41.5082,0
4788,flo_fence,41.5082,0.378821044
4788,flo_buff,41.5082,0.379746694
4788,flo_buff_fence,41.5082,0.383248924
4788,spr,41.5082,0.358698739
4788,spr_fence,41.5082,0.363203253
4788,spr_buff,41.5082,0.36423363
4788,spr_buff_fence,41.5082,0.368474578
4789,flo,29.597,0
4789,flo_fence,29.597,0.581642101
4789,flo_buff,29.597,0.585180689
4789,flo_buff_fence,29.597,0.591799109
4789,spr,29.597,0.57839911
4789,spr_fence,29.597,0.585340463
4789,spr_buff,29.597,0.588823007
4789,spr_buff_fence,29.597,0.595267983
4790,flo,80.467,0
4790,flo_fence,80.467,0.163182217
4790,flo_buff,80.467,0.163785957
4790,flo_buff_fence,80.467,0.165414754
4790,spr,80.467,0.152373917
4790,spr_fence,80.467,0.154546144
4790,spr_buff,80.467,0.155276769
4790,spr_buff_fence,80.467,0.157310766
4791,flo,44.3675,0
4791,flo_fence,44.3675,0.513070077
4791,flo_buff,44.3675,0.513727225
4791,flo_buff_fence,44.3675,0.518120933
4791,spr,44.3675,0.481940894
4791,spr_fence,44.3675,0.487848236
4791,spr_buff,44.3675,0.488587238
4791,spr_buff_fence,44.3675,0.494178088
4792,flo,82.3448,0
4792,flo_fence,82.3448,0.409509965
4792,flo_buff,82.3448,0.409687951
4792,flo_buff_fence,82.3448,0.412991701
4792,spr,82.3448,0.386016703
4792,spr_fence,82.3448,0.390447655
4792,spr_buff,82.3448,0.390581065
4792,spr_buff_fence,82.3448,0.394794666
4793,flo,63.8739,0
4793,flo_fence,63.8739,0.229934245
4793,flo_buff,63.8739,0.230140858
4793,flo_buff_fence,63.8739,0.232058396
4793,spr,63.8739,0.192652348
4793,spr_fence,63.8739,0.196355054
4793,spr_buff,63.8739,0.196572061
4793,spr_buff_fence,63.8739,0.200088114
4795,flo,40.3102,0
4795,flo_fence,40.3102,1.135694047
4795,flo_buff,40.3102,1.134980612
4795,flo_buff_fence,40.3102,1.143435385
4795,spr,40.3102,0.962819807
4795,spr_fence,40.3102,0.979472713
4795,spr_buff,40.3102,0.977753577
4795,spr_buff_fence,40.3102,0.993695352
4796,flo,140.81,0
4796,flo_fence,140.81,0.191125214
4796,flo_buff,140.81,0.1911245
4796,flo_buff_fence,140.81,0.192617306
4796,spr,140.81,0.157978968
4796,spr_fence,140.81,0.161050132
4796,spr_buff,140.81,0.160924386
4796,spr_buff_fence,140.81,0.163855292
4797,flo,111.857,0
4797,flo_fence,111.857,0.162479236
4797,flo_buff,111.857,0.162548141
4797,flo_buff_fence,111.857,0.163857949
4797,spr,111.857,0.134494998
4797,spr_fence,111.857,0.13714067
4797,spr_buff,111.857,0.137152159
4797,spr_buff_fence,111.857,0.139671299
4798,flo,40.8124,0
4798,flo_fence,40.8124,0.638212113
4798,flo_buff,40.8124,0.638268186
4798,flo_buff_fence,40.8124,0.64328728
4798,spr,40.8124,0.52946726
4798,spr_fence,40.8124,0.539667351
4798,spr_buff,40.8124,0.53935179
4798,spr_buff_fence,40.8124,0.549081188
4799,flo,27.6733,0
4799,flo_fence,27.6733,0.636515148
4799,flo_buff,27.6733,0.637183376
4799,flo_buff_fence,27.6733,0.64254803
4799,spr,27.6733,0.542292267
4799,spr_fence,27.6733,0.552175546
4799,spr_buff,27.6733,0.552872849
4799,spr_buff_fence,27.6733,0.562252291
4804,flo,40.4007,0
4804,flo_fence,40.4007,0.368631942
4804,flo_buff,40.4007,0.369069095
4804,flo_buff_fence,40.4007,0.372205384
4804,spr,40.4007,0.306596718
4804,spr_fence,40.4007,0.312707883
4804,spr_buff,40.4007,0.313202836
4804,spr_buff_fence,40.4007,0.318999424
4805,flo,14.1319,0
4805,flo_fence,14.1319,1.211643882
4805,flo_buff,14.1319,1.212820304
4805,flo_buff_fence,14.1319,1.222976208
4805,spr,14.1319,1.020709206
4805,spr_fence,14.1319,1.040013258
4805,spr_buff,14.1319,1.041174237
4805,spr_buff_fence,14.1319,1.059503763
4806,flo,11.3755,0
4806,flo_fence,11.3755,1.005274879
4806,flo_buff,11.3755,1.007017681
4806,flo_buff_fence,11.3755,1.015893251
4806,spr,11.3755,0.835562192
4806,spr_fence,11.3755,0.852602309
4806,spr_buff,11.3755,0.85508131
4806,spr_buff_fence,11.3755,0.871191945
4807,flo,12.6991,0
4807,flo_fence,12.6991,2.196546113
4807,flo_buff,12.6991,2.196629708
4807,flo_buff_fence,12.6991,2.213839895
4807,spr,12.6991,1.837130496
4807,spr_fence,12.6991,1.871459693
4807,spr_buff,12.6991,1.870164413
4807,spr_buff_fence,12.6991,1.902920567
4808,flo,10.3308,0
4808,flo_fence,10.3308,3.83048599
4808,flo_buff,10.3308,3.82936459
4808,flo_buff_fence,10.3308,3.858634115
4808,spr,10.3308,3.260558598
4808,spr_fence,10.3308,3.316914123
4808,spr_buff,10.3308,3.312972933
4808,spr_buff_fence,10.3308,3.366832537
4811,flo,10.6712,0
4811,flo_fence,10.6712,2.484278326
4811,flo_buff,10.6712,2.484718739
4811,flo_buff_fence,10.6712,2.504386072
4811,spr,10.6712,2.095603801
4811,spr_fence,10.6712,2.133800417
4811,spr_buff,10.6712,2.132942555
4811,spr_buff_fence,10.6712,2.169361135
4813,flo,11.5233,0
4813,flo_fence,11.5233,1.330902759
4813,flo_buff,11.5233,1.332765481
4813,flo_buff_fence,11.5233,1.344255409
4813,spr,11.5233,1.150565047
4813,spr_fence,11.5233,1.170731187
4813,spr_buff,11.5233,1.172942619
4813,spr_buff_fence,11.5233,1.192043161
4814,flo,10.3475,0
4814,flo_fence,10.3475,2.47081313
4814,flo_buff,10.3475,2.474540855
4814,flo_buff_fence,10.3475,2.496029864
4814,spr,10.3475,2.31247965
4814,spr_fence,10.3475,2.341685859
4814,spr_buff,10.3475,2.345993599
4814,spr_buff_fence,10.3475,2.373603906
4816,flo,6.86618,0
4816,flo_fence,6.86618,7.001818191
4816,flo_buff,6.86618,7.003696838
4816,flo_buff_fence,6.86618,7.059501859
4816,spr,6.86618,6.564771258
4816,spr_fence,6.86618,6.641477498
4816,spr_buff,6.86618,6.642889598
4816,spr_buff_fence,6.86618,6.715875916
4818,flo,3.24098,0
4818,flo_fence,3.24098,3.265832979
4818,flo_buff,3.24098,3.276145339
4818,flo_buff_fence,3.24098,3.307705304
4818,spr,3.24098,2.891262469
4818,spr_fence,3.24098,2.94115019
4818,spr_buff,3.24098,2.955959882
4818,spr_buff_fence,3.24098,3.002766774
4822,flo,7.25814,0
4822,flo_fence,7.25814,2.247946208
4822,flo_buff,7.25814,2.249539339
4822,flo_buff_fence,7.25814,2.268035928
4822,spr,7.25814,1.637977463
4822,spr_fence,7.25814,1.685596046
4822,spr_buff,7.25814,1.68544936
4822,spr_buff_fence,7.25814,1.730807376
4823,flo,15.1317,0
4823,flo_fence,15.1317,4.198101589
4823,flo_buff,15.1317,4.194818137
4823,flo_buff_fence,15.1317,4.225692473
4823,spr,15.1317,3.555823193
4823,spr_fence,15.1317,3.61712586
4823,spr_buff,15.1317,3.60984601
4823,spr_buff_fence,15.1317,3.668576161
4830,flo,4.43109,0
4830,flo_fence,4.43109,4.353241099
4830,flo_buff,4.43109,4.362111283
4830,flo_buff_fence,4.43109,4.401321616
4830,spr,4.43109,4.082806089
4830,spr_fence,4.43109,4.13531667
4830,spr_buff,4.43109,4.145689614
4830,spr_buff_fence,4.43109,4.195205741
4831,flo,8.92089,0
4831,flo_fence,8.92089,1.538945171
4831,flo_buff,8.92089,1.544031746
4831,flo_buff_fence,8.92089,1.55903675
4831,spr,8.92089,1.444703169
4831,spr_fence,8.92089,1.464438105
4831,spr_buff,8.92089,1.470581651
4831,spr_buff_fence,8.92089,1.489084278
4832,flo,10.9837,0
4832,flo_fence,10.9837,1.892265176
4832,flo_buff,10.9837,1.895578157
4832,flo_buff_fence,10.9837,1.912303978
4832,spr,10.9837,1.772243758
4832,spr_fence,10.9837,1.794842646
4832,spr_buff,10.9837,1.798816841
4832,spr_buff_fence,10.9837,1.820150344
4835,flo,2.86667,0
4835,flo_fence,2.86667,4.411365768
4835,flo_buff,2.86667,4.427702384
4835,flo_buff_fence,2.86667,4.471743326
4835,spr,2.86667,4.122034336
4835,spr_fence,2.86667,4.180630899
4835,spr_buff,2.86667,4.2005953
4835,spr_buff_fence,2.86667,4.255450865
4836,flo,6.58246,0
4836,flo_fence,6.58246,2.115699986
4836,flo_buff,6.58246,2.122500037
4836,flo_buff_fence,6.58246,2.143015477
4836,spr,6.58246,1.972945077
4836,spr_fence,6.58246,2.000582181
4836,spr_buff,6.58246,2.008971951
4836,spr_buff_fence,6.58246,2.034893491
4837,flo,6.95311,0
4837,flo_fence,6.95311,1.686984709
4837,flo_buff,6.95311,1.693798437
4837,flo_buff_fence,6.95311,1.710972426
4837,spr,6.95311,1.567497102
4837,spr_fence,6.95311,1.59068544
4837,spr_buff,6.95311,1.599150817
4837,spr_buff_fence,6.95311,1.620831835
4841,flo,2.0542,0
4841,flo_fence,2.0542,23.51418647
4841,flo_buff,2.0542,23.51025655
4841,flo_buff_fence,2.0542,23.69166477
4841,spr,2.0542,22.11931623
4841,spr_fence,2.0542,22.3669597
4841,spr_buff,2.0542,22.36053372
4841,spr_buff_fence,2.0542,22.59669064
4843,flo,3.74448,0
4843,flo_fence,3.74448,2.133581786
4843,flo_buff,3.74448,2.143094179
4843,flo_buff_fence,3.74448,2.165339181
4843,spr,3.74448,1.835227355
4843,spr_fence,3.74448,1.872132682
4843,spr_buff,3.74448,1.886417803
4843,spr_buff_fence,3.74448,1.92088549
4847,flo,5.18231,0
4847,flo_fence,5.18231,2.996681952
4847,flo_buff,5.18231,3.014148606
4847,flo_buff_fence,5.18231,3.047799278
4847,spr,5.18231,2.974015984
4847,spr_fence,5.18231,3.009577732
4847,spr_buff,5.18231,3.02629745
4847,spr_buff_fence,5.18231,3.059369605
4848,flo,3.47926,0
4848,flo_fence,3.47926,7.346444978
4848,flo_buff,3.47926,7.35247855
4848,flo_buff_fence,3.47926,7.413411506
4848,spr,3.47926,6.654588287
4848,spr_fence,3.47926,6.748754113
4848,spr_buff,3.47926,6.755718903
4848,spr_buff_fence,3.47926,6.845068985
4850,flo,5.39087,0
4850,flo_fence,5.39087,2.44140756
4850,flo_buff,5.39087,2.448106807
4850,flo_buff_fence,5.39087,2.471107851
4850,spr,5.39087,2.217880552
4850,spr_fence,5.39087,2.251844751
4850,spr_buff,5.39087,2.260799875
4850,spr_buff_fence,5.39087,2.292720296
4851,flo,3.946,0
4851,flo_fence,3.946,5.781850194
4851,flo_buff,3.946,5.787876923
4851,flo_buff_fence,3.946,5.836581993
4851,spr,3.946,5.221273065
4851,spr_fence,3.946,5.296959272
4851,spr_buff,3.946,5.30449663
4851,spr_buff_fence,3.946,5.376219809
4852,flo,3.01268,0
4852,flo_fence,3.01268,7.240800565
4852,flo_buff,3.01268,7.249231219
4852,flo_buff_fence,3.01268,7.310743859
4852,spr,3.01268,6.56582026
4852,spr_fence,3.01268,6.659876279
4852,spr_buff,3.01268,6.670415188
4852,spr_buff_fence,3.01268,6.759490497
4853,flo,14.8283,0
4853,flo_fence,14.8283,1.027128871
4853,flo_buff,14.8283,1.028756753
4853,flo_buff_fence,14.8283,1.037735702
4853,spr,14.8283,0.918566054
4853,spr_fence,14.8283,0.93279218
4853,spr_buff,14.8283,0.934987722
4853,spr_buff_fence,14.8283,0.948431864
4854,flo,4.94062,0
4854,flo_fence,4.94062,3.385304703
4854,flo_buff,4.94062,3.406524247
4854,flo_buff_fence,4.94062,3.44541093
4854,spr,4.94062,3.366371816
4854,spr_fence,4.94062,3.40717052
4854,spr_buff,4.94062,3.427439837
4854,spr_buff_fence,4.94062,3.46533054
4856,flo,3.99381,0
4856,flo_fence,3.99381,4.199371397
4856,flo_buff,3.99381,4.225762283
4856,flo_buff_fence,3.99381,4.274040322
4856,spr,3.99381,4.176093575
4856,spr_fence,3.99381,4.226736791
4856,spr_buff,3.99381,4.251920174
4856,spr_buff_fence,3.99381,4.298952599
4857,flo,2.04914,0
4857,flo_fence,2.04914,6.354318117
4857,flo_buff,2.04914,6.377334003
4857,flo_buff_fence,2.04914,6.440469945
4857,spr,2.04914,5.942993874
4857,spr_fence,2.04914,6.026812679
4857,spr_buff,2.04914,6.054502923
4857,spr_buff_fence,2.04914,6.133011774
4858,flo,3.57798,0
4858,flo_fence,3.57798,3.456682059
4858,flo_buff,3.57798,3.470074195
4858,flo_buff_fence,3.57798,3.504930455
4858,spr,3.57798,3.225910053
4858,spr_fence,3.57798,3.272393177
4858,spr_buff,3.57798,3.28854488
4858,spr_buff_fence,3.57798,3.332045394
4859,flo,4.33175,0
4859,flo_fence,4.33175,2.933839674
4859,flo_buff,4.33175,2.94452803
4859,flo_buff_fence,4.33175,2.973714588
4859,spr,4.33175,2.726904595
4859,spr_fence,4.33175,2.766454175
4859,spr_buff,4.33175,2.77983954
4859,spr_buff_fence,4.33175,2.816868408
4860,flo,5.44832,0
4860,flo_fence,5.44832,3.65782835
4860,flo_buff,5.44832,3.664393898
4860,flo_buff_fence,5.44832,3.696820231
4860,spr,5.44832,3.396182314
4860,spr_fence,5.44832,3.441380628
4860,spr_buff,5.44832,3.449381667
4860,spr_buff_fence,5.44832,3.492046678
4861,flo,13.7168,0
4861,flo_fence,13.7168,1.574216449
4861,flo_buff,13.7168,1.576795679
4861,flo_buff_fence,13.7168,1.590606556
4861,spr,13.7168,1.478315506
4861,spr_fence,13.7168,1.496815914
4861,spr_buff,13.7168,1.499820612
4861,spr_buff_fence,13.7168,1.517296968
4864,flo,22.4272,0
4864,flo_fence,22.4272,1.16715378
4864,flo_buff,22.4272,1.168052483
4864,flo_buff_fence,22.4272,1.177698008
4864,spr,22.4272,1.104062831
4864,spr_fence,22.4272,1.116755482
4864,spr_buff,22.4272,1.117750343
4864,spr_buff_fence,22.4272,1.129791208
4870,flo,13.6396,0
4870,flo_fence,13.6396,4.096016655
4870,flo_buff,13.6396,4.093464423
4870,flo_buff_fence,13.6396,4.123969798
4870,spr,13.6396,3.352298309
4870,spr_fence,13.6396,3.418097309
4870,spr_buff,13.6396,3.410958921
4870,spr_buff_fence,13.6396,3.473964557
4871,flo,1.32593,0
4871,flo_fence,1.32593,7.244607505
4871,flo_buff,1.32593,7.272867432
4871,flo_buff_fence,1.32593,7.346032857
4871,spr,1.32593,6.322337843
4871,spr_fence,1.32593,6.440766582
4871,spr_buff,1.32593,6.481933865
4871,spr_buff_fence,1.32593,6.592762793
4874,flo,2.59035,0
4874,flo_fence,2.59035,4.301614601
4874,flo_buff,2.59035,4.316161781
4874,flo_buff_fence,2.59035,4.358296371
4874,spr,2.59035,3.893250152
4874,spr_fence,2.59035,3.955523391
4874,spr_buff,2.59035,3.974724474
4874,spr_buff_fence,2.59035,4.033117983
4876,flo,6.84189,0
4876,flo_fence,6.84189,1.78756465
4876,flo_buff,6.84189,1.791643584
4876,flo_buff_fence,6.84189,1.808000369
4876,spr,6.84189,1.60666083
4876,spr_fence,6.84189,1.631826317
4876,spr_buff,6.84189,1.63751039
4876,spr_buff_fence,6.84189,1.66120685
4878,flo,2.70118,0
4878,flo_fence,2.70118,3.970556481
4878,flo_buff,2.70118,3.985088232
4878,flo_buff_fence,2.70118,4.024627286
4878,spr,2.70118,3.579236241
4878,spr_fence,2.70118,3.63810158
4878,spr_buff,2.70118,3.657552718
4878,spr_buff_fence,2.70118,3.7126887
4879,flo,3.27758,0
4879,flo_fence,3.27758,4.827242953
4879,flo_buff,3.27758,4.856346265
4879,flo_buff_fence,3.27758,4.911119647
4879,spr,3.27758,4.752500025
4879,spr_fence,3.27758,4.812218466
4879,spr_buff,3.27758,4.842107107
4879,spr_buff_fence,3.27758,4.897558543
4880,flo,3.98294,0
4880,flo_fence,3.98294,3.175111276
4880,flo_buff,3.98294,3.184250498
4880,flo_buff_fence,3.98294,3.214414031
4880,spr,3.98294,2.873671079
4880,spr_fence,3.98294,2.918624109
4880,spr_buff,3.98294,2.930962866
4880,spr_buff_fence,3.98294,2.973187715
4882,flo,7.61464,0
4882,flo_fence,7.61464,1.738061399
4882,flo_buff,7.61464,1.742435814
4882,flo_buff_fence,7.61464,1.758579037
4882,spr,7.61464,1.56541116
4882,spr_fence,7.61464,1.589984129
4882,spr_buff,7.61464,1.595860517
4882,spr_buff_fence,7.61464,1.618983517
4883,flo,3.37229,0
4883,flo_fence,3.37229,5.834385458
4883,flo_buff,3.37229,5.842305642
4883,flo_buff_fence,3.37229,5.89253102
4883,spr,3.37229,5.186167315
4883,spr_fence,3.37229,5.267637376
4883,spr_buff,3.37229,5.277021579
4883,spr_buff_fence,3.37229,5.354165246
4884,flo,5.42455,0
4884,flo_fence,5.42455,18.52047389
4884,flo_buff,5.42455,18.50777705
4884,flo_buff_fence,5.42455,18.64503157
4884,spr,5.42455,16.93659697
4884,spr_fence,5.42455,17.1486696
4884,spr_buff,5.42455,17.12617646
4884,spr_buff_fence,5.42455,17.32922149
4885,flo,2.80509,0
4885,flo_fence,2.80509,4.156451759
4885,flo_buff,2.80509,4.173621353
4885,flo_buff_fence,2.80509,4.216158957
4885,spr,2.80509,3.882711053
4885,spr_fence,2.80509,3.939101528
4885,spr_buff,2.80509,3.960061196
4885,spr_buff_fence,2.80509,4.012768331
4887,flo,4.04377,0
4887,flo_fence,4.04377,4.388453692
4887,flo_buff,4.04377,4.397661939
4887,flo_buff_fence,4.04377,4.437345539
4887,spr,4.04377,4.106087765
4887,spr_fence,4.04377,4.15965585
4887,spr_buff,4.04377,4.170554946
4887,spr_buff_fence,4.04377,4.221053164
4888,flo,2.10844,0
4888,flo_fence,2.10844,7.924965907
4888,flo_buff,2.10844,7.938197501
4888,flo_buff_fence,2.10844,8.00786949
4888,spr,2.10844,7.096318643
4888,spr_fence,2.10844,7.206080102
4888,spr_buff,2.10844,7.223632624
4888,spr_buff_fence,2.10844,7.327331512
4889,flo,3.18533,0
4889,flo_fence,3.18533,7.307956611
4889,flo_buff,3.18533,7.310450667
4889,flo_buff_fence,3.18533,7.369008214
4889,spr,3.18533,6.233533795
4889,spr_fence,3.18533,6.343373097
4889,spr_buff,3.18533,6.344108004
4889,spr_buff_fence,3.18533,6.448681868
4895,flo,4.39135,0
4895,flo_fence,4.39135,8.321295019
4895,flo_buff,4.39135,8.318664875
4895,flo_buff_fence,4.39135,8.382135859
4895,spr,4.39135,6.595632596
4895,spr_fence,4.39135,6.741152734
4895,spr_buff,4.39135,6.729605185
4895,spr_buff_fence,4.39135,6.868745677
4896,flo,4.04837,0
4896,flo_fence,4.04837,9.407841167
4896,flo_buff,4.04837,9.406170452
4896,flo_buff_fence,4.04837,9.478692782
4896,spr,4.04837,7.862331668
4896,spr_fence,4.04837,8.00837013
4896,spr_buff,4.04837,7.999708036
4896,spr_buff_fence,4.04837,8.139204767
4897,flo,2.21228,0
4897,flo_fence,2.21228,10.79598976
4897,flo_buff,2.21228,10.80046564
4897,flo_buff_fence,2.21228,10.88743617
4897,spr,2.21228,9.161095761
4897,spr_fence,2.21228,9.32613152
4897,spr_buff,2.21228,9.32738871
4897,spr_buff_fence,2.21228,9.484505757
4898,flo,1.91341,0
4898,flo_fence,1.91341,7.733942215
4898,flo_buff,1.91341,7.778049899
4898,flo_buff_fence,1.91341,7.864327653
4898,spr,1.91341,7.627288826
4898,spr_fence,1.91341,7.720745679
4898,spr_buff,1.91341,7.765966656
4898,spr_buff_fence,1.91341,7.852819803
4899,flo,2.46247,0
4899,flo_fence,2.46247,9.305238498
4899,flo_buff,2.46247,9.314573149
4899,flo_buff_fence,2.46247,9.392744724
4899,spr,2.46247,8.389455764
4899,spr_fence,2.46247,8.511680547
4899,spr_buff,2.46247,8.522325594
4899,spr_buff_fence,2.46247,8.638223243
4901,flo,6.58105,0
4901,flo_fence,6.58105,2.248486921
4901,flo_buff,6.58105,2.251831055
4901,flo_buff_fence,6.58105,2.271358228
4901,spr,6.58105,1.920550973
4901,spr_fence,6.58105,1.955853389
4901,spr_buff,6.58105,1.959953389
4901,spr_buff_fence,6.58105,1.993379499
4902,flo,7.52128,0
4902,flo_fence,7.52128,4.673724352
4902,flo_buff,7.52128,4.672887081
4902,flo_buff_fence,7.52128,4.708911207
4902,spr,7.52128,4.058076265
4902,spr_fence,7.52128,4.123377098
4902,spr_buff,7.52128,4.120166931
4902,spr_buff_fence,7.52128,4.182511064
4903,flo,4.31191,0
4903,flo_fence,4.31191,6.139721655
4903,flo_buff,4.31191,6.141031829
4903,flo_buff_fence,4.31191,6.189768245
4903,spr,4.31191,5.293311642
4903,spr_fence,4.31191,5.382415685
4903,spr_buff,4.31191,5.38159822
4903,spr_buff_fence,4.31191,5.466498141
4904,flo,2.8723,0
4904,flo_fence,2.8723,15.84028258
4904,flo_buff,2.8723,15.83489799
4904,flo_buff_fence,2.8723,15.95549882
4904,spr,2.8723,13.80960847
4904,spr_fence,2.8723,14.02665166
4904,spr_buff,2.8723,14.00999678
4904,spr_buff_fence,2.8723,14.21749766
4905,flo,21.7597,0
4905,flo_fence,21.7597,1.518832493
4905,flo_buff,21.7597,1.518467534
4905,flo_buff_fence,21.7597,1.530119954
4905,spr,21.7597,1.277309931
4905,spr_fence,21.7597,1.300446046
4905,spr_buff,21.7597,1.29895225
4905,spr_buff_fence,21.7597,1.321057779
4906,flo,14.6794,0
4906,flo_fence,14.6794,3.918523282
4906,flo_buff,14.6794,3.916088826
4906,flo_buff_fence,14.6794,3.945276515
4906,spr,14.6794,3.382193823
4906,spr_fence,14.6794,3.436805084
4906,spr_buff,14.6794,3.431083774
4906,spr_buff_fence,14.6794,3.483366942
4907,flo,16.1913,0
4907,flo_fence,16.1913,2.433131739
4907,flo_buff,16.1913,2.43221694
4907,flo_buff_fence,16.1913,2.450690309
4907,spr,16.1913,2.071370047
4907,spr_fence,16.1913,2.107026603
4907,spr_buff,16.1913,2.104125338
4907,spr_buff_fence,16.1913,2.138222117
4908,flo,7.08388,0
4908,flo_fence,7.08388,6.38408641
4908,flo_buff,7.08388,6.380791048
4908,flo_buff_fence,7.08388,6.428737077
4908,spr,7.08388,5.427725901
4908,spr_fence,7.08388,5.521055985
4908,spr_buff,7.08388,5.512317676
4908,spr_buff_fence,7.08388,5.60161958
4909,flo,17.3613,0
4909,flo_fence,17.3613,2.427409698
4909,flo_buff,17.3613,2.425927578
4909,flo_buff_fence,17.3613,2.444023704
4909,spr,17.3613,2.035476325
4909,spr_fence,17.3613,2.072165368
4909,spr_buff,17.3613,2.068406863
4909,spr_buff_fence,17.3613,2.103527785
4912,flo,9.47371,0
4912,flo_fence,9.47371,1.728647345
4912,flo_buff,9.47371,1.730855407
4912,flo_buff_fence,9.47371,1.74565526
4912,spr,9.47371,1.480486791
4912,spr_fence,9.47371,1.507208959
4912,spr_buff,9.47371,1.509683655
4912,spr_buff_fence,9.47371,1.535015496
4913,flo,18.6107,0
4913,flo_fence,18.6107,6.978819244
4913,flo_buff,18.6107,6.974531222
4913,flo_buff_fence,18.6107,7.026541928
4913,spr,18.6107,6.65588007
4913,spr_fence,18.6107,6.72306464
4913,spr_buff,18.6107,6.717311605
4913,spr_buff_fence,18.6107,6.781570865
4914,flo,5.23252,0
4914,flo_fence,5.23252,8.329050227
4914,flo_buff,5.23252,8.330966813
4914,flo_buff_fence,5.23252,8.397163478
4914,spr,5.23252,7.698690818
4914,spr_fence,5.23252,7.794995864
4914,spr_buff,5.23252,7.795841652
4914,spr_buff_fence,5.23252,7.887520467
4916,flo,2.94754,0
4916,flo_fence,2.94754,10.10798888
4916,flo_buff,2.94754,10.10566274
4916,flo_buff_fence,2.94754,10.18327101
4916,spr,2.94754,8.224816992
4916,spr_fence,2.94754,8.391989347
4916,spr_buff,2.94754,8.381364431
4916,spr_buff_fence,2.94754,8.541082145
4917,flo,4.36862,0
4917,flo_fence,4.36862,3.074623406
4917,flo_buff,4.36862,3.078087024
4917,flo_buff_fence,4.36862,3.104138677
4917,spr,4.36862,2.384793119
4917,spr_fence,4.36862,2.443858768
4917,spr_buff,4.36862,2.447403095
4917,spr_buff_fence,4.36862,2.503487316
4919,flo,2.44688,0
4919,flo_fence,2.44688,5.703418534
4919,flo_buff,2.44688,5.737585137
4919,flo_buff_fence,2.44688,5.802171785
4919,spr,2.44688,5.627568523
4919,spr_fence,2.44688,5.697394057
4919,spr_buff,2.44688,5.732545483
4919,spr_buff_fence,2.44688,5.797372114
4920,flo,2.17237,0
4920,flo_fence,2.17237,5.116627909
4920,flo_buff,2.17237,5.130271579
4920,flo_buff_fence,2.17237,5.178244113
4920,spr,2.17237,4.453426062
4920,spr_fence,2.17237,4.533629333
4920,spr_buff,2.17237,4.553221533
4920,spr_buff_fence,2.17237,4.628672639
4921,flo,3.15746,0
4921,flo_fence,3.15746,3.034541993
4921,flo_buff,3.15746,3.04451034
4921,flo_buff_fence,3.15746,3.07406163
4921,spr,3.15746,2.60770481
4921,spr_fence,3.15746,2.658056363
4921,spr_buff,3.15746,2.672911273
4921,spr_buff_fence,3.15746,2.720157756
4923,flo,3.57591,0
4923,flo_fence,3.57591,4.343300774
4923,flo_buff,3.57591,4.351712857
4923,flo_buff_fence,3.57591,4.39057701
4923,spr,3.57591,3.882138843
4923,spr_fence,3.57591,3.943363663
4923,spr_buff,3.57591,3.954512546
4923,spr_buff_fence,3.57591,4.012291
4924,flo,5.54284,0
4924,flo_fence,5.54284,2.406760499
4924,flo_buff,5.54284,2.414892922
4924,flo_buff_fence,5.54284,2.438463339
4924,spr,5.54284,2.240928023
4924,spr_fence,5.54284,2.272782483
4924,spr_buff,5.54284,2.282892007
4924,spr_buff_fence,5.54284,2.312748182
4929,flo,6.31677,0
4929,flo_fence,6.31677,3.293036742
4929,flo_buff,6.31677,3.296056916
4929,flo_buff_fence,6.31677,3.323555062
4929,spr,6.31677,2.969003047
4929,spr_fence,6.31677,3.012075187
4929,spr_buff,6.31677,3.015906593
4929,spr_buff_fence,6.31677,3.056745231
4931,flo,3.31462,0
4931,flo_fence,3.31462,4.236016763
4931,flo_buff,3.31462,4.246573154
4931,flo_buff_fence,3.31462,4.285856017
4931,spr,3.31462,3.847574408
4931,spr_fence,3.31462,3.905857211
4931,spr_buff,3.31462,3.91988233
4931,spr_buff_fence,3.31462,3.974721898
4932,flo,1.09795,0
4932,flo_fence,1.09795,14.06188358
4932,flo_buff,1.09795,14.09214819
4932,flo_buff_fence,1.09795,14.21975072
4932,spr,1.09795,12.77623244
4932,spr_fence,1.09795,12.96649763
4932,spr_buff,1.09795,13.0069965
4932,spr_buff_fence,1.09795,13.18627292
4933,flo,3.38121,0
4933,flo_fence,3.38121,11.57424014
4933,flo_buff,3.38121,11.57236668
4933,flo_buff_fence,3.38121,11.66169583
4933,spr,3.38121,10.49400775
4933,spr_fence,3.38121,10.63468732
4933,spr_buff,3.38121,10.62994705
4933,spr_buff_fence,3.38121,10.76415332
4934,flo,2.37109,0
4934,flo_fence,2.37109,8.53959548
4934,flo_buff,2.37109,8.551196092
4934,flo_buff_fence,2.37109,8.624714053
4934,spr,2.37109,7.739847931
4934,spr_fence,2.37109,7.852001518
4934,spr_buff,2.37109,7.866894289
4934,spr_buff_fence,2.37109,7.97299805
4935,flo,2.9812,0
4935,flo_fence,2.9812,3.682818846
4935,flo_buff,2.9812,3.696209537
4935,flo_buff_fence,2.9812,3.732831713
4935,spr,2.9812,3.332398582
4935,spr_fence,2.9812,3.386345089
4935,spr_buff,2.9812,3.404212197
4935,spr_buff_fence,2.9812,3.454739008
4936,flo,3.60741,0
4936,flo_fence,3.60741,9.962597402
4936,flo_buff,3.60741,9.964994334
4936,flo_buff_fence,3.60741,10.04423514
4936,spr,3.60741,9.042388026
4936,spr_fence,3.60741,9.165562468
4936,spr_buff,3.60741,9.166561698
4936,spr_buff_fence,3.60741,9.283823108
4938,flo,8.84275,0
4938,flo_fence,8.84275,3.646491998
4938,flo_buff,8.84275,3.649166331
4938,flo_buff_fence,8.84275,3.679223238
4938,spr,8.84275,3.411103724
4938,spr_fence,8.84275,3.452496946
4938,spr_buff,8.84275,3.455223051
4938,spr_buff_fence,8.84275,3.494515353
4939,flo,5.28419,0
4939,flo_fence,5.28419,4.263532379
4939,flo_buff,5.28419,4.270459606
4939,flo_buff_fence,5.28419,4.307830188
4939,spr,5.28419,4.014163614
4939,spr_fence,5.28419,4.063738767
4939,spr_buff,5.28419,4.071752878
4939,spr_buff_fence,5.28419,4.118585685
4940,flo,10.6698,0
4940,flo_fence,10.6698,1.737822738
4940,flo_buff,10.6698,1.741707811
4940,flo_buff_fence,10.6698,1.757562339
4940,spr,10.6698,1.622770748
4940,spr_fence,10.6698,1.644288945
4940,spr_buff,10.6698,1.648778266
4940,spr_buff_fence,10.6698,1.66905801
4941,flo,8.67576,0
4941,flo_fence,8.67576,2.34469168
4941,flo_buff,8.67576,2.347362798
4941,flo_buff_fence,8.67576,2.367247108
4941,spr,8.67576,2.099457047
4941,spr_fence,8.67576,2.131146393
4941,spr_buff,8.67576,2.134560387
4941,spr_buff_fence,8.67576,2.164578145
4942,flo,5.56651,0
4942,flo_fence,5.56651,4.10899755
4942,flo_buff,5.56651,4.112645181
4942,flo_buff_fence,5.56651,4.146886059
4942,spr,5.56651,3.679535523
4942,spr_fence,5.56651,3.73440067
4942,spr_buff,5.56651,3.738719542
4942,spr_buff_fence,5.56651,3.790766402
4945,flo,20.5556,0
4945,flo_fence,20.5556,0.982576835
4945,flo_buff,20.5556,0.983705461
4945,flo_buff_fence,20.5556,0.992043693
4945,spr,20.5556,0.878518374
4945,spr_fence,20.5556,0.891865515
4945,spr_buff,20.5556,0.893302116
4945,spr_buff_fence,20.5556,0.905945269
4946,flo,8.46283,0
4946,flo_fence,8.46283,2.904568111
4946,flo_buff,8.46283,2.909477713
4946,flo_buff_fence,8.46283,2.935048329
4946,spr,8.46283,2.745172083
4946,spr_fence,8.46283,2.778566776
4946,spr_buff,8.46283,2.784124562
4946,spr_buff_fence,8.46283,2.815664376
4947,flo,3.9071,0
4947,flo_fence,3.9071,4.311606214
4947,flo_buff,3.9071,4.339337124
4947,flo_buff_fence,3.9071,4.389277494
4947,spr,3.9071,4.298848031
4947,spr_fence,3.9071,4.350716454
4947,spr_buff,3.9071,4.377563825
4947,spr_buff_fence,3.9071,4.425683876
4948,flo,9.42975,0
4948,flo_fence,9.42975,7.850642648
4948,flo_buff,9.42975,7.847867933
4948,flo_buff_fence,9.42975,7.907577059
4948,spr,9.42975,7.29058946
4948,spr_fence,9.42975,7.376835655
4948,spr_buff,9.42975,7.371314967
4948,spr_buff_fence,9.42975,7.453717091
4949,flo,3.67324,0
4949,flo_fence,3.67324,24.55204394
4949,flo_buff,3.67324,24.54041662
4949,flo_buff_fence,3.67324,24.72542154
4949,spr,3.67324,23.34694023
4949,spr_fence,3.67324,23.58877735
4949,spr_buff,3.67324,23.57225649
4949,spr_buff_fence,3.67324,23.80336428
4950,flo,3.09289,0
4950,flo_fence,3.09289,5.451214178
4950,flo_buff,3.09289,5.456071873
4950,flo_buff_fence,3.09289,5.501508513
4950,spr,3.09289,4.715460494
4950,spr_fence,3.09289,4.796164343
4950,spr_buff,3.09289,4.803292972
4950,spr_buff_fence,3.09289,4.879814322
4951,flo,2.0307,0
4951,flo_fence,2.0307,7.607403827
4951,flo_buff,2.0307,7.623166026
4951,flo_buff_fence,2.0307,7.691840293
4951,spr,2.0307,6.802203971
4951,spr_fence,2.0307,6.909971669
4951,spr_buff,2.0307,6.93062536
4951,spr_buff_fence,2.0307,7.032277754
4952,flo,3.34397,0
4952,flo_fence,3.34397,7.704636654
4952,flo_buff,3.34397,7.710580564
4952,flo_buff_fence,3.34397,7.774259446
4952,spr,3.34397,6.873170946
4952,spr_fence,3.34397,6.976726476
4952,spr_buff,3.34397,6.982675069
4952,spr_buff_fence,3.34397,7.081016118
4953,flo,4.04654,0
4953,flo_fence,4.04654,6.430983644
4953,flo_buff,4.04654,6.435715874
4953,flo_buff_fence,4.04654,6.48873372
4953,spr,4.04654,5.782557258
4953,spr_fence,4.04654,5.866677895
4953,spr_buff,4.04654,5.871724456
4953,spr_buff_fence,4.04654,5.951599036
4954,flo,2.6051,0
4954,flo_fence,2.6051,14.4067348
4954,flo_buff,2.6051,14.40878552
4954,flo_buff_fence,2.6051,14.52254457
4954,spr,2.6051,12.96392043
4954,spr_fence,2.6051,13.14648259
4954,spr_buff,2.6051,13.14538447
4954,spr_buff_fence,2.6051,13.31930548
4958,flo,4.68904,0
4958,flo_fence,4.68904,8.04092982
4958,flo_buff,4.68904,8.041982821
4958,flo_buff_fence,4.68904,8.105422262
4958,spr,4.68904,7.264267346
4958,spr_fence,4.68904,7.364740857
4958,spr_buff,4.68904,7.364188377
4958,spr_buff_fence,4.68904,7.459903744
4960,flo,10.1207,0
4960,flo_fence,10.1207,1.164530822
4960,flo_buff,10.1207,1.169449209
4960,flo_buff_fence,10.1207,1.181430402
4960,spr,10.1207,1.086031644
4960,spr_fence,10.1207,1.101985102
4960,spr_buff,10.1207,1.108002112
4960,spr_buff_fence,10.1207,1.122909357
4962,flo,4.71701,0
4962,flo_fence,4.71701,2.912509689
4962,flo_buff,4.71701,2.930921145
4962,flo_buff_fence,4.71701,2.964467996
4962,spr,4.71701,2.884298439
4962,spr_fence,4.71701,2.920065419
4962,spr_buff,4.71701,2.938825729
4962,spr_buff_fence,4.71701,2.971996171
4963,flo,7.33346,0
4963,flo_fence,7.33346,2.350507058
4963,flo_buff,7.33346,2.365556465
4963,flo_buff_fence,7.33346,2.392741814
4963,spr,7.33346,2.349171663
4963,spr_fence,7.33346,2.377137241
4963,spr_buff,7.33346,2.391321801
4963,spr_buff_fence,7.33346,2.417280229
4964,flo,10.7112,0
4964,flo_fence,10.7112,1.97094182
4964,flo_buff,10.7112,1.973012016
4964,flo_buff_fence,10.7112,1.989624058
4964,spr,10.7112,1.764937611
4964,spr_fence,10.7112,1.791457958
4964,spr_buff,10.7112,1.794126996
4964,spr_buff_fence,10.7112,1.819257372
4965,flo,6.09826,0
4965,flo_fence,6.09826,3.130748603
4965,flo_buff,6.09826,3.134803057
4965,flo_buff_fence,6.09826,3.161639527
4965,spr,6.09826,2.806199547
4965,spr_fence,6.09826,2.848683804
4965,spr_buff,6.09826,2.853983154
4965,spr_buff_fence,6.09826,2.894192001
4966,flo,7.03103,0
4966,flo_fence,7.03103,4.758438022
4966,flo_buff,7.03103,4.759406326
4966,flo_buff_fence,7.03103,4.797150652
4966,spr,7.03103,4.242533736
4966,spr_fence,7.03103,4.304891042
4966,spr_buff,7.03103,4.30491016
4966,spr_buff_fence,7.03103,4.364297161
4967,flo,7.42701,0
4967,flo_fence,7.42701,3.676493044
4967,flo_buff,7.42701,3.677288683
4967,flo_buff_fence,7.42701,3.706478776
4967,spr,7.42701,3.172264825
4967,spr_fence,7.42701,3.225503672
4967,spr_buff,7.42701,3.224890775
4967,spr_buff_fence,7.42701,3.275623625