fieldID,treatment,area,P_up_norm
4686,flo,3.61749,0
4686,flo_fence,3.61749,1.026543066
4686,flo_buff,3.61749,1.034800099
4686,flo_buff_fence,3.61749,1.047529861
4686,spr,3.61749,0.824527041
4686,spr_fence,3.61749,0.847269806
4686,spr_buff,3.61749,0.860898253
4686,spr_buff_fence,3.61749,0.881909055
4687,flo,4.41631,0
4687,flo_fence,4.41631,0.319032896
4687,flo_buff,4.41631,0.321599048
4687,flo_buff_fence,4.41631,0.325555251
4687,spr,4.41631,0.249929167
4687,spr_fence,4.41631,0.257298222
4687,spr_buff,4.41631,0.261714078
4687,spr_buff_fence,4.41631,0.268521946
4688,flo,5.28404,0
4688,flo_fence,5.28404,0.164433202
4688,flo_buff,5.28404,0.165755825
4688,flo_buff_fence,5.28404,0.167794898
4688,spr,5.28404,0.130787882
4688,spr_fence,5.28404,0.134492095
4688,spr_buff,5.28404,0.136711819
4688,spr_buff_fence,5.28404,0.140133939
4689,flo,1.74645,0
4689,flo_fence,1.74645,0.422660842
4689,flo_buff,1.74645,0.426060528
4689,flo_buff_fence,1.74645,0.431301781
4689,spr,1.74645,0.343502181
4689,spr_fence,1.74645,0.352674784
4689,spr_buff,1.74645,0.358171405
4689,spr_buff_fence,1.74645,0.366645473
4690,flo,1.80744,0
4690,flo_fence,1.80744,0.73447116
4690,flo_buff,1.80744,0.740378903
4690,flo_buff_fence,1.80744,0.749486795
4690,spr,1.80744,0.588902298
4690,spr_fence,1.80744,0.605223361
4690,spr_buff,1.80744,0.615003648
4690,spr_buff_fence,1.80744,0.630081789
4691,flo,6.92225,0
4691,flo_fence,6.92225,0.171490655
4691,flo_buff,6.92225,0.172870046
4691,flo_buff_fence,6.92225,0.174996635
4691,spr,6.92225,0.136390383
4691,spr_fence,6.92225,0.140254099
4691,spr_buff,6.92225,0.142569405
4691,spr_buff_fence,6.92225,0.146138881
4692,flo,3.04228,0
4692,flo_fence,3.04228,0.230112782
4692,flo_buff,3.04228,0.231963702
4692,flo_buff_fence,3.04228,0.234817241
4692,spr,3.04228,0.18554915
4692,spr_fence,3.04228,0.190612906
4692,spr_buff,3.04228,0.193647327
4692,spr_buff_fence,3.04228,0.198325455
4693,flo,7.93906,0
4693,flo_fence,7.93906,0.283514628
4693,flo_buff,7.93906,0.285795087
4693,flo_buff_fence,7.93906,0.289310842
4693,spr,7.93906,0.244804971
4693,spr_fence,7.93906,0.250272636
4693,spr_buff,7.93906,0.253549097
4693,spr_buff_fence,7.93906,0.258600375
4694,flo,4.79263,0
4694,flo_fence,4.79263,0.62601621
4694,flo_buff,4.79263,0.631051591
4694,flo_buff_fence,4.79263,0.638814575
4694,spr,4.79263,0.532899383
4694,spr_fence,4.79263,0.545336281
4694,spr_buff,4.79263,0.552789008
4694,spr_buff_fence,4.79263,0.564278781
4695,flo,31.9828,0
4695,flo_fence,31.9828,0.060549557
4695,flo_buff,31.9828,0.06103659
4695,flo_buff_fence,31.9828,0.061787441
4695,spr,31.9828,0.052165403
4695,spr_fence,31.9828,0.053338692
4695,spr_buff,31.9828,0.054041778
4695,spr_buff_fence,31.9828,0.055125715
4696,flo,3.55715,0
4696,flo_fence,3.55715,0.683655784
4696,flo_buff,3.55715,0.689154792
4696,flo_buff_fence,3.55715,0.697632542
4696,spr,3.55715,0.593324711
4696,spr_fence,3.55715,0.606365798
4696,spr_buff,3.55715,0.614180581
4696,spr_buff_fence,3.55715,0.626228531
4697,flo,10.1446,0
4697,flo_fence,10.1446,1.872335325
4697,flo_buff,10.1446,1.887395516
4697,flo_buff_fence,10.1446,1.910613619
4697,spr,10.1446,1.601148409
4697,spr_fence,10.1446,1.637997327
4697,spr_buff,10.1446,1.66007879
4697,spr_buff_fence,10.1446,1.694121499
4698,flo,1.99847,0
4698,flo_fence,1.99847,0.794203256
4698,flo_buff,1.99847,0.800591456
4698,flo_buff_fence,1.99847,0.810440061
4698,spr,1.99847,0.696967468
4698,spr_fence,1.99847,0.711750549
4698,spr_buff,1.99847,0.72060921
4698,spr_buff_fence,1.99847,0.734266495
4699,flo,2.49312,0
4699,flo_fence,2.49312,4.530173504
4699,flo_buff,2.49312,4.566612103
4699,flo_buff_fence,2.49312,4.622789024
4699,spr,2.49312,3.938624693
4699,spr_fence,2.49312,4.024705777
4699,spr_buff,2.49312,4.07628928
4699,spr_buff_fence,2.49312,4.155814908
4700,flo,17.4679,0
4700,flo_fence,17.4679,0.143241587
4700,flo_buff,17.4679,0.144393755
4700,flo_buff_fence,17.4679,0.146170038
4700,spr,17.4679,0.12290481
4700,spr_fence,17.4679,0.125704376
4700,spr_buff,17.4679,0.127381997
4700,spr_buff_fence,17.4679,0.129968364
4702,flo,35.5522,0
4702,flo_fence,35.5522,0.075487911
4702,flo_buff,35.5522,0.076095101
4702,flo_buff_fence,35.5522,0.077031197
4702,spr,35.5522,0.069167683
4702,spr_fence,35.5522,0.070433656
4702,spr_buff,35.5522,0.071192282
4702,spr_buff_fence,35.5522,0.072361846
4703,flo,17.5318,0
4703,flo_fence,17.5318,0.096187889
4703,flo_buff,17.5318,0.096961579
4703,flo_buff_fence,17.5318,0.098154368
4703,spr,17.5318,0.088360471
4703,spr_fence,17.5318,0.089962836
4703,spr_buff,17.5318,0.090923043
4703,spr_buff_fence,17.5318,0.092403381
4704,flo,7.27069,0
4704,flo_fence,7.27069,0.237348997
4704,flo_buff,7.27069,0.239258122
4704,flo_buff_fence,7.27069,0.242201394
4704,spr,7.27069,0.21816666
4704,spr_fence,7.27069,0.222114288
4704,spr_buff,7.27069,0.224479877
4704,spr_buff_fence,7.27069,0.228126876
4705,flo,5.56142,0
4705,flo_fence,5.56142,0.252424422
4705,flo_buff,5.56142,0.254454806
4705,flo_buff_fence,5.56142,0.257585023
4705,spr,5.56142,0.231011655
4705,spr_fence,5.56142,0.235258213
4705,spr_buff,5.56142,0.237802933
4705,spr_buff_fence,5.56142,0.241726097
4706,flo,19.9265,0
4706,flo_fence,19.9265,0.112523017
4706,flo_buff,19.9265,0.1134281
4706,flo_buff_fence,19.9265,0.114823454
4706,spr,19.9265,0.103147875
4706,spr_fence,19.9265,0.105032764
4706,spr_buff,19.9265,0.106162271
4706,spr_buff_fence,19.9265,0.107903617
4707,flo,5.71203,0
4707,flo_fence,5.71203,0.293211763
4707,flo_buff,5.71203,0.295570221
4707,flo_buff_fence,5.71203,0.299206227
4707,spr,5.71203,0.269112465
4707,spr_fence,5.71203,0.274008363
4707,spr_buff,5.71203,0.276942197
4707,spr_buff_fence,5.71203,0.28146525
4708,flo,7.34717,0
4708,flo_fence,7.34717,0.685664854
4708,flo_buff,7.34717,0.691180022
4708,flo_buff_fence,7.34717,0.699682685
4708,spr,7.34717,0.623903466
4708,spr_fence,7.34717,0.635609775
4708,spr_buff,7.34717,0.642624701
4708,spr_buff_fence,7.34717,0.653439523
4709,flo,10.8584,0
4709,flo_fence,10.8584,0.186168646
4709,flo_buff,10.8584,0.1876661
4709,flo_buff_fence,10.8584,0.189974705
4709,spr,10.8584,0.154426819
4709,spr_fence,10.8584,0.158318247
4709,spr_buff,10.8584,0.160650158
4709,spr_buff_fence,10.8584,0.164245237
4710,drip,12.8356,0
4710,drip_fence,12.8356,0.002600468
4710,drip_buff,12.8356,0.004158782
4710,drip_buff_fence,12.8356,0.006561213
4710,flo,12.8356,-0.240585907
4710,flo_fence,12.8356,-0.007865452
4710,flo_buff,12.8356,-0.005993557
4710,flo_buff_fence,12.8356,-0.003107681
4710,spr,12.8356,0
4710,spr_fence,12.8356,0.004717339
4710,spr_buff,12.8356,0.007544172
4710,spr_buff_fence,12.8356,0.011902265
4711,flo,5.09239,-0.293692316
4711,flo_fence,5.09239,0.015941063
4711,flo_buff,5.09239,0.018431609
4711,flo_buff_fence,5.09239,0.022271252
4711,spr,5.09239,0
4711,spr_fence,5.09239,0.006377906
4711,spr_buff,5.09239,0.010199822
4711,spr_buff_fence,5.09239,0.016092022
4712,flo,18.9714,-0.000772322
4712,flo_fence,18.9714,0.105426319
4712,flo_buff,18.9714,0.106280531
4712,flo_buff_fence,18.9714,0.107597459
4712,spr,18.9714,0
4712,spr_fence,18.9714,0.002292022
4712,spr_buff,18.9714,0.003665501
4712,spr_buff_fence,18.9714,0.005782976
4713,flo,5.24246,-0.430936148
4713,flo_fence,5.24246,-0.053257708
4713,flo_buff,5.24246,-0.050219839
4713,flo_buff_fence,5.24246,-0.045536395
4713,spr,5.24246,0
4713,spr_fence,5.24246,0.007926126
4713,spr_buff,5.24246,0.012675803
4713,spr_buff_fence,5.24246,0.019998319
4714,flo,6.37304,-0.328313444
4714,flo_fence,6.37304,0.061737096
4714,flo_buff,6.37304,0.06487448
4714,flo_buff_fence,6.37304,0.069711345
4714,spr,6.37304,0
4714,spr_fence,6.37304,0.008867287
4714,spr_buff,6.37304,0.014180948
4714,spr_buff_fence,6.37304,0.022372952
4715,flo,7.97269,-0.034271649
4715,flo_fence,7.97269,0.139549601
4715,flo_buff,7.97269,0.140947738
4715,flo_buff_fence,7.97269,0.143103228
4715,spr,7.97269,0
4715,spr_fence,7.97269,0.003977406
4715,spr_buff,7.97269,0.006360839
4715,spr_buff_fence,7.97269,0.010035347
4716,flo,1.36626,-1.19415683
4716,flo_fence,1.36626,-0.186883446
4716,flo_buff,1.36626,-0.178781409
4716,flo_buff_fence,1.36626,-0.166290602
4716,spr,1.36626,0
4716,spr_fence,1.36626,0.02258259
4716,spr_buff,1.36626,0.036115052
4716,spr_buff_fence,1.36626,0.056977878
4717,drip,0.384429,-0.183591697
4717,drip_fence,0.384429,-0.152266646
4717,drip_buff,0.384429,-0.13349532
4717,drip_buff_fence,0.384429,-0.104555812
4717,flo,0.384429,0
4717,flo_fence,0.384429,2.844673961
4717,flo_buff,0.384429,2.86755519
4717,flo_buff_fence,0.384429,2.902830884
4717,spr,0.384429,2.252018911
4717,spr_fence,0.384429,2.31660586
4717,spr_buff,0.384429,2.355309147
4717,spr_buff_fence,0.384429,2.414977512
4718,flo,3.61888,0
4718,flo_fence,3.61888,0.310194659
4718,flo_buff,3.61888,0.31268972
4718,flo_buff_fence,3.61888,0.316536323
4718,spr,3.61888,0.24752959
4718,spr_fence,3.61888,0.254479057
4718,spr_buff,3.61888,0.258643478
4718,spr_buff_fence,3.61888,0.265063711
4719,flo,2.89296,0
4719,flo_fence,2.89296,0.312852335
4719,flo_buff,2.89296,0.315368773
4719,flo_buff_fence,2.89296,0.319248333
4719,spr,2.89296,0.246187781
4719,spr_fence,2.89296,0.253361674
4719,spr_buff,2.89296,0.25766058
4719,spr_buff_fence,2.89296,0.26428815
4720,flo,8.0747,0
4720,flo_fence,8.0747,0.11378191
4720,flo_buff,8.0747,0.114697118
4720,flo_buff_fence,8.0747,0.116108084
4720,spr,8.0747,0.088742181
4720,spr_fence,8.0747,0.091389095
4720,spr_buff,8.0747,0.092975241
4720,spr_buff_fence,8.0747,0.095420581
4721,flo,2.58749,0
4721,flo_fence,2.58749,0.447304248
4721,flo_buff,2.58749,0.450902154
4721,flo_buff_fence,2.58749,0.456449
4721,spr,2.58749,0.353619199
4721,spr_fence,2.58749,0.363798567
4721,spr_buff,2.58749,0.369898484
4721,spr_buff_fence,2.58749,0.379302647
4722,flo,2.54286,0
4722,flo_fence,2.54286,0.675363511
4722,flo_buff,2.54286,0.68079582
4722,flo_buff_fence,2.54286,0.68917074
4722,spr,2.54286,0.525699454
4722,spr_fence,2.54286,0.541459916
4722,spr_buff,2.54286,0.550904265
4722,spr_buff_fence,2.54286,0.565464498
4723,flo,1.82428,0
4723,flo_fence,1.82428,0.810781236
4723,flo_buff,1.82428,0.817302782
4723,flo_buff_fence,1.82428,0.827356965
4723,spr,1.82428,0.651343962
4723,spr_fence,1.82428,0.669300946
4723,spr_buff,1.82428,0.680061547
4723,spr_buff_fence,1.82428,0.696651027
4724,flo,2.88819,0
4724,flo_fence,2.88819,0.484462827
4724,flo_buff,2.88819,0.488359619
4724,flo_buff_fence,2.88819,0.494367254
4724,spr,2.88819,0.386014154
4724,spr_fence,2.88819,0.396895383
4724,spr_buff,2.88819,0.403415885
4724,spr_buff_fence,2.88819,0.41346846
4725,flo,2.43571,0
4725,flo_fence,2.43571,0.556597658
4725,flo_buff,2.43571,0.561074669
4725,flo_buff_fence,2.43571,0.567976821
4725,spr,2.43571,0.450069638
4725,spr_fence,2.43571,0.462257742
4725,spr_buff,2.43571,0.469561382
4725,spr_buff_fence,2.43571,0.480821309
4726,flo,5.99521,0
4726,flo_fence,5.99521,0.373594492
4726,flo_buff,5.99521,0.376599511
4726,flo_buff_fence,5.99521,0.381232311
4726,spr,5.99521,0.296646004
4726,spr_fence,5.99521,0.305086114
4726,spr_buff,5.99521,0.310143792
4726,spr_buff_fence,5.99521,0.317941151
4727,flo,65.7499,0
4727,flo_fence,65.7499,0.038057214
4727,flo_buff,65.7499,0.038363329
4727,flo_buff_fence,65.7499,0.038835261
4727,spr,65.7499,0.029735589
4727,spr_fence,65.7499,0.030618367
4727,spr_buff,65.7499,0.031147365
4727,spr_buff_fence,65.7499,0.031962915
4728,flo,3.14673,0
4728,flo_fence,3.14673,0.000462345
4728,flo_buff,3.14673,0.000466063
4728,flo_buff_fence,3.14673,0.000471797
4728,spr,3.14673,0.000472633
4728,spr_fence,3.14673,0.000478053
4728,spr_buff,3.14673,0.000481301
4728,spr_buff_fence,3.14673,0.000486309
4732,flo,34.6755,0
4732,flo_fence,34.6755,0.033910119
4732,flo_buff,34.6755,0.034182876
4732,flo_buff_fence,34.6755,0.034603383
4732,spr,34.6755,0.023104491
4732,spr_fence,34.6755,-0.01309559
4732,spr_buff,34.6755,0.024620651
4732,spr_buff_fence,34.6755,0.025496501
4734,flo,25.0747,0
4734,flo_fence,25.0747,0.149901564
4734,flo_buff,25.0747,0.151107302
4734,flo_buff_fence,25.0747,0.152966174
4734,spr,25.0747,0.101087553
4734,spr_fence,25.0747,0.105328317
4734,spr_buff,25.0747,0.107869566
4734,spr_buff_fence,25.0747,0.111787377
4735,flo,2.13382,0
4735,flo_fence,2.13382,1.566211634
4735,flo_buff,2.13382,1.578809508
4735,flo_buff_fence,2.13382,1.59823149
4735,spr,2.13382,0.830912381
4735,spr_fence,2.13382,0.885948513
4735,spr_buff,2.13382,0.918928539
4735,spr_buff_fence,2.13382,0.969773425
4736,flo,4.24815,0
4736,flo_fence,4.24815,1.4021588
4736,flo_buff,4.24815,1.41343711
4736,flo_buff_fence,4.24815,1.430824737
4736,spr,4.24815,0.885032259
4736,spr_fence,4.24815,0.927582021
4736,spr_buff,4.24815,0.953079677
4736,spr_buff_fence,4.24815,0.992389086
4737,flo,5.41716,0
4737,flo_fence,5.41716,0.805798736
4737,flo_buff,5.41716,0.812280204
4737,flo_buff_fence,5.41716,0.822272602
4737,spr,5.41716,0.488509318
4737,spr_fence,5.41716,0.513919377
4737,spr_buff,5.41716,0.529146181
4737,spr_buff_fence,5.41716,0.552621151
4738,flo,16.6878,0
4738,flo_fence,16.6878,0.167373899
4738,flo_buff,16.6878,0.168720177
4738,flo_buff_fence,16.6878,0.170795716
4738,spr,16.6878,0.068148158
4738,spr_fence,16.6878,0.07501284
4738,spr_buff,16.6878,0.079126454
4738,spr_buff_fence,16.6878,0.085468361
4739,flo,5.03837,0
4739,flo_fence,5.03837,0.437289043
4739,flo_buff,5.03837,0.440806391
4739,flo_buff_fence,5.03837,0.446229043
4739,spr,5.03837,0.152740995
4739,spr_fence,5.03837,0.171881047
4739,spr_buff,5.03837,0.183350592
4739,spr_buff_fence,5.03837,0.201033043
4740,flo,8.45364,0
4740,flo_fence,8.45364,1.272224863
4740,flo_buff,8.45364,1.282458045
4740,flo_buff_fence,8.45364,1.298234412
4740,spr,8.45364,0.826894173
4740,spr_fence,8.45364,0.864364057
4740,spr_buff,8.45364,0.88681763
4740,spr_buff_fence,8.45364,0.921434016
4741,flo,29.8448,0
4741,flo_fence,29.8448,0.05721012
4741,flo_buff,29.8448,0.057670291
4741,flo_buff_fence,29.8448,0.058379732
4741,spr,29.8448,0.036673847
4741,spr_fence,29.8448,0.038383118
4741,spr_buff,29.8448,0.039407387
4741,spr_buff_fence,29.8448,0.04098649
4742,flo,4.03471,0
4742,flo_fence,4.03471,0.63024329
4742,flo_buff,4.03471,0.635312673
4742,flo_buff_fence,4.03471,0.643128075
4742,spr,4.03471,0.427746708
4742,spr_fence,4.03471,0.445446204
4742,spr_buff,4.03471,0.456052506
4742,spr_buff_fence,4.03471,0.472404107
4743,flo,7.83046,0
4743,flo_fence,7.83046,0.100462809
4743,flo_buff,7.83046,0.101270884
4743,flo_buff_fence,7.83046,0.102516685
4743,spr,7.83046,0.067994042
4743,spr_fence,7.83046,0.070824454
4743,spr_buff,7.83046,0.072520558
4743,spr_buff_fence,7.83046,0.075135422
4744,flo,4.86985,0
4744,flo_fence,4.86985,0.374795379
4744,flo_buff,4.86985,0.377810058
4744,flo_buff_fence,4.86985,0.38245775
4744,spr,4.86985,0.183908273
4744,spr_fence,4.86985,0.197789383
4744,spr_buff,4.86985,0.206107544
4744,spr_buff_fence,4.86985,0.218931546
4746,flo,2.92854,0
4746,flo_fence,2.92854,0.834191808
4746,flo_buff,2.92854,0.840901657
4746,flo_buff_fence,2.92854,0.851246146
4746,spr,2.92854,0.390612714
4746,spr_fence,2.92854,0.422399534
4746,spr_buff,2.92854,0.441447568
4746,spr_buff_fence,2.92854,0.47081368
4748,flo,9.0328,0
4748,flo_fence,9.0328,0.666323356
4748,flo_buff,9.0328,0.671682949
4748,flo_buff_fence,9.0328,0.679945767
4748,spr,9.0328,0.394255351
4748,spr_fence,9.0328,0.415729006
4748,spr_buff,9.0328,0.428596948
4748,spr_buff_fence,9.0328,0.448435289
4750,flo,3.69711,0
4750,flo_fence,3.69711,3.782957993
4750,flo_buff,3.69711,3.813386339
4750,flo_buff_fence,3.69711,3.860297332
4750,spr,3.69711,2.745284703
4750,spr_fence,3.69711,2.843057679
4750,spr_buff,3.69711,2.901647468
4750,spr_buff_fence,3.69711,2.991974597
4752,flo,5.01739,0
4752,flo_fence,5.01739,1.644540239
4752,flo_buff,5.01739,1.657768153
4752,flo_buff_fence,5.01739,1.678161457
4752,spr,5.01739,1.047340894
4752,spr_fence,5.01739,1.096802164
4752,spr_buff,5.01739,1.126441492
4752,spr_buff_fence,5.01739,1.172136067
4753,flo,9.84271,0
4753,flo_fence,9.84271,1.480480569
4753,flo_buff,9.84271,1.492388863
4753,flo_buff_fence,9.84271,1.510747727
4753,spr,9.84271,1.033575798
4753,spr_fence,9.84271,1.073782903
4753,spr_buff,9.84271,1.097876738
4753,spr_buff_fence,9.84271,1.135021894
4754,flo,6.72943,0
4754,flo_fence,6.72943,0.819827269
4754,flo_buff,6.72943,0.826421577
4754,flo_buff_fence,6.72943,0.836587936
4754,spr,6.72943,0.578684116
4754,spr_fence,6.72943,0.600647497
4754,spr_buff,6.72943,0.613808904
4754,spr_buff_fence,6.72943,0.634099677
4755,flo,1.86303,0
4755,flo_fence,1.86303,7.826719678
4755,flo_buff,1.86303,7.889674155
4755,flo_buff_fence,1.86303,7.986730265
4755,spr,1.86303,5.826682443
4755,spr_fence,1.86303,6.021976255
4755,spr_buff,1.86303,6.13900474
4755,spr_buff_fence,1.86303,6.319426061
4756,flo,1.13313,0
4756,flo_fence,1.13313,3.112917203
4756,flo_buff,1.13313,3.137956055
4756,flo_buff_fence,1.13313,3.176558132
4756,spr,1.13313,2.272195234
4756,spr_fence,1.13313,2.352024017
4756,spr_buff,1.13313,2.399860871
4756,spr_buff_fence,1.13313,2.473610338
4757,flo,17.005,0
4757,flo_fence,17.005,0.158289324
4757,flo_buff,17.005,0.159562529
4757,flo_buff_fence,17.005,0.161525413
4757,spr,17.005,0.136731562
4757,spr_fence,17.005,0.139781635
4757,spr_buff,17.005,0.141609371
4757,spr_buff_fence,17.005,0.144427168
4758,flo,5.08488,0
4758,flo_fence,5.08488,0.98513629
4758,flo_buff,5.08488,0.993060266
4758,flo_buff_fence,5.08488,1.005276558
4758,spr,5.08488,0.846405812
4758,spr_fence,5.08488,0.86560565
4758,spr_buff,5.08488,0.877111022
4758,spr_buff_fence,5.08488,0.894848707
4759,flo,7.16184,0
4759,flo_fence,7.16184,0.661937776
4759,flo_buff,7.16184,0.667262095
4759,flo_buff_fence,7.16184,0.675470528
4759,spr,7.16184,0.569038281
4759,spr_fence,7.16184,0.581924039
4759,spr_buff,7.16184,0.589645742
4759,spr_buff_fence,7.16184,0.601550192
4760,flo,5.56836,0
4760,flo_fence,5.56836,0.708824439
4760,flo_buff,5.56836,0.714525891
4760,flo_buff_fence,5.56836,0.723315748
4760,spr,5.56836,0.604688871
4760,spr_fence,5.56836,0.618709062
4760,spr_buff,5.56836,0.627110566
4760,spr_buff_fence,5.56836,0.640063057
4762,flo,53.2897,0
4762,flo_fence,53.2897,0.103681566
4762,flo_buff,53.2897,0.104515532
4762,flo_buff_fence,53.2897,0.105801246
4762,spr,53.2897,0.094000575
4762,spr_fence,53.2897,0.095787002
4762,spr_buff,53.2897,0.096857506
4762,spr_buff_fence,53.2897,0.098507889
4764,flo,19.6783,0
4764,flo_fence,19.6783,0.242270424
4764,flo_buff,19.6783,0.244219134
4764,flo_buff_fence,19.6783,0.247223435
4764,spr,19.6783,0.22021098
4764,spr_fence,19.6783,0.224358526
4764,spr_buff,19.6783,0.226843916
4764,spr_buff_fence,19.6783,0.230675608
4765,flo,4.49257,0
4765,flo_fence,4.49257,0.289472021
4765,flo_buff,4.49257,0.291800399
4765,flo_buff_fence,4.49257,0.295390029
4765,spr,4.49257,0.266051774
4765,spr_fence,4.49257,0.270867529
4765,spr_buff,4.49257,0.273753338
4765,spr_buff_fence,4.49257,0.278202352
4772,flo,2.29671,0
4772,flo_fence,2.29671,1.964517442
4772,flo_buff,2.29671,1.980319103
4772,flo_buff_fence,2.29671,2.00468032
4772,spr,2.29671,1.799998414
4772,spr_fence,2.29671,1.832946331
4772,spr_buff,2.29671,1.852690146
4772,spr_buff_fence,2.29671,1.883128933
4775,flo,6.58747,0
4775,flo_fence,6.58747,0.350024067
4775,flo_buff,6.58747,0.352839497
4775,flo_buff_fence,6.58747,0.35718001
4775,spr,6.58747,0.272631646
4775,spr_fence,6.58747,0.280791579
4775,spr_buff,6.58747,0.285681364
4775,spr_buff_fence,6.58747,0.293219883
4776,flo,14.225,0
4776,flo_fence,14.225,0.075232384
4776,flo_buff,14.225,0.075837518
4776,flo_buff_fence,14.225,0.076770446
4776,spr,14.225,0.059677082
4776,spr_fence,14.225,0.061379554
4776,spr_buff,14.225,0.062399749
4776,spr_buff_fence,14.225,0.063972571
4778,flo,2.41564,0
4778,flo_fence,2.41564,1.491967635
4778,flo_buff,2.41564,1.503968325
4778,flo_buff_fence,2.41564,1.522469636
4778,spr,2.41564,1.277251133
4778,spr_fence,2.41564,1.306548501
4778,spr_buff,2.41564,1.324104749
4778,spr_buff_fence,2.41564,1.351170993
4780,flo,4.7691,0
4780,flo_fence,4.7691,0.809257007
4780,flo_buff,4.7691,0.815766292
4780,flo_buff_fence,4.7691,0.825801574
4780,spr,4.7691,0.651463031
4780,spr_fence,4.7691,0.669322278
4780,spr_buff,4.7691,0.68002431
4780,spr_buff_fence,4.7691,0.696523495
4787,flo,61.5981,0
4787,flo_fence,61.5981,0.08784852
4787,flo_buff,61.5981,0.094914387
4787,flo_buff_fence,61.5981,0.096081992
4787,spr,61.5981,0.08322599
4787,spr_fence,61.5981,0.084950185
4787,spr_buff,61.5981,0.085983397
4787,spr_buff_fence,61.5981,0.087576287
4788,flo,41.5082,0
4788,flo_fence,41.5082,0.055008325
4788,flo_buff,41.5082,0.055450787
4788,flo_buff_fence,41.5082,0.056132924
4788,spr,41.5082,0.050961483
4788,spr_fence,41.5082,0.051857397
4788,spr_buff,41.5082,0.052394266
4788,spr_buff_fence,41.5082,0.053221952
4789,flo,29.597,0
4789,flo_fence,29.597,0.000462322
4789,flo_buff,29.597,0.000466041
4789,flo_buff_fence,29.597,0.000471774
4789,spr,29.597,0.000472609
4789,spr_fence,29.597,0.00047803
4789,spr_buff,29.597,0.000481278
4789,spr_buff_fence,29.597,0.000486285
4790,flo,80.467,0
4790,flo_fence,80.467,0.017800201
4790,flo_buff,80.467,0.017943378
4790,flo_buff_fence,80.467,0.018164111
4790,spr,80.467,0.016302775
4790,spr_fence,80.467,0.016601632
4790,spr_buff,80.467,0.01678072
4790,spr_buff_fence,80.467,0.017056818
4791,flo,44.3675,0
4791,flo_fence,44.3675,0.092093442
4791,flo_buff,44.3675,0.092834199
4791,flo_buff_fence,44.3675,0.093976214
4791,spr,44.3675,0.084564376
4791,spr_fence,44.3675,0.086100192
4791,spr_buff,44.3675,0.087020519
4791,spr_buff_fence,44.3675,0.088439376
4792,flo,82.3448,0
4792,flo_fence,82.3448,0.084125948
4792,flo_buff,82.3448,0.084802618
4792,flo_buff_fence,82.3448,0.085845831
4792,spr,82.3448,0.07722002
4792,spr_fence,82.3448,0.078624309
4792,spr_buff,82.3448,0.07946582
4792,spr_buff_fence,82.3448,0.080763166
4793,flo,63.8739,0
4793,flo_fence,63.8739,0.042238629
4793,flo_buff,63.8739,0.042578377
4793,flo_buff_fence,63.8739,0.043102161
4793,spr,63.8739,0.03074777
4793,spr_fence,63.8739,0.031834917
4793,spr_buff,63.8739,0.032486382
4793,spr_buff_fence,63.8739,0.033490738
4795,flo,40.3102,0
4795,flo_fence,40.3102,0.265698637
4795,flo_buff,40.3102,0.267835793
4795,flo_buff_fence,40.3102,0.271130618
4795,spr,40.3102,0.20002266
4795,spr_fence,40.3102,0.206546682
4795,spr_buff,40.3102,0.210456158
4795,spr_buff_fence,40.3102,0.216483347
4796,flo,140.81,0
4796,flo_fence,140.81,0.040955407
4796,flo_buff,140.81,0.041284833
4796,flo_buff_fence,140.81,0.041792705
4796,spr,140.81,0.029084237
4796,spr_fence,140.81,0.03017309
4796,spr_buff,140.81,0.030825578
4796,spr_buff_fence,140.81,0.03183151
4797,flo,111.857,0
4797,flo_fence,111.857,0.03209671
4797,flo_buff,111.857,0.032354881
4797,flo_buff_fence,111.857,0.032752899
4797,spr,111.857,0.022679631
4797,spr_fence,111.857,0.023538376
4797,spr_buff,111.857,0.024052973
4797,spr_buff_fence,111.857,0.024846321
4798,flo,40.8124,0
4798,flo_fence,40.8124,0.129679878
4798,flo_buff,40.8124,0.130722962
4798,flo_buff_fence,40.8124,0.132331072
4798,spr,40.8124,0.091871922
4798,spr_fence,40.8124,0.095330081
4798,spr_buff,40.8124,0.097402359
4798,spr_buff_fence,40.8124,0.100597165
4799,flo,27.6733,0
4799,flo_fence,27.6733,0.112454694
4799,flo_buff,27.6733,0.113359227
4799,flo_buff_fence,27.6733,0.114753734
4799,spr,27.6733,0.083320715
4799,spr_fence,27.6733,0.086145628
4799,spr_buff,27.6733,0.087838437
4799,spr_buff_fence,27.6733,0.09044822
4804,flo,40.4007,0
4804,flo_fence,40.4007,0.06272686
4804,flo_buff,40.4007,0.063231405
4804,flo_buff_fence,40.4007,0.064009257
4804,spr,40.4007,0.044568186
4804,spr_fence,40.4007,0.046234762
4804,spr_buff,40.4007,0.047233447
4804,spr_buff_fence,40.4007,0.048773106
4805,flo,14.1319,0
4805,flo_fence,14.1319,0.212279996
4805,flo_buff,14.1319,0.213987478
4805,flo_buff_fence,14.1319,0.216619879
4805,spr,14.1319,0.153569875
4805,spr_fence,14.1319,0.159079306
4805,spr_buff,14.1319,0.162380794
4805,spr_buff_fence,14.1319,0.167470657
4806,flo,11.3755,0
4806,flo_fence,11.3755,0.154483507
4806,flo_buff,11.3755,0.1557261
4806,flo_buff_fence,11.3755,0.15764179
4806,spr,11.3755,0.111459532
4806,spr_fence,11.3755,0.115483154
4806,spr_buff,11.3755,0.117894282
4806,spr_buff_fence,11.3755,0.121611487
4807,flo,12.6991,0
4807,flo_fence,12.6991,0.457447862
4807,flo_buff,12.6991,0.461127359
4807,flo_buff_fence,12.6991,0.466799992
4807,spr,12.6991,0.326371309
4807,spr_fence,12.6991,0.338460897
4807,spr_buff,12.6991,0.3457055
4807,spr_buff_fence,12.6991,0.356874412
4808,flo,10.3308,0
4808,flo_fence,10.3308,0.837504096
4808,flo_buff,10.3308,0.844240587
4808,flo_buff_fence,10.3308,0.85462615
4808,spr,10.3308,0.624969931
4808,spr_fence,10.3308,0.645796954
4808,spr_buff,10.3308,0.658277405
4808,spr_buff_fence,10.3308,0.677518358
4811,flo,10.6712,0
4811,flo_fence,10.6712,0.50168094
4811,flo_buff,10.6712,0.505716227
4811,flo_buff_fence,10.6712,0.511937377
4811,spr,10.6712,0.364463221
4811,spr_fence,10.6712,0.377410705
4811,spr_buff,10.6712,0.385169396
4811,spr_buff_fence,10.6712,0.397130872
4813,flo,11.5233,0
4813,flo_fence,11.5233,0.218469403
4813,flo_buff,11.5233,0.220226669
4813,flo_buff_fence,11.5233,0.222935823
4813,spr,11.5233,0.166976846
4813,spr_fence,11.5233,0.172221706
4813,spr_buff,11.5233,0.175364653
4813,spr_buff_fence,11.5233,0.180210093
4814,flo,10.3475,0
4814,flo_fence,10.3475,0.419101121
4814,flo_buff,10.3475,0.422472175
4814,flo_buff_fence,10.3475,0.427669285
4814,spr,10.3475,0.382335073
4814,spr_fence,10.3475,0.389443474
4814,spr_buff,10.3475,0.393703134
4814,spr_buff_fence,10.3475,0.400270199
4816,flo,6.86618,0
4816,flo_fence,6.86618,1.447725972
4816,flo_buff,6.86618,1.459370804
4816,flo_buff_fence,6.86618,1.477323491
4816,spr,6.86618,1.318655168
4816,spr_fence,6.86618,1.3433086
4816,spr_buff,6.86618,1.358082002
4816,spr_buff_fence,6.86618,1.380857965
4818,flo,3.24098,0
4818,flo_fence,3.24098,0.365684987
4818,flo_buff,3.24098,0.368626386
4818,flo_buff_fence,3.24098,0.373161103
4818,spr,3.24098,0.307498518
4818,spr_fence,3.24098,0.314944087
4818,spr_buff,3.24098,0.319405793
4818,spr_buff_fence,3.24098,0.326284348
4822,flo,7.25814,0
4822,flo_fence,7.25814,0.369834211
4822,flo_buff,7.25814,0.372808985
4822,flo_buff_fence,7.25814,0.377395155
4822,spr,7.25814,0.145590577
4822,spr_fence,7.25814,0.160996671
4822,spr_buff,7.25814,0.170228668
4822,spr_buff_fence,7.25814,0.184461521
4823,flo,15.1317,0
4823,flo_fence,15.1317,1.010901868
4823,flo_buff,15.1317,1.019033091
4823,flo_buff_fence,15.1317,1.031568892
4823,spr,15.1317,0.764432732
4823,spr_fence,15.1317,0.78909236
4823,spr_buff,15.1317,0.803869474
4823,spr_buff_fence,15.1317,0.826651162
4830,flo,4.43109,0
4830,flo_fence,4.43109,0.65991576
4830,flo_buff,4.43109,0.665223814
4830,flo_buff_fence,4.43109,0.673407173
4830,spr,4.43109,0.60377635
4830,spr_fence,4.43109,0.614885779
4830,spr_buff,4.43109,0.621543028
4830,spr_buff_fence,4.43109,0.631806424
4831,flo,8.92089,0
4831,flo_fence,8.92089,0.177770056
4831,flo_buff,8.92089,0.179199955
4831,flo_buff_fence,8.92089,0.181404413
4831,spr,8.92089,0.16462319
4831,spr_fence,8.92089,0.167521779
4831,spr_buff,8.92089,0.169258739
4831,spr_buff_fence,8.92089,0.171936588
4832,flo,10.9837,0
4832,flo_fence,10.9837,0.307188213
4832,flo_buff,10.9837,0.309659091
4832,flo_buff_fence,10.9837,0.313468413
4832,spr,10.9837,0.28188074
4832,spr_fence,10.9837,0.28701284
4832,spr_buff,10.9837,0.290088216
4832,spr_buff_fence,10.9837,0.294829485
4835,flo,2.86667,0
4835,flo_fence,2.86667,0.45476527
4835,flo_buff,2.86667,0.458423189
4835,flo_buff_fence,2.86667,0.464062557
4835,spr,2.86667,0.418974231
4835,spr_fence,2.86667,0.42649212
4835,spr_buff,2.86667,0.430997164
4835,spr_buff_fence,2.86667,0.437942533
4836,flo,6.58246,0
4836,flo_fence,6.58246,0.249049129
4836,flo_buff,6.58246,0.251052364
4836,flo_buff_fence,6.58246,0.254140726
4836,spr,6.58246,0.228482749
4836,spr_fence,6.58246,0.232645854
4836,spr_buff,6.58246,0.235140567
4836,spr_buff_fence,6.58246,0.238986633
4837,flo,6.95311,0
4837,flo_fence,6.95311,0.157971741
4837,flo_buff,6.95311,0.159242392
4837,flo_buff_fence,6.95311,0.161201338
4837,spr,6.95311,0.144860854
4837,spr_fence,6.95311,0.147504635
4837,spr_buff,6.95311,0.149088903
4837,spr_buff_fence,6.95311,0.151531349
4841,flo,2.0542,0
4841,flo_fence,2.0542,5.117906154
4841,flo_buff,2.0542,5.1590722
4841,flo_buff_fence,2.0542,5.222537366
4841,spr,2.0542,4.69931902
4841,spr_fence,2.0542,4.784677195
4841,spr_buff,2.0542,4.8358275
4841,spr_buff_fence,2.0542,4.914685271
4843,flo,3.74448,0
4843,flo_fence,3.74448,0.168514695
4843,flo_buff,3.74448,0.169870149
4843,flo_buff_fence,3.74448,0.171959834
4843,spr,3.74448,0.137385876
4843,spr_fence,3.74448,0.141022431
4843,spr_buff,3.74448,0.143201612
4843,spr_buff_fence,3.74448,0.146561228
4847,flo,5.18231,0
4847,flo_fence,5.18231,0.00046225
4847,flo_buff,5.18231,0.000465968
4847,flo_buff_fence,5.18231,0.000471701
4847,spr,5.18231,0.000472536
4847,spr_fence,5.18231,0.000477955
4847,spr_buff,5.18231,0.000481203
4847,spr_buff_fence,5.18231,0.00048621
4848,flo,3.47926,0
4848,flo_fence,3.47926,1.383706977
4848,flo_buff,3.47926,1.39483687
4848,flo_buff_fence,3.47926,1.411995683
4848,spr,3.47926,1.190662678
4848,spr_fence,3.47926,1.217544072
4848,spr_buff,3.47926,1.233652563
4848,spr_buff_fence,3.47926,1.258486819
4850,flo,5.39087,0
4850,flo_fence,5.39087,0.31397
4850,flo_buff,5.39087,0.316495428
4850,flo_buff_fence,5.39087,0.320388848
4850,spr,5.39087,0.274801431
4850,spr_fence,5.39087,0.280680279
4850,spr_buff,5.39087,0.284203139
4850,spr_buff_fence,5.39087,0.289634287
4851,flo,3.946,0
4851,flo_fence,3.946,1.053415903
4851,flo_buff,3.946,1.061889089
4851,flo_buff_fence,3.946,1.07495209
4851,spr,3.946,0.904974036
4851,spr_fence,3.946,0.925509182
4851,spr_buff,3.946,0.937814729
4851,spr_buff_fence,3.946,0.956786033
4852,flo,3.01268,0
4852,flo_fence,3.01268,1.291364375
4852,flo_buff,3.01268,1.301751506
4852,flo_buff_fence,3.01268,1.317765214
4852,spr,3.01268,1.117828091
4852,spr_fence,3.01268,1.142600057
4852,spr_buff,3.01268,1.157444488
4852,spr_buff_fence,3.01268,1.180329959
4853,flo,14.8283,0
4853,flo_fence,14.8283,0.174870473
4853,flo_buff,14.8283,0.176277049
4853,flo_buff_fence,14.8283,0.17844555
4853,spr,14.8283,0.148770915
4853,spr_fence,14.8283,0.152249231
4853,spr_buff,14.8283,0.154333589
4853,spr_buff_fence,14.8283,0.157547016
4854,flo,4.94062,0
4854,flo_fence,4.94062,0.000462016
4854,flo_buff,4.94062,0.000465732
4854,flo_buff_fence,4.94062,0.000471461
4854,spr,4.94062,0.000472297
4854,spr_fence,4.94062,0.000477714
4854,spr_buff,4.94062,0.000480959
4854,spr_buff_fence,4.94062,0.000485964
4856,flo,3.99381,0
4856,flo_fence,3.99381,0.000461633
4856,flo_buff,3.99381,0.000465346
4856,flo_buff_fence,3.99381,0.000471071
4856,spr,3.99381,0.000471906
4856,spr_fence,3.99381,0.000477318
4856,spr_buff,3.99381,0.000480561
4856,spr_buff_fence,3.99381,0.000485561
4857,flo,2.04914,0
4857,flo_fence,2.04914,0.659338675
4857,flo_buff,2.04914,0.664642086
4857,flo_buff_fence,2.04914,0.672818289
4857,spr,2.04914,0.604313743
4857,spr_fence,2.04914,0.615362725
4857,spr_buff,2.04914,0.621983751
4857,spr_buff_fence,2.04914,0.632191303
4858,flo,3.57798,0
4858,flo_fence,3.57798,0.334616776
4858,flo_buff,3.57798,0.337308277
4858,flo_buff_fence,3.57798,0.341457729
4858,spr,3.57798,0.305170926
4858,spr_fence,3.57798,0.310850729
4858,spr_buff,3.57798,0.314254311
4858,spr_buff_fence,3.57798,0.319501572
4859,flo,4.33175,0
4859,flo_fence,4.33175,0.30522582
4859,flo_buff,4.33175,0.307680914
4859,flo_buff_fence,4.33175,0.311465901
4859,spr,4.33175,0.280249303
4859,spr_fence,4.33175,0.285340557
4859,spr_buff,4.33175,0.288391457
4859,spr_buff_fence,4.33175,0.293094989
4860,flo,5.44832,0
4860,flo_fence,5.44832,0.575996471
4860,flo_buff,5.44832,0.580629517
4860,flo_buff_fence,5.44832,0.587772226
4860,spr,5.44832,0.520768509
4860,spr_fence,5.44832,0.530761742
4860,spr_buff,5.44832,0.536750119
4860,spr_buff_fence,5.44832,0.545982322
4861,flo,13.7168,0
4861,flo_fence,13.7168,0.262519678
4861,flo_buff,13.7168,0.264631263
4861,flo_buff_fence,13.7168,0.267886668
4861,spr,13.7168,0.241423236
4861,spr_fence,13.7168,0.245783784
4861,spr_buff,13.7168,0.248396813
4861,spr_buff_fence,13.7168,0.252425287
4864,flo,22.4272,0
4864,flo_fence,22.4272,0.229751062
4864,flo_buff,22.4272,0.231599072
4864,flo_buff_fence,22.4272,0.234448125
4864,spr,22.4272,0.21415144
4864,spr_fence,22.4272,0.217831333
4864,spr_buff,22.4272,0.220036484
4864,spr_buff_fence,22.4272,0.223436137
4870,flo,13.6396,0
4870,flo_fence,13.6396,0.936265241
4870,flo_buff,13.6396,0.943796121
4870,flo_buff_fence,13.6396,0.955406383
4870,spr,13.6396,0.64873703
4870,spr_fence,13.6396,0.674397725
4870,spr_buff,13.6396,0.689774721
4870,spr_buff_fence,13.6396,0.71348124
4871,flo,1.32593,0
4871,flo_fence,1.32593,0.665708815
4871,flo_buff,1.32593,0.671063466
4871,flo_buff_fence,1.32593,0.679318662
4871,spr,1.32593,0.54808954
4871,spr_fence,1.32593,0.562200638
4871,spr_buff,1.32593,0.570656616
4871,spr_buff_fence,1.32593,0.583693092
4874,flo,2.59035,0
4874,flo_fence,2.59035,0.470052026
4874,flo_buff,2.59035,0.473832905
4874,flo_buff_fence,2.59035,0.479661837
4874,spr,2.59035,0.406910247
4874,spr_fence,2.59035,0.415925973
4874,spr_buff,2.59035,0.421328585
4874,spr_buff_fence,2.59035,0.429657724
4876,flo,6.84189,0
4876,flo_fence,6.84189,0.264133874
4876,flo_buff,6.84189,0.266258444
4876,flo_buff_fence,6.84189,0.269533865
4876,spr,6.84189,0.228604694
4876,spr_fence,6.84189,0.233673151
4876,spr_buff,6.84189,0.23671039
4876,spr_buff_fence,6.84189,0.241392862
4878,flo,2.70118,0
4878,flo_fence,2.70118,0.400275352
4878,flo_buff,2.70118,0.40349498
4878,flo_buff_fence,2.70118,0.408458639
4878,spr,2.70118,0.345862789
4878,spr_fence,2.70118,0.353570838
4878,spr_buff,2.70118,0.358189834
4878,spr_buff_fence,2.70118,0.365310881
4879,flo,3.27758,0
4879,flo_fence,3.27758,0.00046302
4879,flo_buff,3.27758,0.000466745
4879,flo_buff_fence,3.27758,0.000472486
4879,spr,3.27758,0.000473324
4879,spr_fence,3.27758,0.000478752
4879,spr_buff,3.27758,0.000482005
4879,spr_buff_fence,3.27758,0.00048702
4880,flo,3.98294,0
4880,flo_fence,3.98294,0.395339341
4880,flo_buff,3.98294,0.398519266
4880,flo_buff_fence,3.98294,0.403421716
4880,spr,3.98294,0.344365702
4880,spr_fence,3.98294,0.351846893
4880,spr_buff,3.98294,0.356329945
4880,spr_buff_fence,3.98294,0.36324141
4882,flo,7.61464,0
4882,flo_fence,7.61464,0.239145784
4882,flo_buff,7.61464,0.241069361
4882,flo_buff_fence,7.61464,0.244034915
4882,spr,7.61464,0.205631736
4882,spr_fence,7.61464,0.210284796
4882,spr_buff,7.61464,0.21307311
4882,spr_buff_fence,7.61464,0.217371819
4883,flo,3.37229,0
4883,flo_fence,3.37229,0.993402999
4883,flo_buff,3.37229,1.001393469
4883,flo_buff_fence,3.37229,1.013712273
4883,spr,3.37229,0.814389612
4883,spr_fence,3.37229,0.835613362
4883,spr_buff,3.37229,0.84833155
4883,spr_buff_fence,3.37229,0.867939017
4884,flo,5.42455,0
4884,flo_fence,5.42455,4.381161293
4884,flo_buff,5.42455,4.416401308
4884,flo_buff_fence,5.42455,4.470730387
4884,spr,5.42455,3.798581419
4884,spr_fence,5.42455,3.882330493
4884,spr_buff,5.42455,3.932516555
4884,spr_buff_fence,5.42455,4.009887766
4885,flo,2.80509,0
4885,flo_fence,2.80509,0.377547181
4885,flo_buff,2.80509,0.380583994
4885,flo_buff_fence,2.80509,0.38526581
4885,spr,2.80509,0.348662587
4885,spr_fence,2.80509,0.35486447
4885,spr_buff,2.80509,0.358580906
4885,spr_buff_fence,2.80509,0.364310488
4887,flo,4.04377,0
4887,flo_fence,4.04377,0.659951439
4887,flo_buff,4.04377,0.66525978
4887,flo_buff_fence,4.04377,0.673443581
4887,spr,4.04377,0.601945314
4887,spr_fence,4.04377,0.61314409
4887,spr_buff,4.04377,0.61985488
4887,spr_buff_fence,4.04377,0.63020082
4888,flo,2.10844,0
4888,flo_fence,2.10844,1.262745244
4888,flo_buff,2.10844,1.272902177
4888,flo_buff_fence,2.10844,1.28856099
4888,spr,2.10844,1.06224067
4888,spr_fence,2.10844,1.087930983
4888,spr_buff,2.10844,1.103325729
4888,spr_buff_fence,2.10844,1.127059611
4889,flo,3.18533,0
4889,flo_fence,3.18533,1.475493451
4889,flo_buff,3.18533,1.487361631
4889,flo_buff_fence,3.18533,1.505658652
4889,spr,3.18533,1.116945725
4889,spr_fence,3.18533,1.152881599
4889,spr_buff,3.18533,1.174415926
4889,spr_buff_fence,3.18533,1.207615124
4895,flo,4.39135,0
4895,flo_fence,4.39135,1.80918366
4895,flo_buff,4.39135,1.823735887
4895,flo_buff_fence,4.39135,1.846170871
4895,spr,4.39135,1.161797684
4895,spr_fence,4.39135,1.215753535
4895,spr_buff,4.39135,1.248086211
4895,spr_buff_fence,4.39135,1.297933084
4896,flo,4.04837,0
4896,flo_fence,4.04837,2.022202082
4896,flo_buff,4.04837,2.03846773
4896,flo_buff_fence,4.04837,2.063544273
4896,spr,4.04837,1.452898483
4896,spr_fence,4.04837,1.505859275
4896,spr_buff,4.04837,1.537595669
4896,spr_buff_fence,4.04837,1.586523262
4897,flo,2.21228,0
4897,flo_fence,2.21228,2.114386631
4897,flo_buff,2.21228,2.131393769
4897,flo_buff_fence,2.21228,2.157613456
4897,spr,2.21228,1.571195442
4897,spr_fence,2.21228,1.624091241
4897,spr_buff,2.21228,1.655788687
4897,spr_buff_fence,2.21228,1.704656236
4898,flo,1.91341,0
4898,flo_fence,1.91341,0.000465342
4898,flo_buff,1.91341,0.000469138
4898,flo_buff_fence,1.91341,0.000475158
4898,spr,1.91341,0.000475946
4898,spr_fence,1.91341,0.000481393
4898,spr_buff,1.91341,0.000484642
4898,spr_buff_fence,1.91341,0.000489565
4899,flo,2.46247,0
4899,flo_fence,2.46247,1.696281236
4899,flo_buff,2.46247,1.709925329
4899,flo_buff_fence,2.46247,1.730960254
4899,spr,2.46247,1.43311304
4899,spr_fence,2.46247,1.467329502
4899,spr_buff,2.46247,1.487833484
4899,spr_buff_fence,2.46247,1.519444211
4901,flo,6.58105,0
4901,flo_fence,6.58105,0.365133661
4901,flo_buff,6.58105,0.368070625
4901,flo_buff_fence,6.58105,0.372598506
4901,spr,6.58105,0.272489318
4901,spr_fence,6.58105,0.28156869
4901,spr_buff,6.58105,0.287009441
4901,spr_buff_fence,6.58105,0.295397378
4902,flo,7.52128,0
4902,flo_fence,7.52128,1.033243658
4902,flo_buff,7.52128,1.041554587
4902,flo_buff_fence,7.52128,1.05436744
4902,spr,7.52128,0.817286831
4902,spr_fence,7.52128,0.840779102
4902,spr_buff,7.52128,0.854856685
4902,spr_buff_fence,7.52128,0.876559914
4903,flo,4.31191,0
4903,flo_fence,4.31191,1.266167148
4903,flo_buff,4.31191,1.276351605
4903,flo_buff_fence,4.31191,1.292052852
4903,spr,4.31191,0.979034866
4903,spr_fence,4.31191,1.008894053
4903,spr_buff,4.31191,1.026786967
4903,spr_buff_fence,4.31191,1.054372245
4904,flo,2.8723,0
4904,flo_fence,2.8723,3.539366134
4904,flo_buff,2.8723,3.567835142
4904,flo_buff_fence,2.8723,3.611725446
4904,spr,2.8723,2.767209591
4904,spr_fence,2.8723,2.849224922
4904,spr_buff,2.8723,2.89837205
4904,spr_buff_fence,2.8723,2.97414155
4905,flo,21.7597,0
4905,flo_fence,21.7597,0.322279783
4905,flo_buff,21.7597,0.324872051
4905,flo_buff_fence,21.7597,0.328868517
4905,spr,21.7597,0.23289533
4905,spr_fence,21.7597,0.24127164
4905,spr_buff,21.7597,0.246291087
4905,spr_buff_fence,21.7597,0.254029504
4906,flo,14.6794,0
4906,flo_fence,14.6794,0.924996188
4906,flo_buff,14.6794,0.932436426
4906,flo_buff_fence,14.6794,0.943906944
4906,spr,14.6794,0.719442973
4906,spr_fence,14.6794,0.741056037
4906,spr_buff,14.6794,0.754007518
4906,spr_buff_fence,14.6794,0.773974651
4907,flo,16.1913,0
4907,flo_fence,16.1913,0.548871703
4907,flo_buff,16.1913,0.553286571
4907,flo_buff_fence,16.1913,0.560092916
4907,spr,16.1913,0.411439523
4907,spr_fence,16.1913,0.425000489
4907,spr_buff,16.1913,0.433126805
4907,spr_buff_fence,16.1913,0.445655044
4908,flo,7.08388,0
4908,flo_fence,7.08388,1.476848884
4908,flo_buff,7.08388,1.488727966
4908,flo_buff_fence,7.08388,1.507041796
4908,spr,7.08388,1.106281988
4908,spr_fence,7.08388,1.142807531
4908,spr_buff,7.08388,1.164695213
4908,spr_buff_fence,7.08388,1.198439174
4909,flo,17.3613,0
4909,flo_fence,17.3613,0.564802812
4909,flo_buff,17.3613,0.569345822
4909,flo_buff_fence,17.3613,0.576349722
4909,spr,17.3613,0.416084112
4909,spr_fence,17.3613,0.430386189
4909,spr_buff,17.3613,0.438956611
4909,spr_buff_fence,17.3613,0.452169522
4912,flo,9.47371,0
4912,flo_fence,9.47371,0.290942934
4912,flo_buff,9.47371,0.293283143
4912,flo_buff_fence,9.47371,0.296891014
4912,spr,9.47371,0.217218574
4912,spr_fence,9.47371,0.224448567
4912,spr_buff,9.47371,0.228781091
4912,spr_buff_fence,9.47371,0.235460487
4913,flo,18.6107,0
4913,flo_fence,18.6107,1.641987626
4913,flo_buff,18.6107,1.655195007
4913,flo_buff_fence,18.6107,1.675556658
4913,spr,18.6107,1.540679086
4913,spr_fence,18.6107,1.566493876
4913,spr_buff,18.6107,1.581963213
4913,spr_buff_fence,18.6107,1.605812092
4914,flo,5.23252,0
4914,flo_fence,5.23252,1.686011203
4914,flo_buff,5.23252,1.69957269
4914,flo_buff_fence,5.23252,1.72048026
4914,spr,5.23252,1.496189221
4914,spr_fence,5.23252,1.526781718
4914,spr_buff,5.23252,1.545114063
4914,spr_buff_fence,5.23252,1.573376806
4916,flo,2.94754,0
4916,flo_fence,2.94754,2.205988864
4916,flo_buff,2.94754,2.223732808
4916,flo_buff_fence,2.94754,2.251088419
4916,spr,2.94754,1.496522342
4916,spr_fence,2.94754,1.558507023
4916,spr_buff,2.94754,1.595650921
4916,spr_buff_fence,2.94754,1.652915193
4917,flo,4.36862,0
4917,flo_fence,4.36862,0.493464138
4917,flo_buff,4.36862,0.497433333
4917,flo_buff_fence,4.36862,0.50355259
4917,spr,4.36862,0.28348005
4917,spr_fence,4.36862,0.299787559
4917,spr_buff,4.36862,0.309559722
4917,spr_buff_fence,4.36862,0.324625342
4919,flo,2.44688,0
4919,flo_fence,2.44688,0.000461316
4919,flo_buff,2.44688,0.000465026
4919,flo_buff_fence,2.44688,0.000470747
4919,spr,2.44688,0.000471581
4919,spr_fence,2.44688,0.000476989
4919,spr_buff,2.44688,0.00048023
4919,spr_buff_fence,2.44688,0.000485227
4920,flo,2.17237,0
4920,flo_fence,2.17237,0.650353591
4920,flo_buff,2.17237,0.655584731
4920,flo_buff_fence,2.17237,0.663649513
4920,spr,2.17237,0.518485708
4920,spr_fence,2.17237,0.533079015
4920,spr_buff,2.17237,0.541823955
4920,spr_buff_fence,2.17237,0.555305917
4921,flo,3.15746,0
4921,flo_fence,3.15746,0.328157647
4921,flo_buff,3.15746,0.330797193
4921,flo_buff_fence,3.15746,0.334866549
4921,spr,3.15746,0.25830206
4921,spr_fence,3.15746,0.265823564
4921,spr_buff,3.15746,0.270330775
4921,spr_buff_fence,3.15746,0.277279484
4923,flo,3.57591,0
4923,flo_fence,3.57591,0.657864057
4923,flo_buff,3.57591,0.663155608
4923,flo_buff_fence,3.57591,0.671313525
4923,spr,3.57591,0.551110301
4923,spr_fence,3.57591,0.564603709
4923,spr_buff,3.57591,0.572689541
4923,spr_buff_fence,3.57591,0.585155366
4924,flo,5.54284,0
4924,flo_fence,5.54284,0.271953578
4924,flo_buff,5.54284,0.274141046
4924,flo_buff_fence,5.54284,0.277513436
4924,spr,5.54284,0.249335873
4924,spr_fence,5.54284,0.253889462
4924,spr_buff,5.54284,0.25661817
4924,spr_buff_fence,5.54284,0.260824983
4929,flo,6.31677,0
4929,flo_fence,6.31677,0.620814357
4929,flo_buff,6.31677,0.625807897
4929,flo_buff_fence,6.31677,0.633506375
4929,spr,6.31677,0.533630025
4929,spr_fence,6.31677,0.545717926
4929,spr_buff,6.31677,0.552961517
4929,spr_buff_fence,6.31677,0.56412887
4931,flo,3.31462,0
4931,flo_fence,3.31462,0.577161698
4931,flo_buff,3.31462,0.581804117
4931,flo_buff_fence,3.31462,0.588961276
4931,spr,3.31462,0.503540929
4931,spr_fence,3.31462,0.514424906
4931,spr_buff,3.31462,0.520947054
4931,spr_buff_fence,3.31462,0.531002168
4932,flo,1.09795,0
4932,flo_fence,1.09795,2.061476234
4932,flo_buff,1.09795,2.078057785
4932,flo_buff_fence,1.09795,2.103621352
4932,spr,1.09795,1.804006529
4932,spr_fence,1.09795,1.842620154
4932,spr_buff,1.09795,1.865759107
4932,spr_buff_fence,1.09795,1.901432134
4933,flo,3.38121,0
4933,flo_fence,3.38121,2.581067121
4933,flo_buff,3.38121,2.601828019
4933,flo_buff_fence,3.38121,2.633834829
4933,spr,3.38121,2.22967683
4933,spr_fence,3.38121,2.279405126
4933,spr_buff,3.38121,2.309204468
4933,spr_buff_fence,3.38121,2.355145734
4934,flo,2.37109,0
4934,flo_fence,2.37109,1.469626843
4934,flo_buff,2.37109,1.481447834
4934,flo_buff_fence,2.37109,1.499672106
4934,spr,2.37109,1.273216519
4934,spr_fence,2.37109,1.301356567
4934,spr_buff,2.37109,1.3182193
4934,spr_buff_fence,2.37109,1.344216358
4935,flo,2.9812,0
4935,flo_fence,2.9812,0.373991797
4935,flo_buff,2.9812,0.377000012
4935,flo_buff_fence,2.9812,0.38163774
4935,spr,2.9812,0.32634048
4935,spr_fence,2.9812,0.333390565
4935,spr_buff,2.9812,0.337615281
4935,spr_buff_fence,2.9812,0.344128471
4936,flo,3.60741,0
4936,flo_fence,3.60741,2.056764399
4936,flo_buff,3.60741,2.073308051
4936,flo_buff_fence,3.60741,2.098813187
4936,spr,3.60741,1.767706012
4936,spr_fence,3.60741,1.807763626
4936,spr_buff,3.60741,1.831767879
4936,spr_buff_fence,3.60741,1.868774928
4938,flo,8.84275,0
4938,flo_fence,8.84275,0.705400818
4938,flo_buff,8.84275,0.711074733
4938,flo_buff_fence,8.84275,0.719822134
4938,spr,8.84275,0.640939711
4938,spr_fence,8.84275,0.653026876
4938,spr_buff,8.84275,0.660270026
4938,spr_buff_fence,8.84275,0.6714367
4939,flo,5.28419,0
4939,flo_fence,5.28419,0.713841628
4939,flo_buff,5.28419,0.719583437
4939,flo_buff_fence,5.28419,0.72843551
4939,spr,5.28419,0.659903893
4939,spr_fence,5.28419,0.671597849
4939,spr_buff,5.28419,0.678605373
4939,spr_buff_fence,5.28419,0.689408782
4940,flo,10.6698,0
4940,flo_fence,10.6698,0.259976053
4940,flo_buff,10.6698,0.262067179
4940,flo_buff_fence,10.6698,0.265291041
4940,spr,10.6698,0.235182597
4940,spr_fence,10.6698,0.239686677
4940,spr_buff,10.6698,0.242385716
4940,spr_buff_fence,10.6698,0.246546791
4941,flo,8.67576,0
4941,flo_fence,8.67576,0.41182485
4941,flo_buff,8.67576,0.415137377
4941,flo_buff_fence,8.67576,0.420244257
4941,spr,8.67576,0.346948026
4941,spr_fence,8.67576,0.355302018
4941,spr_buff,8.67576,0.360308091
4941,spr_buff_fence,8.67576,0.368025889
4942,flo,5.56651,0
4942,flo_fence,5.56651,0.754304941
4942,flo_buff,5.56651,0.760372218
4942,flo_buff_fence,5.56651,0.76972606
4942,spr,5.56651,0.632765628
4942,spr_fence,5.56651,0.648195975
4942,spr_buff,5.56651,0.657442505
4942,spr_buff_fence,5.56651,0.671697762
4945,flo,20.5556,0
4945,flo_fence,20.5556,0.172758462
4945,flo_buff,20.5556,0.174148051
4945,flo_buff_fence,20.5556,0.176290361
4945,spr,20.5556,0.145045578
4945,spr_fence,20.5556,0.148573721
4945,spr_buff,20.5556,0.150687936
4945,spr_buff_fence,20.5556,0.153947395
4946,flo,8.46283,0
4946,flo_fence,8.46283,0.484110962
4946,flo_buff,8.46283,0.488004924
4946,flo_buff_fence,8.46283,0.494008196
4946,spr,8.46283,0.450093444
4946,spr_fence,8.46283,0.457902024
4946,spr_buff,8.46283,0.462581263
4946,spr_buff_fence,8.46283,0.469795185
4947,flo,3.9071,0
4947,flo_fence,3.9071,0.000462249
4947,flo_buff,3.9071,0.000465967
4947,flo_buff_fence,3.9071,0.000471699
4947,spr,3.9071,0.000472535
4947,spr_fence,3.9071,0.000477954
4947,spr_buff,3.9071,0.000481202
4947,spr_buff_fence,3.9071,0.000486208
4948,flo,9.42975,0
4948,flo_fence,9.42975,1.792701049
4948,flo_buff,9.42975,1.807120698
4948,flo_buff_fence,9.42975,1.829351287
4948,spr,9.42975,1.603025364
4948,spr_fence,9.42975,1.634974779
4948,spr_buff,9.42975,1.654120248
4948,spr_buff_fence,9.42975,1.683636573
4949,flo,3.67324,0
4949,flo_fence,3.67324,5.63675081
4949,flo_buff,3.67324,5.6820902
4949,flo_buff_fence,3.67324,5.751989357
4949,spr,3.67324,5.265058346
4949,spr_fence,3.67324,5.354816163
4949,spr_buff,3.67324,5.408602923
4949,spr_buff_fence,3.67324,5.491525284
4950,flo,3.09289,0
4950,flo_fence,3.09289,1.02305107
4950,flo_buff,3.09289,1.031280015
4950,flo_buff_fence,3.09289,1.043966474
4950,spr,3.09289,0.821712026
4950,spr_fence,3.09289,0.844377913
4950,spr_buff,3.09289,0.857960291
4950,spr_buff_fence,3.09289,0.878900071
4951,flo,2.0307,0
4951,flo_fence,2.0307,1.12076716
4951,flo_buff,2.0307,1.129782087
4951,flo_buff_fence,2.0307,1.143680285
4951,spr,2.0307,0.936701653
4951,spr_fence,2.0307,0.959794158
4951,spr_buff,2.0307,0.973632184
4951,spr_buff_fence,2.0307,0.994966092
4952,flo,3.34397,0
4952,flo_fence,3.34397,1.455029738
4952,flo_buff,3.34397,1.466733317
4952,flo_buff_fence,3.34397,1.484776576
4952,spr,3.34397,1.203511979
4952,spr_fence,3.34397,1.234089587
4952,spr_buff,3.34397,1.252413011
4952,spr_buff_fence,3.34397,1.280661998
4953,flo,4.04654,0
4953,flo_fence,4.04654,1.221872159
4953,flo_buff,4.04654,1.231700328
4953,flo_buff_fence,4.04654,1.24685229
4953,spr,4.04654,1.030682428
4953,spr_fence,4.04654,1.055406671
4953,spr_buff,4.04654,1.070222505
4953,spr_buff_fence,4.04654,1.093063887
4954,flo,2.6051,0
4954,flo_fence,2.6051,3.017286325
4954,flo_buff,2.6051,3.041555966
4954,flo_buff_fence,2.6051,3.078972161
4954,spr,2.6051,2.551806132
4954,spr_fence,2.6051,2.612543748
4954,spr_buff,2.6051,2.648940351
4954,spr_buff_fence,2.6051,2.705052528
4958,flo,4.68904,0
4958,flo_fence,4.68904,1.687505328
4958,flo_buff,4.68904,1.701078832
4958,flo_buff_fence,4.68904,1.72200493
4958,spr,4.68904,1.43852799
4958,spr_fence,4.68904,1.471956509
4958,spr_buff,4.68904,1.491988321
4958,spr_buff_fence,4.68904,1.52287111
4960,flo,10.1207,0
4960,flo_fence,10.1207,0.104971337
4960,flo_buff,10.1207,0.105815678
4960,flo_buff_fence,10.1207,0.107117386
4960,spr,10.1207,0.096743245
4960,spr_fence,10.1207,0.098476975
4960,spr_buff,10.1207,0.0995159
4960,spr_buff_fence,10.1207,0.101117599
4962,flo,4.71701,0
4962,flo_fence,4.71701,0.000462647
4962,flo_buff,4.71701,0.000466369
4962,flo_buff_fence,4.71701,0.000472106
4962,spr,4.71701,0.000472942
4962,spr_fence,4.71701,0.000478366
4962,spr_buff,4.71701,0.000481617
4962,spr_buff_fence,4.71701,0.000486628
4963,flo,7.33346,0
4963,flo_fence,7.33346,0.000461766
4963,flo_buff,7.33346,0.00046548
4963,flo_buff_fence,7.33346,0.000471206
4963,spr,7.33346,0.000472041
4963,spr_fence,7.33346,0.000477455
4963,spr_buff,7.33346,0.000480699
4963,spr_buff_fence,7.33346,0.000485701
4964,flo,10.7112,0
4964,flo_fence,10.7112,0.352573178
4964,flo_buff,10.7112,0.355409112
4964,flo_buff_fence,10.7112,0.359781235
4964,spr,10.7112,0.297840481
4964,spr_fence,10.7112,0.304953967
4964,spr_buff,10.7112,0.309216675
4964,spr_buff_fence,10.7112,0.315788438
4965,flo,6.09826,0
4965,flo_fence,6.09826,0.533394355
4965,flo_buff,6.09826,0.53768473
4965,flo_buff_fence,6.09826,0.544299146
4965,spr,6.09826,0.450607084
4965,spr_fence,6.09826,0.461368055
4965,spr_buff,6.09826,0.467816494
4965,spr_buff_fence,6.09826,0.477757969
4966,flo,7.03103,0
4966,flo_fence,7.03103,0.979374174
4966,flo_buff,7.03103,0.987251802
4966,flo_buff_fence,7.03103,0.999396641
4966,spr,7.03103,0.811051484
4966,spr_fence,7.03103,0.831586814
4966,spr_buff,7.03103,0.84389247
4966,spr_buff_fence,7.03103,0.862863944
4967,flo,7.42701,0
4967,flo_fence,7.42701,0.748909412
4967,flo_buff,7.42701,0.754933289
4967,flo_buff_fence,7.42701,0.764220224
4967,spr,7.42701,0.576005079
4967,spr_fence,7.42701,0.593812404
4967,spr_buff,7.42701,0.604483323
4967,spr_buff_fence,7.42701,0.620934542