fieldID,treatment,area,sed_up_norm
4686,flo,3.61749,0
4686,flo_fence,3.61749,3.601728498
4686,flo_buff,3.61749,3.592431315
4686,flo_buff_fence,3.61749,3.638917228
4686,spr,3.61749,2.717260452
4686,spr_fence,3.61749,2.805421167
4686,spr_buff,3.61749,2.788467184
4686,spr_buff_fence,3.61749,2.873237102
4687,flo,4.41631,0
4687,flo_fence,4.41631,1.099059502
4687,flo_buff,4.41631,1.096222487
4687,flo_buff_fence,4.41631,1.11040756
4687,spr,4.41631,0.803770004
4687,spr_fence,4.41631,0.831881386
4687,spr_buff,4.41631,0.826475351
4687,spr_buff_fence,4.41631,-0.377221764
4688,flo,5.28404,0
4688,flo_fence,5.28404,0.545724035
4688,flo_buff,5.28404,0.544315351
4688,flo_buff_fence,5.28404,0.551358769
4688,spr,5.28404,0.40614982
4688,spr_fence,5.28404,0.41977255
4688,spr_buff,5.28404,0.417152794
4688,spr_buff_fence,5.28404,0.430251572
4689,flo,1.74645,0
4689,flo_fence,1.74645,1.407706878
4689,flo_buff,1.74645,1.404073149
4689,flo_buff_fence,1.74645,1.422241797
4689,spr,1.74645,1.077249235
4689,spr_fence,1.74645,1.110980927
4689,spr_buff,1.74645,1.104494063
4689,spr_buff_fence,1.74645,1.136928382
4690,flo,1.80744,0
4690,flo_fence,1.80744,2.549096265
4690,flo_buff,1.80744,2.542516254
4690,flo_buff_fence,1.80744,2.575416309
4690,spr,1.80744,1.918445056
4690,spr_fence,1.80744,1.981062787
4690,spr_buff,1.80744,1.969020916
4690,spr_buff_fence,1.80744,2.029230272
4691,flo,6.92225,0
4691,flo_fence,6.92225,0.580827211
4691,flo_buff,6.92225,0.579327915
4691,flo_buff_fence,6.92225,0.586824395
4691,spr,6.92225,0.431917197
4691,spr_fence,6.92225,0.446433234
4691,spr_buff,6.92225,0.443641689
4691,spr_buff_fence,6.92225,0.457599417
4692,flo,3.04228,0
4692,flo_fence,3.04228,0.750768979
4692,flo_buff,3.04228,0.74883101
4692,flo_buff_fence,3.04228,0.758520853
4692,spr,3.04228,0.567495392
4692,spr_fence,3.04228,0.585820264
4692,spr_buff,3.04228,0.58229625
4692,spr_buff_fence,3.04228,0.599916319
4693,flo,7.93906,0
4693,flo_fence,7.93906,1.000727338
4693,flo_buff,7.93906,0.998144149
4693,flo_buff_fence,7.93906,1.011060093
4693,spr,7.93906,0.822455181
4693,spr_fence,7.93906,0.843737266
4693,spr_buff,7.93906,0.839644558
4693,spr_buff_fence,7.93906,0.860108101
4694,flo,4.79263,0
4694,flo_fence,4.79263,2.261033377
4694,flo_buff,4.79263,2.255196946
4694,flo_buff_fence,4.79263,2.284379101
4694,spr,4.79263,1.82657221
4694,spr_fence,4.79263,1.876165067
4694,spr_buff,4.79263,1.866627979
4694,spr_buff_fence,4.79263,1.914313418
4695,flo,31.9828,0
4695,flo_fence,31.9828,0.206072841
4695,flo_buff,31.9828,0.205540903
4695,flo_buff_fence,31.9828,0.208200594
4695,spr,31.9828,0.168306964
4695,spr_fence,31.9828,0.1727397
4695,spr_buff,31.9828,0.17188725
4695,spr_buff_fence,31.9828,0.176149496
4696,flo,3.55715,0
4696,flo_fence,3.55715,2.427787154
4696,flo_buff,3.55715,2.421520279
4696,flo_buff_fence,3.55715,2.452854652
4696,spr,3.55715,2.007050116
4696,spr_fence,3.55715,0.880380994
4696,spr_buff,3.55715,2.048299807
4696,spr_buff_fence,3.55715,2.097406583
4697,flo,10.1446,0
4697,flo_fence,10.1446,7.220843685
4697,flo_buff,10.1446,7.202204439
4697,flo_buff_fence,10.1446,7.295400666
4697,spr,10.1446,5.871972412
4697,spr_fence,10.1446,6.028513021
4697,spr_buff,10.1446,5.998409059
4697,spr_buff_fence,10.1446,6.148928875
4698,flo,1.99847,0
4698,flo_fence,1.99847,2.648754125
4698,flo_buff,1.99847,2.641916866
4698,flo_buff_fence,1.99847,2.676103161
4698,spr,1.99847,2.231016695
4698,spr_fence,1.99847,2.284769665
4698,spr_buff,1.99847,2.274432555
4698,spr_buff_fence,1.99847,2.326118103
4699,flo,2.49312,0
4699,flo_fence,2.49312,17.42004668
4699,flo_buff,2.49312,17.37508012
4699,flo_buff_fence,2.49312,17.59991294
4699,spr,2.49312,14.4721452
4699,spr_fence,2.49312,14.83521301
4699,spr_buff,2.49312,14.76539228
4699,spr_buff_fence,2.49312,15.11449595
4700,flo,17.4679,0
4700,flo_fence,17.4679,0.500769704
4700,flo_buff,17.4679,0.499477062
4700,flo_buff_fence,17.4679,0.505940274
4700,spr,17.4679,0.407776781
4700,spr_fence,17.4679,0.418606673
4700,spr_buff,17.4679,0.416524001
4700,spr_buff_fence,17.4679,0.42693736
4702,flo,35.5522,0
4702,flo_fence,35.5522,0.263546906
4702,flo_buff,35.5522,0.262866609
4702,flo_buff_fence,35.5522,0.266268092
4702,spr,35.5522,0.232296081
4702,spr_fence,35.5522,0.237153303
4702,spr_buff,35.5522,0.236219222
4702,spr_buff_fence,35.5522,0.240889628
4703,flo,17.5318,0
4703,flo_fence,17.5318,0.325728675
4703,flo_buff,17.5318,0.324887868
4703,flo_buff_fence,17.5318,0.329091904
4703,spr,17.5318,0.28827642
4703,spr_fence,17.5318,0.294223858
4703,spr_buff,17.5318,0.29308012
4703,spr_buff_fence,17.5318,0.29879881
4704,flo,7.27069,0
4704,flo_fence,7.27069,0.812187566
4704,flo_buff,7.27069,0.810091057
4704,flo_buff_fence,7.27069,0.820573601
4704,spr,7.27069,0.721533828
4704,spr_fence,7.27069,0.736233384
4704,spr_buff,7.27069,0.733406546
4704,spr_buff_fence,7.27069,0.747540734
4705,flo,5.56142,0
4705,flo_fence,5.56142,0.849684061
4705,flo_buff,5.56142,0.847490762
4705,flo_buff_fence,5.56142,0.858457258
4705,spr,5.56142,0.749744324
4705,spr_fence,5.56142,0.765365412
4705,spr_buff,5.56142,0.762361356
4705,spr_buff_fence,5.56142,0.777381633
4706,flo,19.9265,0
4706,flo_fence,19.9265,0.389061888
4706,flo_buff,19.9265,0.388057599
4706,flo_buff_fence,19.9265,0.393079048
4706,spr,19.9265,0.343649179
4706,spr_fence,19.9265,0.350785315
4706,spr_buff,19.9265,0.349412981
4706,spr_buff_fence,19.9265,0.35627465
4707,flo,5.71203,0
4707,flo_fence,5.71203,1.006459948
4707,flo_buff,5.71203,1.003861961
4707,flo_buff_fence,5.71203,1.016851894
4707,spr,5.71203,0.891281773
4707,spr_fence,5.71203,0.909632666
4707,spr_buff,5.71203,0.906103648
4707,spr_buff_fence,5.71203,0.923748738
4708,flo,7.34717,0
4708,flo_fence,7.34717,2.513144116
4708,flo_buff,7.34717,2.506656908
4708,flo_buff_fence,7.34717,2.539092945
4708,spr,7.34717,2.2044855
4708,spr_fence,7.34717,2.251310651
4708,spr_buff,7.34717,2.242305815
4708,spr_buff_fence,7.34717,2.287329999
4709,flo,10.8584,0
4709,flo_fence,10.8584,0.653631638
4709,flo_buff,10.8584,0.651944412
4709,flo_buff_fence,10.8584,0.660380545
4709,spr,10.8584,0.511778448
4709,spr_fence,10.8584,0.526889152
4709,spr_buff,10.8584,0.523983247
4709,spr_buff_fence,10.8584,0.53851277
4710,drip,12.8356,0
4710,drip_fence,12.8356,0.010079407
4710,drip_buff,12.8356,0.008141059
4710,drip_buff_fence,12.8356,0.017832797
4710,flo,12.8356,-0.864408698
4710,flo_fence,12.8356,-0.016073456
4710,flo_buff,12.8356,-0.018263274
4710,flo_buff_fence,12.8356,-0.007314187
4710,spr,12.8356,0
4710,spr_fence,12.8356,0.018898986
4710,spr_buff,12.8356,0.015264566
4710,spr_buff_fence,12.8356,0.033436668
4711,flo,5.09239,-0.967055449
4711,flo_fence,5.09239,0.108215395
4711,flo_buff,5.09239,0.105439786
4711,flo_buff_fence,5.09239,0.11931783
4711,spr,5.09239,0
4711,spr_fence,5.09239,0.02435914
4711,spr_buff,5.09239,0.01967469
4711,spr_buff_fence,5.09239,0.04309694
4712,flo,18.9714,0.042930214
4712,flo_fence,18.9714,0.412364861
4712,flo_buff,18.9714,0.411411235
4712,flo_buff_fence,18.9714,0.416179364
4712,spr,18.9714,0
4712,spr_fence,18.9714,0.008850643
4712,spr_buff,18.9714,0.007148597
4712,spr_buff_fence,18.9714,0.01565883
4713,flo,5.24246,-1.508452947
4713,flo_fence,5.24246,-0.172721986
4713,flo_buff,5.24246,-0.176169923
4713,flo_buff_fence,5.24246,-0.158930236
4713,spr,5.24246,0
4713,spr_fence,5.24246,0.031006057
4713,spr_buff,5.24246,0.025043354
4713,spr_buff_fence,5.24246,0.05485687
4714,flo,6.37304,-1.12843554
4714,flo_fence,6.37304,0.274500162
4714,flo_buff,6.37304,0.270878748
4714,flo_buff_fence,6.37304,0.288985817
4714,spr,6.37304,0
4714,spr_fence,6.37304,0.035320858
4714,spr_buff,6.37304,0.028528385
4714,spr_buff_fence,6.37304,0.062490748
4715,flo,7.97269,-0.017158979
4715,flo_fence,7.97269,0.581124894
4715,flo_buff,7.97269,0.579580538
4715,flo_buff_fence,7.97269,0.587302322
4715,spr,7.97269,0
4715,spr_fence,7.97269,0.015175468
4715,spr_buff,7.97269,0.012257108
4715,spr_buff_fence,7.97269,-0.662507959
4716,flo,1.36626,-4.138365242
4716,flo_fence,1.36626,-0.624606193
4716,flo_buff,1.36626,-0.633676299
4716,flo_buff_fence,1.36626,-0.588325769
4716,spr,1.36626,0
4716,spr_fence,1.36626,0.086999464
4716,spr_buff,1.36626,0.070268798
4716,spr_buff_fence,1.36626,0.153922129
4717,drip,0.384429,-0.574578583
4717,drip_fence,0.384429,-0.460218236
4717,drip_buff,0.384429,-0.482210609
4717,drip_buff_fence,0.384429,-0.372248736
4717,flo,0.384429,0
4717,flo_fence,0.384429,9.811302016
4717,flo_buff,0.384429,9.785975993
4717,flo_buff_fence,0.384429,9.912606117
4717,spr,0.384429,7.289662541
4717,spr_fence,0.384429,7.535164732
4717,spr_buff,0.384429,7.487952774
4717,spr_buff_fence,0.384429,7.724012574
4718,flo,3.61888,0
4718,flo_fence,3.61888,1.054244679
4718,flo_buff,3.61888,1.051523346
4718,flo_buff_fence,3.61888,1.065130014
4718,spr,3.61888,0.78776378
4718,spr_fence,3.61888,0.813930427
4718,spr_buff,3.61888,0.80889838
4718,spr_buff_fence,3.61888,0.834058618
4719,flo,2.89296,0
4719,flo_fence,2.89296,1.054699968
4719,flo_buff,2.89296,1.051977459
4719,flo_buff_fence,2.89296,1.065590004
4719,spr,2.89296,0.776375152
4719,spr_fence,2.89296,0.803111616
4719,spr_buff,2.89296,0.797969988
4719,spr_buff_fence,2.89296,0.823678127
4720,flo,8.0747,0
4720,flo_fence,8.0747,0.3768604
4720,flo_buff,8.0747,0.375887606
4720,flo_buff_fence,8.0747,0.380751576
4720,spr,8.0747,0.272504569
4720,spr_fence,8.0747,0.282291541
4720,spr_buff,8.0747,0.280409431
4720,spr_buff_fence,8.0747,0.289819981
4721,flo,2.58749,0
4721,flo_fence,2.58749,1.537322774
4721,flo_buff,2.58749,1.533354465
4721,flo_buff_fence,2.58749,1.553196009
4721,spr,2.58749,1.139429293
4721,spr_fence,2.58749,1.178029177
4721,spr_buff,2.58749,1.170606123
4721,spr_buff_fence,2.58749,1.207721396
4722,flo,2.54286,0
4722,flo_fence,2.54286,2.383168504
4722,flo_buff,2.54286,2.377016805
4722,flo_buff_fence,2.54286,2.407775304
4722,spr,2.54286,1.727600225
4722,spr_fence,2.54286,1.789283323
4722,spr_buff,2.54286,1.777421189
4722,spr_buff_fence,2.54286,1.83673186
4723,flo,1.82428,0
4723,flo_fence,1.82428,2.822042731
4723,flo_buff,1.82428,2.81475816
4723,flo_buff_fence,1.82428,2.851181014
4723,spr,1.82428,2.142117638
4723,spr_fence,1.82428,2.210570992
4723,spr_buff,1.82428,2.197406886
4723,spr_buff_fence,1.82428,2.26322742
4724,flo,2.88819,0
4724,flo_fence,2.88819,1.668537604
4724,flo_buff,2.88819,1.664230589
4724,flo_buff_fence,2.88819,1.685765664
4724,spr,2.88819,1.249345003
4724,spr_fence,2.88819,1.290636535
4724,spr_buff,2.88819,1.282695855
4724,spr_buff_fence,2.88819,1.322399251
4725,flo,2.43571,0
4725,flo_fence,2.43571,1.915981906
4725,flo_buff,2.43571,1.91103616
4725,flo_buff_fence,2.43571,1.935764889
4725,spr,2.43571,1.461420635
4725,spr_fence,2.43571,1.507559627
4725,spr_buff,2.43571,1.498686744
4725,spr_buff_fence,2.43571,1.543051159
4726,flo,5.99521,0
4726,flo_fence,5.99521,1.336609052
4726,flo_buff,5.99521,1.333158848
4726,flo_buff_fence,5.99521,1.350409868
4726,spr,5.99521,0.99229798
4726,spr_fence,5.99521,1.02578047
4726,spr_buff,5.99521,1.01934153
4726,spr_buff_fence,5.99521,1.051536232
4727,flo,65.7499,0
4727,flo_fence,65.7499,0.134671797
4727,flo_buff,65.7499,0.134324167
4727,flo_buff_fence,65.7499,0.136062316
4727,spr,65.7499,0.097364451
4727,spr_fence,65.7499,0.100862587
4727,spr_buff,65.7499,0.100189868
4727,spr_buff_fence,65.7499,0.10355346
4728,flo,3.14673,0
4728,flo_fence,3.14673,0
4728,flo_buff,3.14673,0
4728,flo_buff_fence,3.14673,0
4728,spr,3.14673,0
4728,spr_fence,3.14673,0
4728,spr_buff,3.14673,0
4728,spr_buff_fence,3.14673,0
4732,flo,34.6755,0
4732,flo_fence,34.6755,0.111933547
4732,flo_buff,34.6755,0.111644612
4732,flo_buff_fence,34.6755,0.113089289
4732,spr,34.6755,0.067226708
4732,spr_fence,34.6755,0.070786523
4732,spr_buff,34.6755,0.070101944
4732,spr_buff_fence,34.6755,0.073524843
4734,flo,25.0747,0
4734,flo_fence,25.0747,0.550852879
4734,flo_buff,25.0747,0.549430957
4734,flo_buff_fence,25.0747,0.55654057
4734,spr,25.0747,0.331342635
4734,spr_fence,25.0747,0.348837407
4734,spr_buff,25.0747,0.345473027
4734,spr_buff_fence,25.0747,0.362294924
4735,flo,2.13382,0
4735,flo_fence,2.13382,6.301451809
4735,flo_buff,2.13382,6.285185801
4735,flo_buff_fence,2.13382,6.366515845
4735,spr,2.13382,3.025160346
4735,spr_fence,2.13382,3.261729696
4735,spr_buff,2.13382,3.216235592
4735,spr_buff_fence,2.13382,3.443706122
4736,flo,4.24815,0
4736,flo_fence,4.24815,5.473148729
4736,flo_buff,4.24815,5.459020828
4736,flo_buff_fence,4.24815,5.529660331
4736,spr,4.24815,3.098232876
4736,spr_fence,4.24815,3.281290852
4736,spr_buff,4.24815,3.246087396
4736,spr_buff_fence,4.24815,3.422104681
4737,flo,5.41716,0
4737,flo_fence,5.41716,3.108869695
4737,flo_buff,5.41716,3.100844735
4737,flo_buff_fence,5.41716,3.140969537
4737,spr,5.41716,1.648378648
4737,spr_fence,5.41716,1.757668501
4737,spr_buff,5.41716,1.736651223
4737,spr_buff_fence,5.41716,1.841737621
4738,flo,16.6878,0
4738,flo_fence,16.6878,0.683326341
4738,flo_buff,16.6878,0.681562463
4738,flo_buff_fence,16.6878,0.690381853
4738,spr,16.6878,0.246227066
4738,spr_fence,16.6878,0.275776713
4738,spr_buff,16.6878,0.270094089
4738,spr_buff_fence,16.6878,0.298507211
4739,flo,5.03837,0
4739,flo_fence,5.03837,1.817371082
4739,flo_buff,5.03837,1.812679881
4739,flo_buff_fence,5.03837,1.836135884
4739,spr,5.03837,0.567992305
4739,spr_fence,5.03837,0.650719145
4739,spr_buff,5.03837,0.634810137
4739,spr_buff_fence,5.03837,0.714355175
4740,flo,8.45364,0
4740,flo_fence,8.45364,5.05229914
4740,flo_buff,8.45364,5.039257583
4740,flo_buff_fence,8.45364,5.104465368
4740,spr,8.45364,3.004778159
4740,spr_fence,8.45364,3.166865915
4740,spr_buff,8.45364,3.135695193
4740,spr_buff_fence,8.45364,3.291548805
4741,flo,29.8448,0
4741,flo_fence,29.8448,0.215674927
4741,flo_buff,29.8448,0.215118203
4741,flo_buff_fence,29.8448,0.217901823
4741,spr,29.8448,0.119887759
4741,spr_fence,29.8448,0.127206163
4741,spr_buff,29.8448,0.125798778
4741,spr_buff_fence,29.8448,0.132835704
4742,flo,4.03471,0
4742,flo_fence,4.03471,2.324000481
4742,flo_buff,4.03471,2.318001512
4742,flo_buff_fence,4.03471,2.347996356
4742,spr,4.03471,1.418237247
4742,spr_fence,4.03471,1.491078008
4742,spr_buff,4.03471,1.477070169
4742,spr_buff_fence,4.03471,1.547109362
4743,flo,7.83046,0
4743,flo_fence,7.83046,0.334437263
4743,flo_buff,7.83046,0.333573976
4743,flo_buff_fence,7.83046,0.337890409
4743,spr,7.83046,0.201170657
4743,spr_fence,7.83046,0.211792011
4743,spr_buff,7.83046,0.209749443
4743,spr_buff_fence,7.83046,0.219962282
4744,flo,4.86985,0
4744,flo_fence,4.86985,1.539993152
4744,flo_buff,4.86985,1.53601795
4744,flo_buff_fence,4.86985,1.555893959
4744,spr,4.86985,0.689922994
4744,spr_fence,4.86985,0.750089238
4744,spr_buff,4.86985,0.738518807
4744,spr_buff_fence,4.86985,0.796370965
4746,flo,2.92854,0
4746,flo_fence,2.92854,3.463897798
4746,flo_buff,2.92854,3.454956399
4746,flo_buff_fence,2.92854,3.499663392
4746,spr,2.92854,1.517090318
4746,spr_fence,2.92854,1.654076648
4746,spr_buff,2.92854,1.627733123
4746,spr_buff_fence,2.92854,1.759450748
4748,flo,9.0328,0
4748,flo_fence,9.0328,2.687953064
4748,flo_buff,9.0328,2.68101462
4748,flo_buff_fence,9.0328,2.715706839
4748,spr,9.0328,1.479517445
4748,spr_fence,9.0328,1.571423815
4748,spr_buff,9.0328,1.553749513
4748,spr_buff_fence,9.0328,1.642121022
4750,flo,3.69711,0
4750,flo_fence,3.69711,14.90140211
4750,flo_buff,3.69711,14.86293695
4750,flo_buff_fence,3.69711,15.05526273
4750,spr,3.69711,9.985947972
4750,spr_fence,3.69711,10.41051133
4750,spr_buff,3.69711,10.32886453
4750,spr_buff_fence,3.69711,10.73709853
4752,flo,5.01739,0
4752,flo_fence,5.01739,6.494100738
4752,flo_buff,5.01739,6.477337442
4752,flo_buff_fence,5.01739,6.56115392
4752,spr,5.01739,3.663432117
4752,spr_fence,5.01739,3.881244087
4752,spr_buff,5.01739,3.839357169
4752,spr_buff_fence,5.01739,4.048791756
4753,flo,9.84271,0
4753,flo_fence,9.84271,5.95550022
4753,flo_buff,9.84271,5.94012722
4753,flo_buff_fence,9.84271,6.016992219
4753,spr,9.84271,3.847887912
4753,spr_fence,9.84271,4.024383354
4753,spr_buff,9.84271,3.990441924
4753,spr_buff_fence,9.84271,4.16014908
4754,flo,6.72943,0
4754,flo_fence,6.72943,3.186587016
4754,flo_buff,6.72943,3.178361443
4754,flo_buff_fence,6.72943,3.219489309
4754,spr,6.72943,2.070059689
4754,spr_fence,6.72943,2.163963829
4754,spr_buff,6.72943,2.14590534
4754,spr_buff_fence,6.72943,2.236197782
4755,flo,1.86303,0
4755,flo_fence,1.86303,31.45276928
4755,flo_buff,1.86303,31.3715799
4755,flo_buff_fence,1.86303,31.77752684
4755,spr,1.86303,22.21786829
4755,spr_fence,1.86303,23.05970627
4755,spr_buff,1.86303,22.89781435
4755,spr_buff_fence,1.86303,23.70727394
4756,flo,1.13313,0
4756,flo_fence,1.13313,11.67199984
4756,flo_buff,1.13313,11.64187078
4756,flo_buff_fence,1.13313,11.7925161
4756,spr,1.13313,7.811590809
4756,spr_fence,1.13313,8.14463042
4756,spr_buff,1.13313,8.08058434
4756,spr_buff_fence,1.13313,8.400814735
4757,flo,17.005,0
4757,flo_fence,17.005,0.564008069
4757,flo_buff,17.005,0.562552189
4757,flo_buff_fence,17.005,0.569831591
4757,spr,17.005,0.463660492
4757,spr_fence,17.005,0.475649022
4757,spr_buff,17.005,0.473343536
4757,spr_buff_fence,17.005,0.484870969
4758,flo,5.08488,0
4758,flo_fence,5.08488,3.722777414
4758,flo_buff,5.08488,3.713167766
4758,flo_buff_fence,5.08488,3.761216003
4758,spr,5.08488,3.045313076
4758,spr_fence,5.08488,3.125163917
4758,spr_buff,5.08488,3.109807986
4758,spr_buff_fence,5.08488,3.186587641
4759,flo,7.16184,0
4759,flo_fence,7.16184,2.470818618
4759,flo_buff,7.16184,2.464440666
4759,flo_buff_fence,7.16184,2.496330427
4759,spr,7.16184,2.021785494
4759,spr_fence,7.16184,2.074754072
4759,spr_buff,7.16184,2.064567807
4759,spr_buff_fence,7.16184,2.115499132
4760,flo,5.56836,0
4760,flo_fence,5.56836,2.580182912
4760,flo_buff,5.56836,2.573522657
4760,flo_buff_fence,5.56836,2.606823934
4760,spr,5.56836,2.088852584
4760,spr_fence,5.56836,2.145233388
4760,spr_buff,5.56836,2.134390925
4760,spr_buff_fence,5.56836,2.188603237
4762,flo,53.2897,0
4762,flo_fence,53.2897,0.386616765
4762,flo_buff,53.2897,0.385618787
4762,flo_buff_fence,53.2897,0.390608678
4762,spr,53.2897,0.337094972
4762,spr_fence,53.2897,0.344395521
4762,spr_buff,53.2897,0.342991569
4762,spr_buff_fence,53.2897,0.350011328
4764,flo,19.6783,0
4764,flo_fence,19.6783,0.893178091
4764,flo_buff,19.6783,0.89087252
4764,flo_buff_fence,19.6783,0.902400374
4764,spr,19.6783,0.782002644
4764,spr_fence,19.6783,0.798714777
4764,spr_buff,19.6783,0.795500906
4764,spr_buff_fence,19.6783,0.811570265
4765,flo,4.49257,0
4765,flo_fence,4.49257,0.97165688
4765,flo_buff,4.49257,0.969148731
4765,flo_buff_fence,4.49257,0.981689476
4765,spr,4.49257,0.861396895
4765,spr_fence,4.49257,0.879068679
4765,spr_buff,4.49257,0.875670259
4765,spr_buff_fence,4.49257,0.892662359
4772,flo,2.29671,0
4772,flo_fence,2.29671,7.19580045
4772,flo_buff,2.29671,7.177225849
4772,flo_buff_fence,2.29671,7.270098854
4772,spr,2.29671,6.369857709
4772,spr_fence,2.29671,6.501176816
4772,spr_buff,2.29671,6.475923142
4772,spr_buff_fence,2.29671,6.602191514
4775,flo,6.58747,0
4775,flo_fence,6.58747,1.250829415
4775,flo_buff,6.58747,1.247600635
4775,flo_buff_fence,6.58747,1.263744535
4775,spr,6.58747,0.90460528
4775,spr_fence,6.58747,0.937082292
4775,spr_buff,6.58747,0.930836713
4775,spr_buff_fence,6.58747,0.96206461
4776,flo,14.225,0
4776,flo_fence,14.225,0.251593436
4776,flo_buff,14.225,0.250943995
4776,flo_buff_fence,14.225,0.2541912
4776,spr,14.225,0.186409178
4776,spr_fence,14.225,0.19272947
4776,spr_buff,14.225,0.191514029
4776,spr_buff_fence,14.225,0.197591232
4778,flo,2.41564,0
4778,flo_fence,2.41564,5.55349686
4778,flo_buff,2.41564,5.539161555
4778,flo_buff_fence,2.41564,5.610838076
4778,spr,2.41564,4.539104188
4778,spr_fence,2.41564,4.658402488
4778,spr_buff,2.41564,4.635460508
4778,spr_buff_fence,2.41564,4.750170412
4780,flo,4.7691,0
4780,flo_fence,4.7691,3.008792316
4780,flo_buff,4.7691,3.001025687
4780,flo_buff_fence,4.7691,3.039858835
4780,spr,4.7691,2.276357053
4780,spr_fence,4.7691,2.349698232
4780,spr_buff,4.7691,2.335594159
4780,spr_buff_fence,4.7691,2.406114522
4787,flo,61.5981,0
4787,flo_fence,61.5981,0.348967852
4787,flo_buff,61.5981,0.348067057
4787,flo_buff_fence,61.5981,0.352571031
4787,spr,61.5981,0.29452836
4787,spr_fence,61.5981,0.301581795
4787,spr_buff,61.5981,0.300225365
4787,spr_buff_fence,61.5981,0.307007515
4788,flo,41.5082,0
4788,flo_fence,41.5082,0.1832259
4788,flo_buff,41.5082,0.182752937
4788,flo_buff_fence,41.5082,0.185117752
4788,spr,41.5082,0.163469875
4788,spr_fence,41.5082,0.166752931
4788,spr_buff,41.5082,0.166121574
4788,spr_buff_fence,41.5082,0.169278359
4789,flo,29.597,0
4789,flo_fence,29.597,0
4789,flo_buff,29.597,0
4789,flo_buff_fence,29.597,0
4789,spr,29.597,0
4789,spr_fence,29.597,0
4789,spr_buff,29.597,0
4789,spr_buff_fence,29.597,0
4790,flo,80.467,0
4790,flo_fence,80.467,0.054636681
4790,flo_buff,80.467,0.054495647
4790,flo_buff_fence,80.467,0.055200818
4790,spr,80.467,0.047920147
4790,spr_fence,80.467,0.048938438
4790,spr_buff,80.467,0.048742613
4790,spr_buff_fence,80.467,0.049721738
4791,flo,44.3675,0
4791,flo_fence,44.3675,0.332526572
4791,flo_buff,44.3675,0.331668217
4791,flo_buff_fence,44.3675,0.33595999
4791,spr,44.3675,0.294126311
4791,spr_fence,44.3675,0.300205794
4791,spr_buff,44.3675,0.299036663
4791,spr_buff_fence,44.3675,0.304882319
4792,flo,82.3448,0
4792,flo_fence,82.3448,0.310373193
4792,flo_buff,82.3448,0.309572024
4792,flo_buff_fence,82.3448,0.313577873
4792,spr,82.3448,0.275088829
4792,spr_fence,82.3448,0.280736735
4792,spr_buff,82.3448,0.279650599
4792,spr_buff_fence,82.3448,0.285081278
4793,flo,63.8739,0
4793,flo_fence,63.8739,0.147835748
4793,flo_buff,63.8739,0.147454138
4793,flo_buff_fence,63.8739,0.149362188
4793,spr,63.8739,0.097301957
4793,spr_fence,63.8739,0.101598206
4793,spr_buff,63.8739,0.100772004
4793,spr_buff_fence,63.8739,0.104903014
4795,flo,40.3102,0
4795,flo_fence,40.3102,1.003496379
4795,flo_buff,40.3102,1.000906042
4795,flo_buff_fence,40.3102,1.013857725
4795,spr,40.3102,0.698745768
4795,spr_fence,40.3102,0.726086035
4795,spr_buff,40.3102,0.720828292
4795,spr_buff_fence,40.3102,0.74711701
4796,flo,140.81,0
4796,flo_fence,140.81,0.151109636
4796,flo_buff,140.81,0.150719575
4796,flo_buff_fence,140.81,0.15266988
4796,spr,140.81,0.096384033
4796,spr_fence,140.81,0.100921745
4796,spr_buff,140.81,0.100049108
4796,spr_buff_fence,140.81,0.104412292
4797,flo,111.857,0
4797,flo_fence,111.857,0.114900756
4797,flo_buff,111.857,0.114604162
4797,flo_buff_fence,111.857,0.116087135
4797,spr,111.857,0.072650664
4797,spr_fence,111.857,0.076131423
4797,spr_buff,111.857,0.075462046
4797,spr_buff_fence,111.857,0.07880893
4798,flo,40.8124,0
4798,flo_fence,40.8124,0.492138982
4798,flo_buff,40.8124,0.490868618
4798,flo_buff_fence,40.8124,0.497220437
4798,spr,40.8124,0.317188575
4798,spr_fence,40.8124,0.331810873
4798,spr_buff,40.8124,0.328998893
4798,spr_buff_fence,40.8124,0.343058794
4799,flo,27.6733,0
4799,flo_fence,27.6733,0.410457995
4799,flo_buff,27.6733,0.409398475
4799,flo_buff_fence,27.6733,0.414696075
4799,spr,27.6733,0.278407523
4799,spr_fence,27.6733,0.289942787
4799,spr_buff,27.6733,0.287724467
4799,spr_buff_fence,27.6733,0.298816067
4804,flo,40.4007,0
4804,flo_fence,40.4007,0.225173529
4804,flo_buff,40.4007,0.224592286
4804,flo_buff_fence,40.4007,0.227498501
4804,spr,40.4007,0.143837164
4804,spr_fence,40.4007,0.15058886
4804,spr_buff,40.4007,0.149290457
4804,spr_buff_fence,40.4007,0.155782473
4805,flo,14.1319,0
4805,flo_fence,14.1319,0.791572189
4805,flo_buff,14.1319,0.789528895
4805,flo_buff_fence,14.1319,0.799745366
4805,spr,14.1319,0.526257531
4805,spr_fence,14.1319,0.549010734
4805,spr_buff,14.1319,0.544635118
4805,spr_buff_fence,14.1319,0.566513198
4806,flo,11.3755,0
4806,flo_fence,11.3755,0.535751382
4806,flo_buff,11.3755,0.534368441
4806,flo_buff_fence,11.3755,0.541283146
4806,spr,11.3755,0.349243936
4806,spr_fence,11.3755,0.364974094
4806,spr_buff,11.3755,0.361949064
4806,spr_buff_fence,11.3755,0.377074216
4807,flo,12.6991,0
4807,flo_fence,12.6991,1.73623431
4807,flo_buff,12.6991,1.731752548
4807,flo_buff_fence,12.6991,1.754161355
4807,spr,12.6991,1.143598259
4807,spr_fence,12.6991,1.194014413
4807,spr_buff,12.6991,1.184318998
4807,spr_buff_fence,12.6991,1.232796069
4808,flo,10.3308,0
4808,flo_fence,10.3308,3.272424365
4808,flo_buff,10.3308,3.263977219
4808,flo_buff_fence,10.3308,3.306212949
4808,spr,10.3308,2.27394852
4808,spr_fence,10.3308,2.363328473
4808,spr_buff,10.3308,2.346140021
4808,spr_buff_fence,10.3308,2.432082284
4811,flo,10.6712,0
4811,flo_fence,10.6712,1.910983709
4811,flo_buff,10.6712,1.906050865
4811,flo_buff_fence,10.6712,1.930715085
4811,spr,10.6712,1.279923306
4811,spr_fence,10.6712,1.334403123
4811,spr_buff,10.6712,1.323926235
4811,spr_buff_fence,10.6712,1.376310675
4813,flo,11.5233,0
4813,flo_fence,11.5233,0.783083603
4813,flo_buff,11.5233,0.78106222
4813,flo_buff_fence,11.5233,0.791169133
4813,spr,11.5233,0.552526647
4813,spr_fence,11.5233,0.573516206
4813,spr_buff,11.5233,0.569479753
4813,spr_buff_fence,11.5233,0.589662021
4814,flo,10.3475,0
4814,flo_fence,10.3475,1.545440078
4814,flo_buff,10.3475,1.541450817
4814,flo_buff_fence,10.3475,1.561397126
4814,spr,10.3475,1.356937433
4814,spr_fence,10.3475,1.385670094
4814,spr_buff,10.3475,1.380144582
4814,spr_buff_fence,10.3475,1.407772141
4816,flo,6.86618,0
4816,flo_fence,6.86618,5.676588457
4816,flo_buff,6.86618,5.661935416
4816,flo_buff_fence,6.86618,5.735200624
4816,spr,6.86618,5.009033103
4816,spr_fence,6.86618,5.113388899
4816,spr_buff,6.86618,5.093320477
4816,spr_buff_fence,6.86618,5.193662588
4818,flo,3.24098,0
4818,flo_fence,3.24098,1.236943329
4818,flo_buff,3.24098,1.233750393
4818,flo_buff_fence,3.24098,1.249715072
4818,spr,3.24098,-0.844689028
4818,spr_fence,3.24098,1.016288722
4818,spr_buff,3.24098,1.010974107
4818,spr_buff_fence,3.24098,1.03754718
4822,flo,7.25814,0
4822,flo_fence,7.25814,1.53709158
4822,flo_buff,7.25814,1.533123868
4822,flo_buff_fence,7.25814,1.552962428
4822,spr,7.25814,0.550841596
4822,spr_fence,7.25814,0.617455502
4822,spr_buff,7.25814,0.604645135
4822,spr_buff_fence,7.25814,0.668696967
4823,flo,15.1317,0
4823,flo_fence,15.1317,3.94585659
4823,flo_buff,15.1317,3.935671106
4823,flo_buff_fence,15.1317,3.986598527
4823,spr,15.1317,2.763049646
4823,spr_fence,15.1317,2.869816184
4823,spr_buff,15.1317,2.849284158
4823,spr_buff_fence,15.1317,2.95194429
4830,flo,4.43109,0
4830,flo_fence,4.43109,2.361012333
4830,flo_buff,4.43109,2.354917825
4830,flo_buff_fence,4.43109,2.385390364
4830,spr,4.43109,2.082515981
4830,spr_fence,4.43109,2.125960036
4830,spr_buff,4.43109,2.11760541
4830,spr_buff_fence,4.43109,2.159378541
4831,flo,8.92089,0
4831,flo_fence,8.92089,0.598296728
4831,flo_buff,8.92089,0.596752338
4831,flo_buff_fence,8.92089,0.604474288
4831,spr,8.92089,0.536403366
4831,spr_fence,8.92089,0.546999077
4831,spr_buff,8.92089,0.54496144
4831,spr_buff_fence,8.92089,0.555149624
4832,flo,10.9837,0
4832,flo_fence,10.9837,1.102949533
4832,flo_buff,10.9837,1.100102477
4832,flo_buff_fence,10.9837,1.114337758
4832,spr,10.9837,0.975561678
4832,spr_fence,10.9837,0.995727473
4832,spr_buff,10.9837,0.991849435
4832,spr_buff_fence,10.9837,1.011239622
4835,flo,2.86667,0
4835,flo_fence,2.86667,1.530942852
4835,flo_buff,2.86667,1.526991011
4835,flo_buff_fence,2.86667,1.546750212
4835,spr,2.86667,1.363972434
4835,spr_fence,2.86667,1.391494424
4835,spr_buff,2.86667,1.386201733
4835,spr_buff_fence,2.86667,1.412665185
4836,flo,6.58246,0
4836,flo_fence,6.58246,0.844787674
4836,flo_buff,6.58246,0.842607015
4836,flo_buff_fence,6.58246,0.853510314
4836,spr,6.58246,0.74675412
4836,spr_fence,6.58246,0.762221844
4836,spr_buff,6.58246,0.759247282
4836,spr_buff_fence,6.58246,0.774120092
4837,flo,6.95311,0
4837,flo_fence,6.95311,0.519298838
4837,flo_buff,6.95311,0.517958366
4837,flo_buff_fence,6.95311,0.524660726
4837,spr,6.95311,0.458929633
4837,spr_fence,6.95311,0.468442885
4837,spr_buff,6.95311,0.466613413
4837,spr_buff_fence,6.95311,0.475760771
4841,flo,2.0542,0
4841,flo_fence,2.0542,19.72066055
4841,flo_buff,2.0542,19.66975538
4841,flo_buff_fence,2.0542,19.92428121
4841,spr,2.0542,17.5243095
4841,spr_fence,2.0542,17.88099941
4841,spr_buff,2.0542,17.81240519
4841,spr_buff_fence,2.0542,18.15537626
4843,flo,3.74448,0
4843,flo_fence,3.74448,0.544551923
4843,flo_buff,3.74448,0.543146265
4843,flo_buff_fence,3.74448,0.550174555
4843,spr,3.74448,0.41724177
4843,spr_fence,3.74448,0.430265512
4843,spr_buff,3.74448,0.427760947
4843,spr_buff_fence,3.74448,0.440283776
4847,flo,5.18231,0
4847,flo_fence,5.18231,0
4847,flo_buff,5.18231,0
4847,flo_buff_fence,5.18231,0
4847,spr,5.18231,0
4847,spr_fence,5.18231,0
4847,spr_buff,5.18231,0
4847,spr_buff_fence,5.18231,0
4848,flo,3.47926,0
4848,flo_fence,3.47926,5.241614738
4848,flo_buff,3.47926,5.228084498
4848,flo_buff_fence,3.47926,5.295735695
4848,spr,3.47926,4.298985141
4848,spr_fence,3.47926,4.410879164
4848,spr_buff,3.47926,4.389361083
4848,spr_buff_fence,3.47926,4.49695149
4850,flo,5.39087,0
4850,flo_fence,5.39087,1.090032289
4850,flo_buff,5.39087,1.087218576
4850,flo_buff_fence,5.39087,1.10128714
4850,spr,5.39087,0.915521641
4850,spr_fence,5.39087,0.937766249
4850,spr_buff,5.39087,0.93348844
4850,spr_buff_fence,5.39087,0.954877486
4851,flo,3.946,0
4851,flo_fence,3.946,3.892004675
4851,flo_buff,3.946,3.881958199
4851,flo_buff_fence,3.946,3.932190578
4851,spr,3.946,3.183031536
4851,spr_fence,3.946,3.266546136
4851,spr_buff,3.946,3.250485636
4851,spr_buff_fence,3.946,3.330788137
4852,flo,3.01268,0
4852,flo_fence,3.01268,4.758694195
4852,flo_buff,3.01268,4.746410524
4852,flo_buff_fence,3.01268,4.807828879
4852,spr,3.01268,3.926506758
4852,spr_fence,3.01268,4.02696815
4852,spr_buff,3.01268,4.007648652
4852,spr_buff_fence,3.01268,4.104246144
4853,flo,14.8283,0
4853,flo_fence,14.8283,0.598991923
4853,flo_buff,14.8283,0.597445738
4853,flo_buff_fence,14.8283,0.605176662
4853,spr,14.8283,0.483480822
4853,spr_fence,14.8283,0.496638646
4853,spr_buff,14.8283,0.494108295
4853,spr_buff_fence,14.8283,0.506760049
4854,flo,4.94062,0
4854,flo_fence,4.94062,0
4854,flo_buff,4.94062,0
4854,flo_buff_fence,4.94062,0
4854,spr,4.94062,0
4854,spr_fence,4.94062,0
4854,spr_buff,4.94062,0
4854,spr_buff_fence,4.94062,0
4856,flo,3.99381,0
4856,flo_fence,3.99381,0
4856,flo_buff,3.99381,0
4856,flo_buff_fence,3.99381,0
4856,spr,3.99381,0
4856,spr_fence,3.99381,0
4856,spr_buff,3.99381,0
4856,spr_buff_fence,3.99381,0
4857,flo,2.04914,0
4857,flo_fence,2.04914,2.249896776
4857,flo_buff,2.04914,2.244089093
4857,flo_buff_fence,2.04914,2.273127513
4857,spr,2.04914,1.990406391
4857,spr_fence,2.04914,2.031524939
4857,spr_buff,2.04914,2.023617526
4857,spr_buff_fence,2.04914,2.063154592
4858,flo,3.57798,0
4858,flo_fence,3.57798,1.122526734
4858,flo_buff,3.57798,1.119629143
4858,flo_buff_fence,3.57798,1.134117098
4858,spr,3.57798,0.98610118
4858,spr_fence,3.57798,1.006947609
4858,spr_buff,3.57798,1.002938681
4858,spr_buff_fence,3.57798,1.022983324
4859,flo,4.33175,0
4859,flo_fence,4.33175,1.030861075
4859,flo_buff,4.33175,1.028200101
4859,flo_buff_fence,4.33175,1.041504968
4859,spr,4.33175,0.913373434
4859,spr_fence,4.33175,0.932146237
4859,spr_buff,4.33175,0.928536083
4859,spr_buff_fence,4.33175,0.946586855
4860,flo,5.44832,0
4860,flo_fence,5.44832,2.08650739
4860,flo_buff,5.44832,2.081121465
4860,flo_buff_fence,5.44832,2.10805109
4860,spr,5.44832,1.811320684
4860,spr_fence,5.44832,1.851097966
4860,spr_buff,5.44832,1.843448489
4860,spr_buff_fence,5.44832,1.881695875
4861,flo,13.7168,0
4861,flo_fence,13.7168,0.942230548
4861,flo_buff,13.7168,0.939798357
4861,flo_buff_fence,13.7168,0.951959309
4861,spr,13.7168,0.837123651
4861,spr_fence,13.7168,0.854173875
4861,spr_buff,13.7168,0.850894985
4861,spr_buff_fence,13.7168,0.867289431
4864,flo,22.4272,0
4864,flo_fence,22.4272,0.808017332
4864,flo_buff,22.4272,0.805931588
4864,flo_buff_fence,22.4272,0.81636031
4864,spr,22.4272,0.728228611
4864,spr_fence,22.4272,0.742357474
4864,spr_buff,22.4272,0.739640385
4864,spr_buff_fence,22.4272,0.75322583
4870,flo,13.6396,0
4870,flo_fence,13.6396,3.764167828
4870,flo_buff,13.6396,3.754451338
4870,flo_buff_fence,13.6396,3.803033784
4870,spr,13.6396,2.388733882
4870,spr_fence,13.6396,2.502350491
4870,spr_buff,13.6396,2.480501143
4870,spr_buff_fence,13.6396,2.589747883
4871,flo,1.32593,0
4871,flo_fence,1.32593,2.232512985
4871,flo_buff,1.32593,2.226750174
4871,flo_buff_fence,1.32593,2.255564229
4871,spr,1.32593,1.73249055
4871,spr_fence,1.32593,1.784840778
4871,spr_buff,1.32593,1.774773426
4871,spr_buff_fence,1.32593,1.825110183
4874,flo,2.59035,0
4874,flo_fence,2.59035,1.605539343
4874,flo_buff,2.59035,1.601394946
4874,flo_buff_fence,2.59035,1.62211693
4874,spr,2.59035,1.329406782
4874,spr_fence,2.59035,1.363080584
4874,spr_buff,2.59035,1.356604853
4874,spr_buff_fence,2.59035,1.388983508
4876,flo,6.84189,0
4876,flo_fence,6.84189,0.879853138
4876,flo_buff,6.84189,0.877581963
4876,flo_buff_fence,6.84189,0.888937837
4876,spr,6.84189,0.727268769
4876,spr_fence,6.84189,0.745782414
4876,spr_buff,6.84189,0.742222098
4876,spr_buff_fence,6.84189,0.76002368
4878,flo,2.70118,0
4878,flo_fence,2.70118,1.35381417
4878,flo_buff,2.70118,1.350319554
4878,flo_buff_fence,2.70118,1.367792633
4878,spr,2.70118,1.114728822
4878,spr_fence,2.70118,1.143420508
4878,spr_buff,2.70118,1.137902876
4878,spr_buff_fence,2.70118,1.165491035
4879,flo,3.27758,0
4879,flo_fence,3.27758,0
4879,flo_buff,3.27758,0
4879,flo_buff_fence,3.27758,0
4879,spr,3.27758,0
4879,spr_fence,3.27758,0
4879,spr_buff,3.27758,0
4879,spr_buff_fence,3.27758,0
4880,flo,3.98294,0
4880,flo_fence,3.98294,1.364611454
4880,flo_buff,3.98294,1.361088967
4880,flo_buff_fence,3.98294,1.378701402
4880,spr,3.98294,1.137011408
4880,spr_fence,3.98294,1.165294203
4880,spr_buff,3.98294,1.159855204
4880,spr_buff_fence,3.98294,1.187050199
4882,flo,7.61464,0
4882,flo_fence,7.61464,0.816613481
4882,flo_buff,7.61464,0.814505548
4882,flo_buff_fence,7.61464,0.825045216
4882,spr,7.61464,0.667926695
4882,spr_fence,7.61464,0.685446308
4882,spr_buff,7.61464,0.682077152
4882,spr_buff_fence,7.61464,0.698922934
4883,flo,3.37229,0
4883,flo_fence,3.37229,3.654333903
4883,flo_buff,3.37229,3.64490093
4883,flo_buff_fence,3.37229,3.692065797
4883,spr,3.37229,2.820356375
4883,spr_fence,3.37229,2.906785269
4883,spr_buff,3.37229,2.890164328
4883,spr_buff_fence,3.37229,2.973269033
4884,flo,5.42455,0
4884,flo_fence,5.42455,17.88789601
4884,flo_buff,5.42455,17.84172178
4884,flo_buff_fence,5.42455,18.07259292
4884,spr,5.42455,14.92128256
4884,spr_fence,5.42455,15.29122223
4884,spr_buff,5.42455,15.22007999
4884,spr_buff_fence,5.42455,15.57579121
4885,flo,2.80509,0
4885,flo_fence,2.80509,1.25208398
4885,flo_buff,2.80509,1.248851961
4885,flo_buff_fence,2.80509,1.265012054
4885,spr,2.80509,1.119391369
4885,spr_fence,2.80509,1.141716252
4885,spr_buff,2.80509,1.137423005
4885,spr_buff_fence,2.80509,1.158889239
4887,flo,4.04377,0
4887,flo_fence,4.04377,2.309140434
4887,flo_buff,4.04377,2.303179824
4887,flo_buff_fence,4.04377,2.332982876
4887,spr,4.04377,2.032102295
4887,spr_fence,4.04377,2.0748138
4887,spr_buff,4.04377,2.066600049
4887,spr_buff_fence,4.04377,2.107668804
4888,flo,2.10844,0
4888,flo_fence,2.10844,4.49943046
4888,flo_buff,2.10844,4.487816029
4888,flo_buff_fence,2.10844,4.545888182
4888,spr,2.10844,3.585272576
4888,spr_fence,2.10844,3.686322989
4888,spr_buff,2.10844,3.666890217
4888,spr_buff_fence,2.10844,3.764054076
4889,flo,3.18533,0
4889,flo_fence,3.18533,5.407938662
4889,flo_buff,3.18533,5.393979089
4889,flo_buff_fence,3.18533,5.463776955
4889,spr,3.18533,3.778934623
4889,spr_fence,3.18533,3.925639368
4889,spr_buff,3.18533,3.897426917
4889,spr_buff_fence,3.18533,4.038489172
4895,flo,4.39135,0
4895,flo_fence,4.39135,7.129578707
4895,flo_buff,4.39135,7.111175045
4895,flo_buff_fence,4.39135,7.203193356
4895,spr,4.39135,4.06394325
4895,spr_fence,4.39135,4.301067838
4895,spr_buff,4.39135,4.255466954
4895,spr_buff_fence,4.39135,4.483471365
4896,flo,4.04837,0
4896,flo_fence,4.04837,7.973506603
4896,flo_buff,4.04837,7.952924501
4896,flo_buff_fence,4.04837,8.055835014
4896,spr,4.04837,5.303055158
4896,spr_fence,4.04837,5.532149925
4896,spr_buff,4.04837,5.48809324
4896,spr_buff_fence,4.04837,5.70837667
4897,flo,2.21228,0
4897,flo_fence,2.21228,8.119976938
4897,flo_buff,2.21228,8.09901675
4897,flo_buff_fence,2.21228,8.203817691
4897,spr,2.21228,5.575958024
4897,spr_fence,2.21228,5.800904619
4897,spr_buff,2.21228,5.757645658
4897,spr_buff_fence,2.21228,5.973940461
4898,flo,1.91341,0
4898,flo_fence,1.91341,0
4898,flo_buff,1.91341,0
4898,flo_buff_fence,1.91341,0
4898,spr,1.91341,0
4898,spr_fence,1.91341,0
4898,spr_buff,1.91341,0
4898,spr_buff_fence,1.91341,0
4899,flo,2.46247,0
4899,flo_fence,2.46247,6.247820466
4899,flo_buff,2.46247,6.231692896
4899,flo_buff_fence,2.46247,6.312330744
4899,spr,2.46247,5.022225879
4899,spr_fence,2.46247,5.160457395
4899,spr_buff,2.46247,5.133874411
4899,spr_buff_fence,2.46247,5.26678933
4901,flo,6.58105,0
4901,flo_fence,6.58105,1.318482865
4901,flo_buff,6.58105,1.31507945
4901,flo_buff_fence,6.58105,1.332096524
4901,spr,6.58105,0.90528216
4901,spr_fence,6.58105,0.941813391
4901,spr_buff,6.58105,0.934788154
4901,spr_buff_fence,6.58105,0.969914337
4902,flo,7.52128,0
4902,flo_fence,7.52128,3.933789753
4902,flo_buff,7.52128,3.923635417
4902,flo_buff_fence,7.52128,3.974407097
4902,spr,7.52128,2.893998879
4902,spr_fence,7.52128,2.99380087
4902,spr_buff,7.52128,2.974608179
4902,spr_buff_fence,7.52128,3.070571632
4903,flo,4.31191,0
4903,flo_fence,4.31191,4.76273691
4903,flo_buff,4.31191,4.750442804
4903,flo_buff_fence,4.31191,4.811913337
4903,spr,4.31191,3.425173032
4903,spr_fence,4.31191,3.549751648
4903,spr_buff,4.31191,3.525794223
4903,spr_buff_fence,4.31191,3.645581355
4904,flo,2.8723,0
4904,flo_fence,2.8723,13.85935875
4904,flo_buff,2.8723,13.82358343
4904,flo_buff_fence,2.8723,14.00246003
4904,spr,2.8723,10.24012453
4904,spr_fence,2.8723,10.58964203
4904,spr_buff,2.8723,10.52242713
4904,spr_buff_fence,2.8723,10.85850164
4905,flo,21.7597,0
4905,flo_fence,21.7597,1.254938162
4905,flo_buff,21.7597,1.251698776
4905,flo_buff_fence,21.7597,1.267895706
4905,spr,21.7597,0.843826081
4905,spr_fence,21.7597,0.879445521
4905,spr_buff,21.7597,0.872595629
4905,spr_buff_fence,21.7597,0.90684509
4906,flo,14.6794,0
4906,flo_fence,14.6794,3.574896072
4906,flo_buff,14.6794,3.565668152
4906,flo_buff_fence,14.6794,3.611807751
4906,spr,14.6794,2.588284817
4906,spr_fence,14.6794,2.680966478
4906,spr_buff,14.6794,2.663143082
4906,spr_buff_fence,14.6794,2.752260064
4907,flo,16.1913,0
4907,flo_fence,16.1913,2.094913463
4907,flo_buff,16.1913,2.089505839
4907,flo_buff_fence,16.1913,2.116543958
4907,spr,16.1913,1.456725921
4907,spr_fence,16.1913,1.513896418
4907,spr_buff,16.1913,1.502902091
4907,spr_buff_fence,16.1913,1.557873722
4908,flo,7.08388,0
4908,flo_fence,7.08388,5.632408472
4908,flo_buff,7.08388,5.617869473
4908,flo_buff_fence,7.08388,5.690564472
4908,spr,7.08388,3.936203808
4908,spr_fence,7.08388,4.088978124
4908,spr_buff,7.08388,4.059598447
4908,spr_buff_fence,7.08388,4.206496828
4909,flo,17.3613,0
4909,flo_fence,17.3613,2.124836209
4909,flo_buff,17.3613,2.119351345
4909,flo_buff_fence,17.3613,2.146775664
4909,spr,17.3613,1.436945363
4909,spr_fence,17.3613,1.496865204
4909,spr_buff,17.3613,1.485342158
4909,spr_buff_fence,17.3613,1.54295739
4912,flo,9.47371,0
4912,flo_fence,9.47371,1.060223274
4912,flo_buff,9.47371,1.057486508
4912,flo_buff_fence,9.47371,1.07117034
4912,spr,9.47371,0.729480257
4912,spr_fence,9.47371,0.758783434
4912,spr_buff,9.47371,0.753148208
4912,spr_buff_fence,9.47371,0.781324339
4913,flo,18.6107,0
4913,flo_fence,18.6107,6.61100531
4913,flo_buff,18.6107,6.593940247
4913,flo_buff_fence,18.6107,6.679265561
4913,spr,18.6107,6.066989329
4913,spr_fence,18.6107,6.177407543
4913,spr_buff,18.6107,6.156173272
4913,spr_buff_fence,18.6107,6.262344632
4914,flo,5.23252,0
4914,flo_fence,5.23252,6.614681186
4914,flo_buff,5.23252,6.597606635
4914,flo_buff_fence,5.23252,6.682979392
4914,spr,5.23252,5.652984814
4914,spr_fence,5.23252,5.783339561
4914,spr_buff,5.23252,5.758271342
4914,spr_buff_fence,5.23252,5.883612445
4916,flo,2.94754,0
4916,flo_fence,2.94754,8.377626745
4916,flo_buff,2.94754,8.356001482
4916,flo_buff_fence,2.94754,8.464127795
4916,spr,2.94754,5.149204526
4916,spr_fence,2.94754,5.410035456
4916,spr_buff,2.94754,5.359875662
4916,spr_buff_fence,2.94754,5.610674633
4917,flo,4.36862,0
4917,flo_fence,4.36862,1.972663717
4917,flo_buff,4.36862,1.967571658
4917,flo_buff_fence,4.36862,1.993031954
4917,spr,4.36862,0.996559087
4917,spr_fence,4.36862,1.068258077
4917,spr_buff,4.36862,1.05446981
4917,spr_buff_fence,4.36862,1.123411146
4919,flo,2.44688,0
4919,flo_fence,2.44688,0
4919,flo_buff,2.44688,0
4919,flo_buff_fence,2.44688,0
4919,spr,2.44688,0
4919,spr_fence,2.44688,0
4919,spr_buff,2.44688,0
4919,spr_buff_fence,2.44688,0
4920,flo,2.17237,0
4920,flo_fence,2.17237,2.246001509
4920,flo_buff,2.17237,2.24020388
4920,flo_buff_fence,2.17237,2.269192025
4920,spr,2.17237,1.68225247
4920,spr_fence,2.17237,1.73780973
4920,spr_buff,2.17237,1.727125642
4920,spr_buff_fence,2.17237,1.780546084
4921,flo,3.15746,0
4921,flo_fence,3.15746,1.11200014
4921,flo_buff,3.15746,1.109129721
4921,flo_buff_fence,3.15746,1.123481814
4921,spr,3.15746,0.817526089
4921,spr_fence,3.15746,0.845764069
4921,spr_buff,3.15746,0.840333688
4921,spr_buff_fence,3.15746,0.867485592
4923,flo,3.57591,0
4923,flo_fence,3.57591,2.341929926
4923,flo_buff,3.57591,2.335884676
4923,flo_buff_fence,3.57591,2.366110927
4923,spr,3.57591,1.859070455
4923,spr_fence,3.57591,1.912002145
4923,spr_buff,3.57591,1.901822974
4923,spr_buff_fence,3.57591,1.952718829
4924,flo,5.54284,0
4924,flo_fence,5.54284,0.915854713
4924,flo_buff,5.54284,0.913490607
4924,flo_buff_fence,5.54284,0.925311137
4924,spr,5.54284,0.810952675
4924,spr_fence,5.54284,0.827655964
4924,spr_buff,5.54284,0.824443793
4924,spr_buff_fence,5.54284,0.840504648
4929,flo,6.31677,0
4929,flo_fence,6.31677,2.213929576
4929,flo_buff,6.31677,2.208214734
4929,flo_buff_fence,6.31677,2.236788941
4929,spr,6.31677,1.812493135
4929,spr_fence,6.31677,1.859911228
4929,spr_buff,6.31677,1.850792364
4929,spr_buff_fence,6.31677,1.896386684
4931,flo,3.31462,0
4931,flo_fence,3.31462,2.025027308
4931,flo_buff,3.31462,2.019800082
4931,flo_buff_fence,3.31462,2.045936212
4931,spr,3.31462,1.692094852
4931,spr_fence,3.31462,1.733835993
4931,spr_buff,3.31462,1.72580885
4931,spr_buff_fence,3.31462,1.765944562
4932,flo,1.09795,0
4932,flo_fence,1.09795,7.339735323
4932,flo_buff,1.09795,7.320789182
4932,flo_buff_fence,1.09795,7.415519891
4932,spr,1.09795,6.143517402
4932,spr_fence,1.09795,6.294308672
4932,spr_buff,1.09795,6.265310351
4932,spr_buff_fence,1.09795,6.410301956
4933,flo,3.38121,0
4933,flo_fence,3.38121,9.716163499
4933,flo_buff,3.38121,9.691083056
4933,flo_buff_fence,3.38121,9.81648527
4933,spr,3.38121,7.993681932
4933,spr_fence,3.38121,8.199912773
4933,spr_buff,3.38121,8.160252994
4933,spr_buff_fence,3.38121,8.358551878
4934,flo,2.37109,0
4934,flo_fence,2.37109,5.386400714
4934,flo_buff,2.37109,5.372496737
4934,flo_buff_fence,2.37109,5.442016622
4934,spr,2.37109,4.44868094
4934,spr_fence,2.37109,4.562192053
4934,spr_buff,2.37109,4.540362993
4934,spr_buff_fence,2.37109,4.649508294
4935,flo,2.9812,0
4935,flo_fence,2.9812,1.267829229
4935,flo_buff,2.9812,1.264556568
4935,flo_buff_fence,2.9812,1.280919877
4935,spr,2.9812,1.057167822
4935,spr_fence,2.9812,1.083406786
4935,spr_buff,2.9812,1.078360832
4935,spr_buff_fence,2.9812,1.103590605
4936,flo,3.60741,0
4936,flo_fence,3.60741,7.956040832
4936,flo_buff,3.60741,7.935503814
4936,flo_buff_fence,3.60741,8.038188905
4936,spr,3.60741,6.51211997
4936,spr_fence,3.60741,6.682585246
4936,spr_buff,3.60741,6.649803461
4936,spr_buff_fence,3.60741,6.813712379
4938,flo,8.84275,0
4938,flo_fence,8.84275,2.684639715
4938,flo_buff,8.84275,2.677709825
4938,flo_buff_fence,8.84275,2.712359279
4938,spr,8.84275,2.34972593
4938,spr_fence,8.84275,2.399993665
4938,spr_buff,8.84275,2.390326793
4938,spr_buff_fence,8.84275,2.438661153
4939,flo,5.28419,0
4939,flo_fence,5.28419,2.581014707
4939,flo_buff,5.28419,2.574352305
4939,flo_buff_fence,5.28419,2.607664317
4939,spr,5.28419,2.305680776
4939,spr_fence,5.28419,2.351786671
4939,spr_buff,5.28419,2.342920153
4939,spr_buff_fence,5.28419,2.387252744
4940,flo,10.6698,0
4940,flo_fence,10.6698,0.913718136
4940,flo_buff,10.6698,0.911359545
4940,flo_buff_fence,10.6698,0.9231525
4940,spr,10.6698,0.794696032
4940,spr_fence,10.6698,0.812044393
4940,spr_buff,10.6698,0.80870817
4940,spr_buff_fence,10.6698,0.825389285
4941,flo,8.67576,0
4941,flo_fence,8.67576,1.519333791
4941,flo_buff,8.67576,1.515411917
4941,flo_buff_fence,8.67576,1.535021285
4941,spr,8.67576,1.214908142
4941,spr_fence,8.67576,1.248827213
4941,spr_buff,8.67576,1.242304314
4941,spr_buff_fence,8.67576,1.274918806
4942,flo,5.56651,0
4942,flo_fence,5.56651,2.81859819
4942,flo_buff,5.56651,2.811322511
4942,flo_buff_fence,5.56651,2.847700907
4942,spr,5.56651,2.242880185
4942,spr_fence,5.56651,2.306327264
4942,spr_buff,5.56651,2.294125903
4942,spr_buff_fence,5.56651,2.355132709
4945,flo,20.5556,0
4945,flo_fence,20.5556,0.633715093
4945,flo_buff,20.5556,0.632079277
4945,flo_buff_fence,20.5556,0.640258357
4945,spr,20.5556,0.504117056
4945,spr_fence,20.5556,0.518389575
4945,spr_buff,20.5556,0.51564486
4945,spr_buff_fence,20.5556,0.529368435
4946,flo,8.46283,0
4946,flo_fence,8.46283,1.746151946
4946,flo_buff,8.46283,1.741644584
4946,flo_buff_fence,8.46283,1.764181393
4946,spr,8.46283,1.567691665
4946,spr_fence,8.46283,1.598511946
4946,spr_buff,8.46283,1.592584969
4946,spr_buff_fence,8.46283,1.622219854
4947,flo,3.9071,0
4947,flo_fence,3.9071,0
4947,flo_buff,3.9071,0
4947,flo_buff_fence,3.9071,0
4947,spr,3.9071,0
4947,spr_fence,3.9071,0
4947,spr_buff,3.9071,0
4947,spr_buff_fence,3.9071,0
4948,flo,9.42975,0
4948,flo_fence,9.42975,7.039426094
4948,flo_buff,9.42975,7.021255145
4948,flo_buff_fence,9.42975,7.112109895
4948,spr,9.42975,6.033676445
4948,spr_fence,9.42975,6.171558754
4948,spr_buff,9.42975,6.145042925
4948,spr_buff_fence,9.42975,6.277622067
4949,flo,3.67324,0
4949,flo_fence,3.67324,22.71496365
4949,flo_buff,3.67324,22.65632926
4949,flo_buff_fence,3.67324,22.94950122
4949,spr,3.67324,20.60387754
4949,spr_fence,3.67324,20.9947853
4949,spr_buff,3.67324,20.91961073
4949,spr_buff_fence,3.67324,21.29548358
4950,flo,3.09289,0
4950,flo_fence,3.09289,3.557354345
4950,flo_buff,3.09289,3.548171706
4950,flo_buff_fence,3.09289,3.594084901
4950,spr,3.09289,2.692685391
4950,spr_fence,3.09289,2.77933603
4950,spr_buff,3.09289,2.762672446
4950,spr_buff_fence,3.09289,2.845990367
4951,flo,2.0307,0
4951,flo_fence,2.0307,3.993931043
4951,flo_buff,2.0307,3.983621464
4951,flo_buff_fence,2.0307,4.03516936
4951,spr,2.0307,3.15382864
4951,spr_fence,2.0307,3.244890481
4951,spr_buff,2.0307,3.227378589
4951,spr_buff_fence,2.0307,3.314938051
4952,flo,3.34397,0
4952,flo_fence,3.34397,5.478892887
4952,flo_buff,3.34397,5.464750159
4952,flo_buff_fence,3.34397,5.5354638
4952,spr,3.34397,4.272502393
4952,spr_fence,3.34397,4.399989737
4952,spr_buff,3.34397,4.37547294
4952,spr_buff_fence,3.34397,4.498056925
4953,flo,4.04654,0
4953,flo_fence,4.04654,4.578354627
4953,flo_buff,4.04654,4.566536468
4953,flo_buff_fence,4.04654,4.625627261
4953,spr,4.04654,3.657230511
4953,spr_fence,4.04654,3.759621587
4953,spr_buff,4.04654,3.739930996
4953,spr_buff_fence,4.04654,3.838383954
4954,flo,2.6051,0
4954,flo_fence,2.6051,11.67888673
4954,flo_buff,2.6051,11.64873988
4954,flo_buff_fence,2.6051,11.7994741
4954,spr,2.6051,9.377255025
4954,spr_fence,2.6051,9.636155182
4954,spr_buff,2.6051,9.586366691
4954,spr_buff_fence,2.6051,9.83530915
4958,flo,4.68904,0
4958,flo_fence,4.68904,6.532638335
4958,flo_buff,4.68904,6.515775562
4958,flo_buff_fence,4.68904,6.600089428
4958,spr,4.68904,5.298351247
4958,spr_fence,4.68904,5.440637698
4958,spr_buff,4.68904,5.41327492
4958,spr_buff_fence,4.68904,5.550088816
4960,flo,10.1207,0
4960,flo_fence,10.1207,0.34056524
4960,flo_buff,10.1207,0.339686135
4960,flo_buff_fence,10.1207,0.34408166
4960,spr,10.1207,0.302671751
4960,spr_fence,10.1207,0.308829865
4960,spr_buff,10.1207,0.307645613
4960,spr_buff_fence,10.1207,0.313566876
4962,flo,4.71701,0
4962,flo_fence,4.71701,0
4962,flo_buff,4.71701,0
4962,flo_buff_fence,4.71701,0
4962,spr,4.71701,0
4962,spr_fence,4.71701,0
4962,spr_buff,4.71701,0
4962,spr_buff_fence,4.71701,0
4963,flo,7.33346,0
4963,flo_fence,7.33346,0
4963,flo_buff,7.33346,0
4963,flo_buff_fence,7.33346,0
4963,spr,7.33346,0
4963,spr_fence,7.33346,0
4963,spr_buff,7.33346,0
4963,spr_buff_fence,7.33346,0
4964,flo,10.7112,0
4964,flo_fence,10.7112,1.301084665
4964,flo_buff,10.7112,1.297726161
4964,flo_buff_fence,10.7112,1.314518683
4964,spr,10.7112,1.043491437
4964,spr_fence,10.7112,1.072390375
4964,spr_buff,10.7112,1.066832887
4964,spr_buff_fence,10.7112,1.094620328
4965,flo,6.09826,0
4965,flo_fence,6.09826,1.960826718
4965,flo_buff,6.09826,1.955765213
4965,flo_buff_fence,6.09826,1.981072734
4965,spr,6.09826,1.574382545
4965,spr_fence,6.09826,1.617851145
4965,spr_buff,6.09826,1.609491799
4965,spr_buff_fence,6.09826,1.65128853
4966,flo,7.03103,0
4966,flo_fence,7.03103,3.765838594
4966,flo_buff,7.03103,3.756117792
4966,flo_buff_fence,7.03103,3.804721801
4966,spr,7.03103,2.941966618
4966,spr_fence,7.03103,3.029339731
4966,spr_buff,7.03103,3.012537209
4966,spr_buff_fence,7.03103,3.096549817
4967,flo,7.42701,0
4967,flo_fence,7.42701,2.846678671
4967,flo_buff,7.42701,2.839330508
4967,flo_buff_fence,7.42701,2.876071327
4967,spr,7.42701,2.036855712
4967,spr_fence,7.42701,2.111809616
4967,spr_buff,7.42701,2.097395404
4967,spr_buff_fence,7.42701,2.169466466